"query","clicks","impressions","ctr","position","start_date","end_date"
"global health","17","116","0.14655172413793102","3.1379310344827585","2026-05-31","2026-08-28"
"telmo coelho psiquiatra","6","16","0.375","2.625","2026-05-31","2026-08-28"
"dr telmo coelho psiquiatra","5","34","0.14705882352941177","2.5","2026-05-31","2026-08-28"
"globalhealth","3","11","0.2727272727272727","1.6363636363636362","2026-05-31","2026-08-28"
"dr telmo coelho","2","9","0.2222222222222222","2","2026-05-31","2026-08-28"
"dr telmo psiquiatra","2","7","0.2857142857142857","2","2026-05-31","2026-08-28"
"global health online","2","3","0.6666666666666666","5","2026-05-31","2026-08-28"
"atestado medico para carta de condução","1","30","0.03333333333333333","40.03333333333333","2026-05-31","2026-08-28"
"atestado médico online","1","36","0.027777777777777776","18.52777777777778","2026-05-31","2026-08-28"
"atestados médicos online","1","5","0.2","13","2026-05-31","2026-08-28"
"global hc","1","1","1","2","2026-05-31","2026-08-28"
"global health medical center","1","1","1","3","2026-05-31","2026-08-28"
"help global consulta online","1","1","1","8","2026-05-31","2026-08-28"
"my global health","1","2","0.5","1","2026-05-31","2026-08-28"
"tabela registo tensão arterial","1","10","0.1","7.3","2026-05-31","2026-08-28"
"10 mmhg","0","1","0","10","2026-05-31","2026-08-28"
"105 56","0","1","0","5","2026-05-31","2026-08-28"
"13 de agosto de 2026","0","1","0","5","2026-05-31","2026-08-28"
"adhd test free","0","1","0","47","2026-05-31","2026-08-28"
"adhd teste","0","1","0","61","2026-05-31","2026-08-28"
"adhd tests free","0","1","0","52","2026-05-31","2026-08-28"
"agendações online portugal","0","5","0","52.4","2026-05-31","2026-08-28"
"alfredo del valle moreno montañez","0","2","0","10","2026-05-31","2026-08-28"
"amanhã é o último dia","0","1","0","2","2026-05-31","2026-08-28"
"analises hormonais","0","1","0","30","2026-05-31","2026-08-28"
"arzt für allgemeinmedizin in der nähe","0","1","0","11","2026-05-31","2026-08-28"
"arzt in nähe","0","1","0","12","2026-05-31","2026-08-28"
"ate quantos dias o medico pode dar atestado","0","1","0","3","2026-05-31","2026-08-28"
"atestado carta condução","0","1","0","51","2026-05-31","2026-08-28"
"atestado carta de condução","0","3","0","49","2026-05-31","2026-08-28"
"atestado imt","0","1","0","28","2026-05-31","2026-08-28"
"atestado medico","0","22","0","51.04545454545455","2026-05-31","2026-08-28"
"atestado medico barato","0","1","0","8","2026-05-31","2026-08-28"
"atestado medico carta condução","0","6","0","51.833333333333336","2026-05-31","2026-08-28"
"atestado medico consulta online","0","1","0","11","2026-05-31","2026-08-28"
"atestado medico imt","0","3","0","27.666666666666668","2026-05-31","2026-08-28"
"atestado medico on line","0","3","0","10.666666666666666","2026-05-31","2026-08-28"
"atestado medico online","0","13","0","17","2026-05-31","2026-08-28"
"atestado medico para carta de condução online","0","1","0","35","2026-05-31","2026-08-28"
"atestado médico","0","22","0","53.13636363636363","2026-05-31","2026-08-28"
"atestado médico carta de condução","0","5","0","43.2","2026-05-31","2026-08-28"
"atestado médico eletrónico","0","2","0","37","2026-05-31","2026-08-28"
"atestado médico eletrónico imt","0","3","0","34","2026-05-31","2026-08-28"
"atestado médico imt","0","2","0","29","2026-05-31","2026-08-28"
"atestado médico on line","0","1","0","8","2026-05-31","2026-08-28"
"atestado médico para carta de condução","0","34","0","38.411764705882355","2026-05-31","2026-08-28"
"atestado on line","0","1","0","9","2026-05-31","2026-08-28"
"atestado online","0","9","0","10","2026-05-31","2026-08-28"
"atestado para carta de condução","0","2","0","52","2026-05-31","2026-08-28"
"atestado para carta de condução online","0","1","0","4","2026-05-31","2026-08-28"
"atestado.medico online","0","1","0","11","2026-05-31","2026-08-28"
"atestados carta de condução","0","2","0","50","2026-05-31","2026-08-28"
"atestados medico","0","1","0","58","2026-05-31","2026-08-28"
"atestados medicos","0","4","0","44.5","2026-05-31","2026-08-28"
"atestados medicos carta condução","0","1","0","53","2026-05-31","2026-08-28"
"atestados medicos online","0","5","0","10.4","2026-05-31","2026-08-28"
"atestados médico","0","1","0","51","2026-05-31","2026-08-28"
"atestados online","0","1","0","11","2026-05-31","2026-08-28"
"auto declaração de doença","0","1","0","3","2026-05-31","2026-08-28"
"autodeclaração de doença","0","1","0","10","2026-05-31","2026-08-28"
"avalia","0","1","0","8","2026-05-31","2026-08-28"
"averbamento grupo 2","0","2","0","1","2026-05-31","2026-08-28"
"b e b1","0","1","0","2","2026-05-31","2026-08-28"
"baixa medica","0","1","0","3","2026-05-31","2026-08-28"
"baixa médica 5 dias úteis","0","1","0","3","2026-05-31","2026-08-28"
"baixa médica dias úteis ou seguidos","0","1","0","3","2026-05-31","2026-08-28"
"baja medica","0","1","0","7","2026-05-31","2026-08-28"
"beauty focus multibeauty","0","2","0","6","2026-05-31","2026-08-28"
"best doctors online","0","1","0","10","2026-05-31","2026-08-28"
"best ones","0","1","0","1","2026-05-31","2026-08-28"
"blood pressure chart europe","0","1","0","5","2026-05-31","2026-08-28"
"blood pressure chart in europe","0","1","0","8","2026-05-31","2026-08-28"
"bmi","0","3","0","42","2026-05-31","2026-08-28"
"bmi index","0","1","0","64","2026-05-31","2026-08-28"
"bmi scale","0","1","0","52","2026-05-31","2026-08-28"
"body adjustment clinic","0","1","0","3","2026-05-31","2026-08-28"
"book a consultation","0","1","0","9","2026-05-31","2026-08-28"
"book appointment with gp","0","1","0","8","2026-05-31","2026-08-28"
"book consultation","0","1","0","1","2026-05-31","2026-08-28"
"booking a gp appointment","0","1","0","11","2026-05-31","2026-08-28"
"calculadora da fertilidade","0","1","0","57","2026-05-31","2026-08-28"
"calculadora da ovulação","0","1","0","39","2026-05-31","2026-08-28"
"calculadora data parto","0","1","0","47","2026-05-31","2026-08-28"
"calculadora de calorias","0","1","0","30","2026-05-31","2026-08-28"
"calculadora de calorias de alimentos","0","1","0","35","2026-05-31","2026-08-28"
"calculadora de calorias diárias","0","1","0","29","2026-05-31","2026-08-28"
"calculadora de calorias gratuito","0","1","0","33","2026-05-31","2026-08-28"
"calculadora de gravidez semanas e dias","0","1","0","52","2026-05-31","2026-08-28"
"calculadora de imc homem","0","1","0","46","2026-05-31","2026-08-28"
"calculadora de imc online","0","1","0","46","2026-05-31","2026-08-28"
"calculadora de ovulação","0","1","0","37","2026-05-31","2026-08-28"
"calculadora de periodo fertil","0","1","0","65","2026-05-31","2026-08-28"
"calculadora de semanas","0","1","0","51","2026-05-31","2026-08-28"
"calculadora do periodo fertil","0","1","0","65","2026-05-31","2026-08-28"
"calculadora fertil","0","1","0","48","2026-05-31","2026-08-28"
"calculadora fertilidade","0","1","0","51","2026-05-31","2026-08-28"
"calculadora gasto calorico","0","1","0","42","2026-05-31","2026-08-28"
"calculadora gravidez data parto","0","1","0","43","2026-05-31","2026-08-28"
"calculadora imc","0","4","0","52","2026-05-31","2026-08-28"
"calculadora imc adulto","0","1","0","53","2026-05-31","2026-08-28"
"calculadora massa corporal","0","1","0","50","2026-05-31","2026-08-28"
"calculadora menstrual irregular","0","2","0","55.5","2026-05-31","2026-08-28"
"calculadora menstrual online","0","1","0","48","2026-05-31","2026-08-28"
"calculadora nascimento","0","1","0","54","2026-05-31","2026-08-28"
"calculadora online imc","0","1","0","48","2026-05-31","2026-08-28"
"calculadora parto","0","1","0","43","2026-05-31","2026-08-28"
"calculadora periodo fertil e ovulação","0","1","0","68","2026-05-31","2026-08-28"
"calculadora periodo fertil irregular","0","1","0","65","2026-05-31","2026-08-28"
"calculadora tensão arterial","0","7","0","7","2026-05-31","2026-08-28"
"calculadora índice de massa corporal","0","1","0","55","2026-05-31","2026-08-28"
"calcular calorias diarias","0","1","0","37","2026-05-31","2026-08-28"
"calcular calorias para emagrecer","0","1","0","42","2026-05-31","2026-08-28"
"calcular ciclo menstrual","0","1","0","68","2026-05-31","2026-08-28"
"calcular data de parto","0","1","0","55","2026-05-31","2026-08-28"
"calcular data do parto","0","1","0","48","2026-05-31","2026-08-28"
"calcular data prevista parto","0","1","0","49","2026-05-31","2026-08-28"
"calcular data provavel do parto","0","1","0","47","2026-05-31","2026-08-28"
"calcular data provavel parto","0","1","0","49","2026-05-31","2026-08-28"
"calcular dias ferteis","0","1","0","35","2026-05-31","2026-08-28"
"calcular imc","0","2","0","52.5","2026-05-31","2026-08-28"
"calcular imc homem","0","1","0","48","2026-05-31","2026-08-28"
"calcular imc mulher","0","2","0","55.5","2026-05-31","2026-08-28"
"calcular imc online","0","1","0","45","2026-05-31","2026-08-28"
"calcular indice de massa corporal","0","1","0","59","2026-05-31","2026-08-28"
"calcular nascimento","0","1","0","74","2026-05-31","2026-08-28"
"calcular nascimento do bebe","0","1","0","82","2026-05-31","2026-08-28"
"calcular o imc","0","2","0","62","2026-05-31","2026-08-28"
"calcular ovulação periodo fertil","0","1","0","57","2026-05-31","2026-08-28"
"calcular periodo","0","1","0","64","2026-05-31","2026-08-28"
"calcular periodo fertil","0","14","0","78.85714285714286","2026-05-31","2026-08-28"
"calcular periodo menstrual","0","1","0","65","2026-05-31","2026-08-28"
"calcular período fértil","0","1","0","73","2026-05-31","2026-08-28"
"calcular período fértil irregular","0","7","0","80.42857142857143","2026-05-31","2026-08-28"
"calcular semanas","0","2","0","57","2026-05-31","2026-08-28"
"calcular tempo gravidez","0","1","0","49","2026-05-31","2026-08-28"
"calculo ciclo menstrual","0","1","0","53","2026-05-31","2026-08-28"
"calculo do periodo fertil","0","1","0","73","2026-05-31","2026-08-28"
"calculo imc","0","1","0","55","2026-05-31","2026-08-28"
"calculo indice massa corporal","0","2","0","59.5","2026-05-31","2026-08-28"
"calculo nascimento bebe","0","1","0","57","2026-05-31","2026-08-28"
"calculo online imc","0","1","0","46","2026-05-31","2026-08-28"
"calendario da ovulação","0","1","0","54","2026-05-31","2026-08-28"
"calendario de ovulação","0","2","0","53","2026-05-31","2026-08-28"
"calendario fertilidade","0","1","0","57","2026-05-31","2026-08-28"
"calendario gestacional","0","1","0","76","2026-05-31","2026-08-28"
"calendário de gravidez","0","2","0","76.5","2026-05-31","2026-08-28"
"calendário fértil","0","1","0","81","2026-05-31","2026-08-28"
"calendário gravidez","0","1","0","77","2026-05-31","2026-08-28"
"calendário menstrual período fértil","0","1","0","79","2026-05-31","2026-08-28"
"calendário ovulação","0","1","0","39","2026-05-31","2026-08-28"
"calorias","0","1","0","46","2026-05-31","2026-08-28"
"calorias contador","0","1","0","40","2026-05-31","2026-08-28"
"calorias contar","0","2","0","39","2026-05-31","2026-08-28"
"calorias diárias","0","1","0","40","2026-05-31","2026-08-28"
"calorias por dia","0","1","0","44","2026-05-31","2026-08-28"
"caloriaspordia","0","1","0","9","2026-05-31","2026-08-28"
"calorie maintenance calculator under 18","0","1","0","9","2026-05-31","2026-08-28"
"cardiologia","0","2","0","45.5","2026-05-31","2026-08-28"
"cardiologista online","0","1","0","8","2026-05-31","2026-08-28"
"carta condução preço","0","1","0","1","2026-05-31","2026-08-28"
"carta de condução","0","2","0","8","2026-05-31","2026-08-28"
"carta de condução preços","0","1","0","1","2026-05-31","2026-08-28"
"cartas de condução","0","1","0","1","2026-05-31","2026-08-28"
"categoria b","0","1","0","3","2026-05-31","2026-08-28"
"categoria c","0","1","0","3","2026-05-31","2026-08-28"
"categoria e","0","1","0","3","2026-05-31","2026-08-28"
"categorias da carta de condução","0","1","0","1","2026-05-31","2026-08-28"
"centro de vacinação internacional rua da alegria porto","0","1","0","36","2026-05-31","2026-08-28"
"certificado medico para licencia de conducir","0","1","0","1","2026-05-31","2026-08-28"
"ciclo menstrual calcular","0","1","0","58","2026-05-31","2026-08-28"
"cinto sale el medico online de.vhi si mi plan no lo cubre en irlanda","0","1","0","5","2026-05-31","2026-08-28"
"cita medic","0","1","0","8","2026-05-31","2026-08-28"
"cita medica","0","5","0","8","2026-05-31","2026-08-28"
"cita medico","0","54","0","5.944444444444445","2026-05-31","2026-08-28"
"clinic","0","12","0","8.083333333333332","2026-05-31","2026-08-28"
"clinic near me","0","6","0","11.833333333333334","2026-05-31","2026-08-28"
"clinic portugal","0","1","0","2","2026-05-31","2026-08-28"
"clinica","0","20","0","14.25","2026-05-31","2026-08-28"
"clinica alegro sintra","0","4","0","6.75","2026-05-31","2026-08-28"
"clinica checa","0","4","0","5.25","2026-05-31","2026-08-28"
"clinica cz","0","1","0","10","2026-05-31","2026-08-28"
"clinica geral","0","2","0","3","2026-05-31","2026-08-28"
"clinica global","0","7","0","5.142857142857143","2026-05-31","2026-08-28"
"clinica global medical health","0","1","0","2","2026-05-31","2026-08-28"
"clinica global saude","0","5","0","1.2","2026-05-31","2026-08-28"
"clinica health","0","1","0","1","2026-05-31","2026-08-28"
"clinica health care","0","8","0","4.875","2026-05-31","2026-08-28"
"clinica online","0","1","0","55","2026-05-31","2026-08-28"
"clinica particular","0","1","0","13","2026-05-31","2026-08-28"
"clinica portugal","0","2","0","2","2026-05-31","2026-08-28"
"clinica salud global","0","2","0","9","2026-05-31","2026-08-28"
"clinica saude global","0","7","0","5.285714285714286","2026-05-31","2026-08-28"
"clinica zuluaga","0","1","0","9","2026-05-31","2026-08-28"
"clinicas 24h","0","1","0","1","2026-05-31","2026-08-28"
"clinicas em sintra","0","1","0","5","2026-05-31","2026-08-28"
"clinicas privadas","0","1","0","12","2026-05-31","2026-08-28"
"clinico","0","4","0","3.5","2026-05-31","2026-08-28"
"clinico geral particular","0","1","0","20","2026-05-31","2026-08-28"
"clinics open near me","0","1","0","11","2026-05-31","2026-08-28"
"clínica","0","13","0","12.23076923076923","2026-05-31","2026-08-28"
"clínica global","0","2","0","6","2026-05-31","2026-08-28"
"clínica saúde global","0","5","0","1.8","2026-05-31","2026-08-28"
"clínicas","0","1","0","1","2026-05-31","2026-08-28"
"clínicas médicas","0","6","0","16.666666666666664","2026-05-31","2026-08-28"
"como calcular calorias","0","1","0","56","2026-05-31","2026-08-28"
"como calcular o periodo fertil","0","3","0","98.66666666666667","2026-05-31","2026-08-28"
"como calcular o período fértil","0","8","0","92.875","2026-05-31","2026-08-28"
"como conseguir atestado medico online","0","2","0","12","2026-05-31","2026-08-28"
"como conseguir atestado médico online","0","1","0","31","2026-05-31","2026-08-28"
"como diagnosticar enxaqueca","0","2","0","69","2026-05-31","2026-08-28"
"como fazer atestado medico","0","1","0","1","2026-05-31","2026-08-28"
"como ler eletrocardiograma","0","1","0","14","2026-05-31","2026-08-28"
"como ler pressão arterial","0","1","0","3","2026-05-31","2026-08-28"
"como ler um ecg","0","6","0","10.833333333333334","2026-05-31","2026-08-28"
"como ler um eletrocardiograma","0","4","0","18.25","2026-05-31","2026-08-28"
"como lo hago","0","1","0","3","2026-05-31","2026-08-28"
"como marcar consulta do viajante","0","1","0","73","2026-05-31","2026-08-28"
"como medir o colesterol","0","1","0","63","2026-05-31","2026-08-28"
"como obter atestado medico para carta de condução","0","1","0","3","2026-05-31","2026-08-28"
"como pedir atestado medico online","0","2","0","28.5","2026-05-31","2026-08-28"
"como saber meu periodo fertil","0","1","0","84","2026-05-31","2026-08-28"
"como saber o dia da ovulação","0","1","0","67","2026-05-31","2026-08-28"
"como saber o periodo fertil","0","1","0","97","2026-05-31","2026-08-28"
"como se faz um eletrocardiograma","0","1","0","46","2026-05-31","2026-08-28"
"concelho de abrantes","0","1","0","6","2026-05-31","2026-08-28"
"conseguir atestado medico online","0","41","0","32.829268292682926","2026-05-31","2026-08-28"
"consulta atestado medico","0","3","0","9","2026-05-31","2026-08-28"
"consulta atestado medico online","0","1","0","6","2026-05-31","2026-08-28"
"consulta cardio online","0","10","0","18.9","2026-05-31","2026-08-28"
"consulta cardiologia online","0","2","0","19.5","2026-05-31","2026-08-28"
"consulta cardiologista","0","1","0","38","2026-05-31","2026-08-28"
"consulta com","0","2","0","8.5","2026-05-31","2026-08-28"
"consulta de atestado medico","0","1","0","9","2026-05-31","2026-08-28"
"consulta de cardiologia online","0","3","0","30.333333333333332","2026-05-31","2026-08-28"
"consulta de nutrição","0","1","0","72","2026-05-31","2026-08-28"
"consulta de oncologia","0","2","0","22","2026-05-31","2026-08-28"
"consulta de psicologia por videochamada","0","1","0","52","2026-05-31","2026-08-28"
"consulta de psiquiatria por videochamada","0","1","0","19","2026-05-31","2026-08-28"
"consulta de urgência online","0","3","0","88","2026-05-31","2026-08-28"
"consulta de viajante online","0","1","0","8","2026-05-31","2026-08-28"
"consulta do viajante","0","13","0","71.15384615384616","2026-05-31","2026-08-28"
"consulta do viajante cabo verde","0","1","0","60","2026-05-31","2026-08-28"
"consulta do viajante medis","0","10","0","51.6","2026-05-31","2026-08-28"
"consulta do viajante oeiras","0","1","0","77","2026-05-31","2026-08-28"
"consulta do viajante online","0","29","0","68.10344827586206","2026-05-31","2026-08-28"
"consulta do viajante preço","0","12","0","71.91666666666667","2026-05-31","2026-08-28"
"consulta medica","0","5","0","52.6","2026-05-31","2026-08-28"
"consulta medica online","0","37","0","61.054054054054056","2026-05-31","2026-08-28"
"consulta medico","0","25","0","58.68","2026-05-31","2026-08-28"
"consulta medicos colegiados","0","1","0","7","2026-05-31","2026-08-28"
"consulta médica","0","1","0","62","2026-05-31","2026-08-28"
"consulta médica online","0","15","0","72.2","2026-05-31","2026-08-28"
"consulta médico online","0","1","0","62","2026-05-31","2026-08-28"
"consulta online","0","41","0","69.4390243902439","2026-05-31","2026-08-28"
"consulta online atestado medico","0","1","0","16","2026-05-31","2026-08-28"
"consulta online clinico geral","0","11","0","55","2026-05-31","2026-08-28"
"consulta online clinico geral particular","0","10","0","54.2","2026-05-31","2026-08-28"
"consulta online clínico geral","0","10","0","52.7","2026-05-31","2026-08-28"
"consulta online com clinico geral","0","10","0","53","2026-05-31","2026-08-28"
"consulta online de dermatologia","0","6","0","32.83333333333333","2026-05-31","2026-08-28"
"consulta online de ginecologia","0","1","0","48","2026-05-31","2026-08-28"
"consulta online de psiquiatria","0","6","0","68.83333333333333","2026-05-31","2026-08-28"
"consulta online dermatologia","0","6","0","31.333333333333332","2026-05-31","2026-08-28"
"consulta online dermatologista","0","6","0","29.666666666666668","2026-05-31","2026-08-28"
"consulta online ginecologia","0","2","0","51.5","2026-05-31","2026-08-28"
"consulta online médico","0","39","0","60.717948717948715","2026-05-31","2026-08-28"
"consulta online particular ginecologista","0","6","0","43.833333333333336","2026-05-31","2026-08-28"
"consulta online portugal","0","3","0","64.66666666666666","2026-05-31","2026-08-28"
"consulta online psiquiatria","0","5","0","60.6","2026-05-31","2026-08-28"
"consulta psiquiatra","0","4","0","35.25","2026-05-31","2026-08-28"
"consulta psiquiatra online","0","3","0","60.333333333333336","2026-05-31","2026-08-28"
"consulta psiquiatria","0","3","0","28","2026-05-31","2026-08-28"
"consulta psiquiatria feminina","0","2","0","35.5","2026-05-31","2026-08-28"
"consulta saude sexual e reprodutiva","0","2","0","27","2026-05-31","2026-08-28"
"consulta viajante","0","12","0","68.41666666666667","2026-05-31","2026-08-28"
"consulta viajante cabo verde","0","1","0","78","2026-05-31","2026-08-28"
"consulta viajante medis","0","12","0","51.833333333333336","2026-05-31","2026-08-28"
"consulta viajante online","0","20","0","67.8","2026-05-31","2026-08-28"
"consulta viajante porto","0","1","0","68","2026-05-31","2026-08-28"
"consultas","0","12","0","51.333333333333336","2026-05-31","2026-08-28"
"consultas avaliação psicológica","0","6","0","27","2026-05-31","2026-08-28"
"consultas de oncologia","0","1","0","12","2026-05-31","2026-08-28"
"consultas de psicologia online","0","2","0","56","2026-05-31","2026-08-28"
"consultas médicas","0","1","0","71","2026-05-31","2026-08-28"
"consultas médicas online","0","18","0","64.16666666666666","2026-05-31","2026-08-28"
"consultas on line","0","1","0","9","2026-05-31","2026-08-28"
"consultas online","0","1","0","79","2026-05-31","2026-08-28"
"consultas psicologia online","0","1","0","60","2026-05-31","2026-08-28"
"consultation online","0","1","0","8","2026-05-31","2026-08-28"
"consultório","0","17","0","9.352941176470589","2026-05-31","2026-08-28"
"consultório dr victor hugo","0","1","0","9","2026-05-31","2026-08-28"
"consultório médico","0","1","0","11","2026-05-31","2026-08-28"
"consultório médico online","0","4","0","83.25","2026-05-31","2026-08-28"
"consultórios","0","10","0","8","2026-05-31","2026-08-28"
"conta do imc","0","1","0","57","2026-05-31","2026-08-28"
"contador calorias","0","1","0","29","2026-05-31","2026-08-28"
"contador de calorias online gratis","0","1","0","39","2026-05-31","2026-08-28"
"contagem de calorias","0","1","0","36","2026-05-31","2026-08-28"
"contar calorias","0","1","0","37","2026-05-31","2026-08-28"
"credível","0","1","0","4","2026-05-31","2026-08-28"
"criticas","0","1","0","1","2026-05-31","2026-08-28"
"cuidados médicos personalizados","0","4","0","73.75","2026-05-31","2026-08-28"
"cálculo bmi","0","1","0","30","2026-05-31","2026-08-28"
"data concepção","0","1","0","65","2026-05-31","2026-08-28"
"data da ultima menstruação","0","2","0","47","2026-05-31","2026-08-28"
"data prevista do parto","0","1","0","55","2026-05-31","2026-08-28"
"data prevista parto","0","1","0","46","2026-05-31","2026-08-28"
"data prevista parto data concepção","0","1","0","58","2026-05-31","2026-08-28"
"data provavel de parto","0","1","0","46","2026-05-31","2026-08-28"
"data provavel do parto","0","1","0","50","2026-05-31","2026-08-28"
"data provavel parto","0","1","0","48","2026-05-31","2026-08-28"
"derma dr moreno montañez","0","1","0","11","2026-05-31","2026-08-28"
"dermatologia on line","0","1","0","67","2026-05-31","2026-08-28"
"dia 5 de agosto","0","1","0","3","2026-05-31","2026-08-28"
"dia da ovulação","0","1","0","72","2026-05-31","2026-08-28"
"dia de ovulação","0","1","0","66","2026-05-31","2026-08-28"
"dia fertil","0","1","0","67","2026-05-31","2026-08-28"
"dia fertil mulher","0","1","0","82","2026-05-31","2026-08-28"
"dia ovulação","0","1","0","64","2026-05-31","2026-08-28"
"diarreia","0","1","0","3","2026-05-31","2026-08-28"
"dias ferteis","0","2","0","56","2026-05-31","2026-08-28"
"dias ferteis da mulher","0","1","0","89","2026-05-31","2026-08-28"
"dias ferteis das mulheres","0","1","0","83","2026-05-31","2026-08-28"
"dias ferteis mulher","0","1","0","88","2026-05-31","2026-08-28"
"doctoe","0","1","0","2","2026-05-31","2026-08-28"
"doctolib portugal","0","1","0","14","2026-05-31","2026-08-28"
"doctor","0","5","0","6.4","2026-05-31","2026-08-28"
"doctor appointment","0","4","0","38.75","2026-05-31","2026-08-28"
"doctor certificate for sick leave","0","1","0","7","2026-05-31","2026-08-28"
"doctor general practitioner near me","0","1","0","7","2026-05-31","2026-08-28"
"doctor in portugal","0","1","0","13","2026-05-31","2026-08-28"
"doctor near me","0","7","0","5.857142857142857","2026-05-31","2026-08-28"
"doctor near me primary care","0","3","0","18.666666666666668","2026-05-31","2026-08-28"
"doctor on call","0","1","0","13","2026-05-31","2026-08-28"
"doctor practices near me","0","2","0","16.5","2026-05-31","2026-08-28"
"doctores","0","1","0","5","2026-05-31","2026-08-28"
"doctors appointment","0","1","0","23","2026-05-31","2026-08-28"
"doctors closest to me","0","1","0","14","2026-05-31","2026-08-28"
"doctors internal medicine near me","0","1","0","31","2026-05-31","2026-08-28"
"doctors near me","0","15","0","10.466666666666667","2026-05-31","2026-08-28"
"doctors near me accepting new patients","0","4","0","20.75","2026-05-31","2026-08-28"
"documento medico para licencia de conducir","0","1","0","9","2026-05-31","2026-08-28"
"doença boca mão e pé","0","1","0","93","2026-05-31","2026-08-28"
"donde hacer reconocimiento medico","0","1","0","12","2026-05-31","2026-08-28"
"doutor telmo","0","8","0","7.25","2026-05-31","2026-08-28"
"dr delgado","0","1","0","5","2026-05-31","2026-08-28"
"dr figueira","0","2","0","8","2026-05-31","2026-08-28"
"dr general physician","0","1","0","11","2026-05-31","2026-08-28"
"dr martim","0","6","0","6.5","2026-05-31","2026-08-28"
"dr mohammed omar cardiologist","0","1","0","3","2026-05-31","2026-08-28"
"dr pais","0","8","0","4.25","2026-05-31","2026-08-28"
"dr país","0","3","0","3","2026-05-31","2026-08-28"
"dr pedro oncologista","0","6","0","6.833333333333333","2026-05-31","2026-08-28"
"dr pedro santos","0","3","0","9","2026-05-31","2026-08-28"
"dr rui rodrigues","0","1","0","11","2026-05-31","2026-08-28"
"dr rui rodrigues cardiologista","0","15","0","1.1333333333333333","2026-05-31","2026-08-28"
"dr telmo","0","7","0","7.142857142857143","2026-05-31","2026-08-28"
"dr tiago miguel","0","1","0","3","2026-05-31","2026-08-28"
"dr. delgado","0","1","0","10","2026-05-31","2026-08-28"
"dr. pais","0","1","0","1","2026-05-31","2026-08-28"
"driver's license medical certificate","0","1","0","21","2026-05-31","2026-08-28"
"e no brasil","0","1","0","9","2026-05-31","2026-08-28"
"e se ele recusar?","0","1","0","2","2026-05-31","2026-08-28"
"ecg","0","5","0","81.6","2026-05-31","2026-08-28"
"ecg como fazer","0","3","0","42.333333333333336","2026-05-31","2026-08-28"
"ecg como ler","0","1","0","11","2026-05-31","2026-08-28"
"ecg eletrocardiograma","0","1","0","74","2026-05-31","2026-08-28"
"ecg exame","0","1","0","78","2026-05-31","2026-08-28"
"ecg o que é","0","1","0","75","2026-05-31","2026-08-28"
"ecg o'que é","0","1","0","76","2026-05-31","2026-08-28"
"eletrocardiograma","0","7","0","78.14285714285714","2026-05-31","2026-08-28"
"eletrocardiograma como fazer","0","1","0","57","2026-05-31","2026-08-28"
"eletrocardiograma como ler","0","1","0","13","2026-05-31","2026-08-28"
"eletrocardiograma resultado","0","1","0","43","2026-05-31","2026-08-28"
"enxaquecas","0","16","0","75.8125","2026-05-31","2026-08-28"
"estou em portugal","0","1","0","2","2026-05-31","2026-08-28"
"european blood pressure chart","0","1","0","9","2026-05-31","2026-08-28"
"exame de intolerância a lactose","0","1","0","64","2026-05-31","2026-08-28"
"exame ecg","0","34","0","79.76470588235294","2026-05-31","2026-08-28"
"exame hormonal feminino","0","1","0","54","2026-05-31","2026-08-28"
"exame medico carta condução","0","49","0","44.51020408163265","2026-05-31","2026-08-28"
"exame medico imt","0","9","0","30.555555555555557","2026-05-31","2026-08-28"
"exame medico para carta de condução","0","1","0","44","2026-05-31","2026-08-28"
"exame medico para carta de condução onde fazer","0","1","0","70","2026-05-31","2026-08-28"
"exame medico para imt","0","1","0","46","2026-05-31","2026-08-28"
"exame médico carta de condução","0","6","0","41.5","2026-05-31","2026-08-28"
"exame vitamina b12 preço portugal","0","5","0","4.6","2026-05-31","2026-08-28"
"examen medico para licencia de conducir","0","2","0","11","2026-05-31","2026-08-28"
"exames hormonais feminino","0","1","0","44","2026-05-31","2026-08-28"
"exames médicos para carta de condução","0","3","0","31","2026-05-31","2026-08-28"
"exames psicotecnicos","0","1","0","1","2026-05-31","2026-08-28"
"family medical doctor near me","0","2","0","21.5","2026-05-31","2026-08-28"
"female primary care physician","0","2","0","23","2026-05-31","2026-08-28"
"find best doctors","0","2","0","31","2026-05-31","2026-08-28"
"finding doctors near me","0","1","0","18","2026-05-31","2026-08-28"
"foto","0","1","0","1","2026-05-31","2026-08-28"
"free sick leave certificate","0","1","0","10","2026-05-31","2026-08-28"
"gastroenterologista","0","4","0","7","2026-05-31","2026-08-28"
"general practitioner","0","1","0","13","2026-05-31","2026-08-28"
"general practitioner doctors near me","0","2","0","26","2026-05-31","2026-08-28"
"general practitioner near me","0","1","0","12","2026-05-31","2026-08-28"
"general practitioners near me","0","1","0","13","2026-05-31","2026-08-28"
"gl health","0","2","0","4.5","2026-05-31","2026-08-28"
"glibal health","0","1","0","1","2026-05-31","2026-08-28"
"global","0","8","0","8.375","2026-05-31","2026-08-28"
"global care","0","3","0","1.6666666666666665","2026-05-31","2026-08-28"
"global clinic","0","5","0","7.4","2026-05-31","2026-08-28"
"global clinica","0","2","0","7","2026-05-31","2026-08-28"
"global doctor","0","1","0","4","2026-05-31","2026-08-28"
"global health and medicine","0","1","0","3","2026-05-31","2026-08-28"
"global health care","0","6","0","7.5","2026-05-31","2026-08-28"
"global health center","0","1","0","8","2026-05-31","2026-08-28"
"global health company","0","26","0","6.961538461538462","2026-05-31","2026-08-28"
"global health foyer","0","1","0","2","2026-05-31","2026-08-28"
"global health testing","0","1","0","29","2026-05-31","2026-08-28"
"global healthcare","0","2","0","21","2026-05-31","2026-08-28"
"global heath","0","1","0","1","2026-05-31","2026-08-28"
"global helath","0","1","0","5","2026-05-31","2026-08-28"
"global helth","0","1","0","4","2026-05-31","2026-08-28"
"global medic","0","4","0","7.75","2026-05-31","2026-08-28"
"global medical","0","4","0","8.75","2026-05-31","2026-08-28"
"global medical center","0","1","0","2","2026-05-31","2026-08-28"
"global medical health","0","2","0","9","2026-05-31","2026-08-28"
"global medico","0","1","0","1","2026-05-31","2026-08-28"
"global médica","0","2","0","10","2026-05-31","2026-08-28"
"global saude","0","10","0","26","2026-05-31","2026-08-28"
"global saúde","0","1","0","12","2026-05-31","2026-08-28"
"globalcare cuidados médicos lda","0","30","0","36.7","2026-05-31","2026-08-28"
"globalhc","0","1","0","4","2026-05-31","2026-08-28"
"globalhealth.com","0","1","0","5","2026-05-31","2026-08-28"
"globalmed","0","2","0","64.5","2026-05-31","2026-08-28"
"globalmedica","0","1","0","2","2026-05-31","2026-08-28"
"golbal health","0","1","0","8","2026-05-31","2026-08-28"
"gp appointment","0","1","0","12","2026-05-31","2026-08-28"
"gp book appointment","0","2","0","14","2026-05-31","2026-08-28"
"gp book appointment online","0","1","0","8","2026-05-31","2026-08-28"
"gp booking","0","1","0","6","2026-05-31","2026-08-28"
"gp consultation","0","1","0","7","2026-05-31","2026-08-28"
"gp consultation fee","0","1","0","10","2026-05-31","2026-08-28"
"gp doctor","0","3","0","25.666666666666668","2026-05-31","2026-08-28"
"gp medical","0","1","0","5","2026-05-31","2026-08-28"
"gp near me","0","3","0","8","2026-05-31","2026-08-28"
"gp online","0","4","0","3.5","2026-05-31","2026-08-28"
"gp online appointment","0","2","0","6","2026-05-31","2026-08-28"
"gp surgery near me","0","1","0","4","2026-05-31","2026-08-28"
"gp visit","0","1","0","8","2026-05-31","2026-08-28"
"group 2 licence portugal","0","2","0","1","2026-05-31","2026-08-28"
"group 2 medical certificate","0","2","0","8.5","2026-05-31","2026-08-28"
"group 3","0","1","0","5","2026-05-31","2026-08-28"
"health","0","30","0","20.966666666666665","2026-05-31","2026-08-28"
"health clinic","0","2","0","14","2026-05-31","2026-08-28"
"health clinic near me","0","3","0","23.666666666666668","2026-05-31","2026-08-28"
"health doctors near me","0","3","0","18.666666666666668","2026-05-31","2026-08-28"
"health online","0","1","0","8","2026-05-31","2026-08-28"
"health.","0","1","0","11","2026-05-31","2026-08-28"
"healthcare","0","34","0","73.29411764705883","2026-05-31","2026-08-28"
"healthy online","0","2","0","3.5","2026-05-31","2026-08-28"
"hemocromatose diagnóstico","0","2","0","74.5","2026-05-31","2026-08-28"
"hormonal feminino","0","1","0","78","2026-05-31","2026-08-28"
"hospital fernando pessoa","0","1","0","6","2026-05-31","2026-08-28"
"hse due date calculator","0","1","0","8","2026-05-31","2026-08-28"
"hugo pais","0","3","0","25.333333333333332","2026-05-31","2026-08-28"
"i may have diabetes","0","1","0","1","2026-05-31","2026-08-28"
"illness benefit ireland","0","1","0","8","2026-05-31","2026-08-28"
"imc","0","2","0","56","2026-05-31","2026-08-28"
"imc calculadora","0","1","0","51","2026-05-31","2026-08-28"
"imc calculadora homem","0","1","0","54","2026-05-31","2026-08-28"
"imc calculadora peso ideal","0","1","0","73","2026-05-31","2026-08-28"
"imc calculadora pt","0","1","0","47","2026-05-31","2026-08-28"
"imc calcular","0","2","0","59","2026-05-31","2026-08-28"
"imc calcular online","0","1","0","45","2026-05-31","2026-08-28"
"imc calculo","0","2","0","62.5","2026-05-31","2026-08-28"
"imc calculo feminino","0","1","0","63","2026-05-31","2026-08-28"
"imc calculo homem","0","1","0","55","2026-05-31","2026-08-28"
"imc calculo peso ideal","0","1","0","62","2026-05-31","2026-08-28"
"imc como calcular","0","1","0","62","2026-05-31","2026-08-28"
"imc corporal","0","1","0","78","2026-05-31","2026-08-28"
"imc escala","0","1","0","33","2026-05-31","2026-08-28"
"imc feminino","0","1","0","65","2026-05-31","2026-08-28"
"imc medir","0","1","0","53","2026-05-31","2026-08-28"
"imc mulher","0","1","0","66","2026-05-31","2026-08-28"
"imc obesidade","0","1","0","78","2026-05-31","2026-08-28"
"imc online","0","1","0","37","2026-05-31","2026-08-28"
"imc saudavel","0","1","0","46","2026-05-31","2026-08-28"
"imc unidades","0","2","0","47","2026-05-31","2026-08-28"
"imt atestado medico","0","1","0","27","2026-05-31","2026-08-28"
"indice de masa corporal","0","1","0","34","2026-05-31","2026-08-28"
"indice de massa corporal","0","2","0","75.5","2026-05-31","2026-08-28"
"indice de massa corporal mulher","0","1","0","74","2026-05-31","2026-08-28"
"indice imc","0","1","0","75","2026-05-31","2026-08-28"
"indice massa corporal","0","1","0","73","2026-05-31","2026-08-28"
"indice massa corporal calculo","0","2","0","58","2026-05-31","2026-08-28"
"infecção respiratória","0","27","0","81.4074074074074","2026-05-31","2026-08-28"
"infeção respiratória","0","45","0","70.31111111111112","2026-05-31","2026-08-28"
"informação medica confiável","0","1","0","30","2026-05-31","2026-08-28"
"internal medicine doctors near me","0","2","0","8","2026-05-31","2026-08-28"
"international doctor spain","0","2","0","9.5","2026-05-31","2026-08-28"
"international vaccination center","0","3","0","7","2026-05-31","2026-08-28"
"intolerancia a lactose exame","0","1","0","62","2026-05-31","2026-08-28"
"ja","0","1","0","9","2026-05-31","2026-08-28"
"justificação medica","0","1","0","22","2026-05-31","2026-08-28"
"justificação médica online","0","1","0","8","2026-05-31","2026-08-28"
"ler ecg","0","1","0","11","2026-05-31","2026-08-28"
"local general practitioner","0","1","0","21","2026-05-31","2026-08-28"
"local physician","0","1","0","21","2026-05-31","2026-08-28"
"looking for a doctor near me","0","1","0","7","2026-05-31","2026-08-28"
"looking for primary care physician near me","0","2","0","16.5","2026-05-31","2026-08-28"
"marcar consulta do viajante online","0","2","0","86","2026-05-31","2026-08-28"
"marcar consulta viajante","0","1","0","77","2026-05-31","2026-08-28"
"marcar consultas médicas online","0","5","0","79.6","2026-05-31","2026-08-28"
"marcação consulta do viajante","0","1","0","87","2026-05-31","2026-08-28"
"margarida andrade","0","2","0","16","2026-05-31","2026-08-28"
"massa corporal calcular","0","1","0","65","2026-05-31","2026-08-28"
"medecin autour de moi","0","1","0","5","2026-05-31","2026-08-28"
"medi cine online","0","1","0","9","2026-05-31","2026-08-28"
"medica geral","0","1","0","8","2026-05-31","2026-08-28"
"medical","0","1","0","57","2026-05-31","2026-08-28"
"medical care certificate","0","1","0","1","2026-05-31","2026-08-28"
"medical centre near me","0","2","0","8","2026-05-31","2026-08-28"
"medical certificate","0","2","0","12.5","2026-05-31","2026-08-28"
"medical certificate for illness","0","1","0","6","2026-05-31","2026-08-28"
"medical clinic near me","0","8","0","11.375","2026-05-31","2026-08-28"
"medical doctor","0","2","0","5.5","2026-05-31","2026-08-28"
"medical doctors near me","0","1","0","12","2026-05-31","2026-08-28"
"medical doctors near me accepting new patients","0","3","0","18.333333333333332","2026-05-31","2026-08-28"
"medical emergency number","0","1","0","10","2026-05-31","2026-08-28"
"medical for driving licence near me","0","1","0","22","2026-05-31","2026-08-28"
"medical general practitioner","0","1","0","6","2026-05-31","2026-08-28"
"medical global","0","1","0","8","2026-05-31","2026-08-28"
"medical group","0","1","0","1","2026-05-31","2026-08-28"
"medical online","0","2","0","5.5","2026-05-31","2026-08-28"
"medical online consultation","0","1","0","10","2026-05-31","2026-08-28"
"medical test for driving license","0","1","0","18","2026-05-31","2026-08-28"
"medicas espanha","0","2","0","8","2026-05-31","2026-08-28"
"medicina familiar","0","3","0","50.333333333333336","2026-05-31","2026-08-28"
"medicina geral","0","5","0","61.6","2026-05-31","2026-08-28"
"medicina global","0","2","0","2.5","2026-05-31","2026-08-28"
"medicina online","0","3","0","52.333333333333336","2026-05-31","2026-08-28"
"medicina online brasil","0","2","0","8","2026-05-31","2026-08-28"
"medicine global","0","2","0","4.5","2026-05-31","2026-08-28"
"medicine online","0","1","0","5","2026-05-31","2026-08-28"
"medico 24h","0","2","0","33","2026-05-31","2026-08-28"
"medico cerca de mi","0","1","0","10","2026-05-31","2026-08-28"
"medico cerca de mi abierto ahora","0","1","0","7","2026-05-31","2026-08-28"
"medico de familia","0","2","0","63","2026-05-31","2026-08-28"
"medico generalista","0","1","0","55","2026-05-31","2026-08-28"
"medico online","0","12","0","69.5","2026-05-31","2026-08-28"
"medico online atestado","0","2","0","10","2026-05-31","2026-08-28"
"medico online consulta","0","1","0","63","2026-05-31","2026-08-28"
"medico online portugal","0","92","0","36.90217391304348","2026-05-31","2026-08-28"
"medicoonline","0","5","0","7.8","2026-05-31","2026-08-28"
"medicos em portugal","0","1","0","27","2026-05-31","2026-08-28"
"medicos online","0","15","0","58.2","2026-05-31","2026-08-28"
"medicos registados","0","8","0","10.25","2026-05-31","2026-08-28"
"medidas normales de tension","0","1","0","11","2026-05-31","2026-08-28"
"medidor de calorias","0","1","0","34","2026-05-31","2026-08-28"
"medidor de colesterol caseiro","0","1","0","42","2026-05-31","2026-08-28"
"medidor de imc","0","1","0","46","2026-05-31","2026-08-28"
"medidor de peso","0","1","0","46","2026-05-31","2026-08-28"
"mediglobal","0","3","0","8.333333333333332","2026-05-31","2026-08-28"
"medir a tensão valores","0","1","0","19","2026-05-31","2026-08-28"
"medir imc","0","1","0","65","2026-05-31","2026-08-28"
"medis consulta do viajante","0","12","0","53.833333333333336","2026-05-31","2026-08-28"
"medis consulta viajante","0","6","0","54.333333333333336","2026-05-31","2026-08-28"
"melhor oncologista de portugal","0","14","0","11.785714285714286","2026-05-31","2026-08-28"
"mohammad arain","0","1","0","8","2026-05-31","2026-08-28"
"multibeauty","0","1","0","9","2026-05-31","2026-08-28"
"my health","0","2","0","24.5","2026-05-31","2026-08-28"
"my medical certificate online","0","1","0","6","2026-05-31","2026-08-28"
"my online health","0","1","0","3","2026-05-31","2026-08-28"
"myhealth","0","1","0","22","2026-05-31","2026-08-28"
"myonlinehealth","0","1","0","4","2026-05-31","2026-08-28"
"mão pé e boca","0","1","0","75","2026-05-31","2026-08-28"
"médico","0","8","0","8.375","2026-05-31","2026-08-28"
"médico clínico geral","0","2","0","6.5","2026-05-31","2026-08-28"
"médico general cerca de mi","0","1","0","5","2026-05-31","2026-08-28"
"médico global","0","1","0","2","2026-05-31","2026-08-28"
"médico online","0","54","0","59.25925925925926","2026-05-31","2026-08-28"
"médico online grátis portugal","0","1","0","21","2026-05-31","2026-08-28"
"médico online responde na hora","0","5","0","66.2","2026-05-31","2026-08-28"
"médico privado","0","1","0","3","2026-05-31","2026-08-28"
"médicos registados na ordem","0","8","0","9.625","2026-05-31","2026-08-28"
"nearby doctors office","0","2","0","17","2026-05-31","2026-08-28"
"need a doctor near me","0","4","0","24.75","2026-05-31","2026-08-28"
"niveis de tensão arterial","0","1","0","39","2026-05-31","2026-08-28"
"nutricionista online","0","1","0","73","2026-05-31","2026-08-28"
"nutricionista online portugal","0","1","0","58","2026-05-31","2026-08-28"
"não tenho atestado médico","0","1","0","5","2026-05-31","2026-08-28"
"o eletrocardiograma","0","1","0","73","2026-05-31","2026-08-28"
"o que e ecg","0","1","0","79","2026-05-31","2026-08-28"
"o que e exame ecg","0","1","0","74","2026-05-31","2026-08-28"
"o que é ecg","0","1","0","74","2026-05-31","2026-08-28"
"o que é preciso fazer?","0","1","0","2","2026-05-31","2026-08-28"
"o que é um eletrocardiograma","0","1","0","75","2026-05-31","2026-08-28"
"o'que é reembolso integral","0","2","0","8.5","2026-05-31","2026-08-28"
"obesidade imc","0","1","0","80","2026-05-31","2026-08-28"
"obter atestado medico online","0","1","0","1","2026-05-31","2026-08-28"
"oncologia médica","0","1","0","44","2026-05-31","2026-08-28"
"onde marcar consulta do viajante","0","1","0","95","2026-05-31","2026-08-28"
"online consultations","0","1","0","11","2026-05-31","2026-08-28"
"online doctor","0","1","0","52","2026-05-31","2026-08-28"
"online doctor consultations","0","1","0","27","2026-05-31","2026-08-28"
"online doctor online","0","1","0","42","2026-05-31","2026-08-28"
"online doctor portugal","0","15","0","17.6","2026-05-31","2026-08-28"
"online doctor spain english-speaking","0","1","0","11","2026-05-31","2026-08-28"
"online gp","0","1","0","5","2026-05-31","2026-08-28"
"online medical","0","1","0","7","2026-05-31","2026-08-28"
"online medical certificate portugal","0","7","0","9.285714285714286","2026-05-31","2026-08-28"
"online sick certificate","0","1","0","5","2026-05-31","2026-08-28"
"online sick leave certificate","0","1","0","4","2026-05-31","2026-08-28"
"opiniões sobre","0","1","0","2","2026-05-31","2026-08-28"
"opticalia","0","1","0","3","2026-05-31","2026-08-28"
"osentia","0","1","0","7","2026-05-31","2026-08-28"
"ovulation calculator ireland","0","1","0","9","2026-05-31","2026-08-28"
"ovulação calculadora","0","1","0","38","2026-05-31","2026-08-28"
"ovulação calcular","0","1","0","43","2026-05-31","2026-08-28"
"pais dr","0","1","0","2","2026-05-31","2026-08-28"
"pedir atestado medico","0","2","0","36","2026-05-31","2026-08-28"
"pedir atestado médico","0","7","0","42.42857142857143","2026-05-31","2026-08-28"
"pedir cita médica","0","1","0","10","2026-05-31","2026-08-28"
"periodo fertil calculadora ovulação","0","1","0","52","2026-05-31","2026-08-28"
"periodo fertil calendario","0","1","0","83","2026-05-31","2026-08-28"
"periodo fertil tabela","0","1","0","76","2026-05-31","2026-08-28"
"periodo fertil tabelinha","0","1","0","83","2026-05-31","2026-08-28"
"período fértil calculadora","0","1","0","62","2026-05-31","2026-08-28"
"peso corporal","0","1","0","68","2026-05-31","2026-08-28"
"peso por altura","0","1","0","52","2026-05-31","2026-08-28"
"pesquisa médicos","0","16","0","42.1875","2026-05-31","2026-08-28"
"pesquisar medico","0","15","0","47.13333333333333","2026-05-31","2026-08-28"
"phda adulto teste","0","1","0","10","2026-05-31","2026-08-28"
"phda teste","0","3","0","16.333333333333336","2026-05-31","2026-08-28"
"phda teste gratuito","0","1","0","4","2026-05-31","2026-08-28"
"physician near by me","0","2","0","21","2026-05-31","2026-08-28"
"pode ser online","0","1","0","4","2026-05-31","2026-08-28"
"porque sobe a tensão arterial","0","1","0","3","2026-05-31","2026-08-28"
"portogallo","0","1","0","1","2026-05-31","2026-08-28"
"prazo para entregar baixa médica","0","1","0","2","2026-05-31","2026-08-28"
"preciso de um atestado médico urgente","0","24","0","15.333333333333334","2026-05-31","2026-08-28"
"preco da carta de condução em portugal","0","1","0","1","2026-05-31","2026-08-28"
"pregnancy calculator hse","0","1","0","9","2026-05-31","2026-08-28"
"pressao arterial tabela","0","1","0","45","2026-05-31","2026-08-28"
"pressão arterial baixa tabela","0","1","0","24","2026-05-31","2026-08-28"
"pressão arterial tabela","0","1","0","18","2026-05-31","2026-08-28"
"pressão arterial tabela idade portugal","0","1","0","26","2026-05-31","2026-08-28"
"pressão arterial valores","0","1","0","56","2026-05-31","2026-08-28"
"preço consulta do viajante","0","13","0","74.15384615384616","2026-05-31","2026-08-28"
"preço consulta psiquiatra","0","1","0","15","2026-05-31","2026-08-28"
"primary care doctors near me accepting new patients","0","1","0","12","2026-05-31","2026-08-28"
"primary doctors near me","0","2","0","12","2026-05-31","2026-08-28"
"primary health physician","0","2","0","11.5","2026-05-31","2026-08-28"
"primary physicians near me","0","2","0","8.5","2026-05-31","2026-08-28"
"principais consultas","0","7","0","27.571428571428573","2026-05-31","2026-08-28"
"private clinic near me","0","3","0","9.333333333333334","2026-05-31","2026-08-28"
"private consultation","0","1","0","12","2026-05-31","2026-08-28"
"private doctor near me","0","1","0","6","2026-05-31","2026-08-28"
"private healthcare near me","0","2","0","7","2026-05-31","2026-08-28"
"psicologos em portugal","0","1","0","26","2026-05-31","2026-08-28"
"psicologos online","0","1","0","56","2026-05-31","2026-08-28"
"psicológico","0","1","0","20","2026-05-31","2026-08-28"
"psiquiatra online","0","17","0","55.05882352941177","2026-05-31","2026-08-28"
"psiquiatras online","0","1","0","66","2026-05-31","2026-08-28"
"psiquiatria adultos","0","1","0","39","2026-05-31","2026-08-28"
"psiquiatria online","0","17","0","62.8235294117647","2026-05-31","2026-08-28"
"quais os valores normais da tensão arterial","0","2","0","18","2026-05-31","2026-08-28"
"qual a tensão arterial ideal","0","1","0","28","2026-05-31","2026-08-28"
"qual a tensão arterial normal","0","1","0","32","2026-05-31","2026-08-28"
"qual o meu imc","0","1","0","45","2026-05-31","2026-08-28"
"qual o preço?","0","1","0","1","2026-05-31","2026-08-28"
"qual o valor normal da tensão arterial","0","1","0","29","2026-05-31","2026-08-28"
"qual é o mais barato","0","1","0","6","2026-05-31","2026-08-28"
"qual é o ritmo?","0","1","0","12","2026-05-31","2026-08-28"
"quantas calorias","0","1","0","52","2026-05-31","2026-08-28"
"quantas calorias devemos consumir por dia","0","1","0","62","2026-05-31","2026-08-28"
"quantas calorias devo consumir por dia","0","1","0","57","2026-05-31","2026-08-28"
"quantas calorias devo ingerir por dia calculadora","0","1","0","38","2026-05-31","2026-08-28"
"quantas calorias gastamos por dia","0","1","0","42","2026-05-31","2026-08-28"
"quantas calorias gasto por dia","0","3","0","39.333333333333336","2026-05-31","2026-08-28"
"quantas calorias ingerir por dia","0","1","0","57","2026-05-31","2026-08-28"
"quantas calorias por dia","0","1","0","46","2026-05-31","2026-08-28"
"quantas calorias tem","0","1","0","51","2026-05-31","2026-08-28"
"quantas semanas","0","1","0","73","2026-05-31","2026-08-28"
"quanto custa a carta de condução em portugal","0","1","0","1","2026-05-31","2026-08-28"
"quanto custa carta de condução em portugal","0","1","0","1","2026-05-31","2026-08-28"
"quanto custa tirar a carta de condução","0","1","0","1","2026-05-31","2026-08-28"
"quanto custa uma carta de condução em portugal","0","1","0","1","2026-05-31","2026-08-28"
"quanto vale cada quadradinho do ecg","0","1","0","11","2026-05-31","2026-08-28"
"quantos dias após a menstruação é o período fértil","0","1","0","87","2026-05-31","2026-08-28"
"quantos dias tenho para entregar a baixa à entidade patronal","0","1","0","3","2026-05-31","2026-08-28"
"quem pode passar atestado médico para carta de condução","0","1","0","47","2026-05-31","2026-08-28"
"questionario adhd","0","1","0","11","2026-05-31","2026-08-28"
"randox ireland","0","1","0","11","2026-05-31","2026-08-28"
"rastreio enxaqueca","0","1","0","27","2026-05-31","2026-08-28"
"reclamos salud","0","1","0","7","2026-05-31","2026-08-28"
"reembolso integral","0","8","0","9","2026-05-31","2026-08-28"
"registo tensão arterial","0","1","0","26","2026-05-31","2026-08-28"
"renovação carta condução a partir dos 70 anos","0","1","0","1","2026-05-31","2026-08-28"
"republica da irlanda","0","1","0","10","2026-05-31","2026-08-28"
"reviews of doctors near me","0","2","0","18.5","2026-05-31","2026-08-28"
"revisão cardiológica","0","8","0","12","2026-05-31","2026-08-28"
"rui diogo","0","1","0","17","2026-05-31","2026-08-28"
"saude global","0","5","0","15.8","2026-05-31","2026-08-28"
"saúde global","0","4","0","31.75","2026-05-31","2026-08-28"
"search doctors online","0","1","0","9","2026-05-31","2026-08-28"
"see a gp","0","1","0","1","2026-05-31","2026-08-28"
"seeing a doctor in portugal as a tourist","0","1","0","49","2026-05-31","2026-08-28"
"segurança social autodeclaração","0","1","0","6","2026-05-31","2026-08-28"
"self cert sick note","0","1","0","5","2026-05-31","2026-08-28"
"semanas de gravidez calculadora","0","1","0","63","2026-05-31","2026-08-28"
"serviços de saúde online","0","1","0","55","2026-05-31","2026-08-28"
"sick cert ireland","0","1","0","19","2026-05-31","2026-08-28"
"sick certificate","0","2","0","7","2026-05-31","2026-08-28"
"sick leave","0","5","0","22.6","2026-05-31","2026-08-28"
"sick leave portugal","0","1","0","31","2026-05-31","2026-08-28"
"sickness self certification","0","2","0","3","2026-05-31","2026-08-28"
"silves","0","1","0","3","2026-05-31","2026-08-28"
"sim","0","2","0","7.5","2026-05-31","2026-08-28"
"sim quero","0","1","0","2","2026-05-31","2026-08-28"
"sim, por favor","0","1","0","1","2026-05-31","2026-08-28"
"site médico","0","6","0","68.83333333333333","2026-05-31","2026-08-28"
"site para pegar atestado médico","0","1","0","5","2026-05-31","2026-08-28"
"sou médica","0","1","0","4","2026-05-31","2026-08-28"
"tabela da pressão arterial","0","1","0","33","2026-05-31","2026-08-28"
"tabela de imc","0","1","0","59","2026-05-31","2026-08-28"
"tabela de medição de tensão arterial","0","17","0","10.294117647058824","2026-05-31","2026-08-28"
"tabela de pressão arterial","0","1","0","16","2026-05-31","2026-08-28"
"tabela de tensao","0","1","0","8","2026-05-31","2026-08-28"
"tabela de tensão arterial","0","1","0","13","2026-05-31","2026-08-28"
"tabela do periodo fertil","0","1","0","76","2026-05-31","2026-08-28"
"tabela hipertensao","0","1","0","10","2026-05-31","2026-08-28"
"tabela imc","0","1","0","61","2026-05-31","2026-08-28"
"tabela menstruação","0","1","0","51","2026-05-31","2026-08-28"
"tabela pressão arterial","0","4","0","17.5","2026-05-31","2026-08-28"
"tabela tensão arterial","0","3","0","16","2026-05-31","2026-08-28"
"tabelinha do periodo fertil","0","1","0","82","2026-05-31","2026-08-28"
"tabelinha online","0","1","0","43","2026-05-31","2026-08-28"
"tabelinha período fértil","0","1","0","80","2026-05-31","2026-08-28"
"tabla de hipertensión arterial","0","1","0","8","2026-05-31","2026-08-28"
"taldoc","0","1","0","2","2026-05-31","2026-08-28"
"tdah teste online","0","1","0","54","2026-05-31","2026-08-28"
"telmo coelho","0","15","0","1.5333333333333332","2026-05-31","2026-08-28"
"tempo de gestação","0","1","0","71","2026-05-31","2026-08-28"
"tempo de gravidez","0","1","0","68","2026-05-31","2026-08-28"
"tempo gravidez","0","1","0","63","2026-05-31","2026-08-28"
"tenho adse","0","1","0","8","2026-05-31","2026-08-28"
"tensao arterial","0","1","0","40","2026-05-31","2026-08-28"
"tension arterial","0","1","0","11","2026-05-31","2026-08-28"
"tension arterial normal","0","3","0","9.333333333333334","2026-05-31","2026-08-28"
"tensão alta valores","0","1","0","31","2026-05-31","2026-08-28"
"tensão arterial","0","3","0","40","2026-05-31","2026-08-28"
"tensão arterial normal homem","0","1","0","38","2026-05-31","2026-08-28"
"tensão arterial normal mulher","0","2","0","45.5","2026-05-31","2026-08-28"
"tensão arterial tabela","0","3","0","12.666666666666666","2026-05-31","2026-08-28"
"tensão arterial valores","0","1","0","28","2026-05-31","2026-08-28"
"tensão normal valores","0","3","0","19.666666666666668","2026-05-31","2026-08-28"
"tensão valores","0","1","0","32","2026-05-31","2026-08-28"
"tensão valores normais","0","1","0","30","2026-05-31","2026-08-28"
"tensões","0","1","0","39","2026-05-31","2026-08-28"
"tensões normais valores","0","1","0","34","2026-05-31","2026-08-28"
"tensões valores","0","2","0","30","2026-05-31","2026-08-28"
"test medico conducir","0","2","0","13","2026-05-31","2026-08-28"
"teste adn alimentar","0","2","0","50.5","2026-05-31","2026-08-28"
"teste de fertilidade feminina","0","1","0","91","2026-05-31","2026-08-28"
"teste de intolerancia a lactose","0","2","0","62","2026-05-31","2026-08-28"
"teste genetico doença celiaca","0","10","0","14.8","2026-05-31","2026-08-28"
"teste genetico gluten","0","7","0","13.428571428571429","2026-05-31","2026-08-28"
"teste genético hemocromatose preço","0","1","0","4","2026-05-31","2026-08-28"
"teste phda","0","1","0","7","2026-05-31","2026-08-28"
"teste psa","0","1","0","17","2026-05-31","2026-08-28"
"teste tdah","0","1","0","61","2026-05-31","2026-08-28"
"teste tdah online","0","1","0","52","2026-05-31","2026-08-28"
"testes psicotécnicos para carta de condução grátis","0","1","0","1","2026-05-31","2026-08-28"
"the global health","0","1","0","5","2026-05-31","2026-08-28"
"tiago figueira","0","26","0","4.076923076923077","2026-05-31","2026-08-28"
"tomas ruiz palacios","0","1","0","7","2026-05-31","2026-08-28"
"tratamento psicológico","0","1","0","31","2026-05-31","2026-08-28"
"travel cancellation","0","1","0","4","2026-05-31","2026-08-28"
"ultima menstruação","0","1","0","48","2026-05-31","2026-08-28"
"um militar","0","1","0","6","2026-05-31","2026-08-28"
"vacinas para viajantes","0","1","0","49","2026-05-31","2026-08-28"
"valores da tensão","0","1","0","31","2026-05-31","2026-08-28"
"valores da tensão arterial","0","3","0","11.666666666666666","2026-05-31","2026-08-28"
"valores de pressão arterial","0","1","0","55","2026-05-31","2026-08-28"
"valores de tensão","0","1","0","22","2026-05-31","2026-08-28"
"valores de tensão arterial","0","1","0","35","2026-05-31","2026-08-28"
"valores de tensão arterial normal","0","1","0","33","2026-05-31","2026-08-28"
"valores de tensão normal","0","1","0","25","2026-05-31","2026-08-28"
"valores imc","0","1","0","70","2026-05-31","2026-08-28"
"valores normais de tensão","0","1","0","33","2026-05-31","2026-08-28"
"valores normais de tensão arterial","0","3","0","25.333333333333332","2026-05-31","2026-08-28"
"valores normais tensao","0","1","0","25","2026-05-31","2026-08-28"
"valores pressão arterial","0","1","0","49","2026-05-31","2026-08-28"
"valores tensao","0","1","0","32","2026-05-31","2026-08-28"
"valores tensao arterial","0","1","0","36","2026-05-31","2026-08-28"
"valores tension","0","1","0","9","2026-05-31","2026-08-28"
"valores tensão arterial normal","0","1","0","32","2026-05-31","2026-08-28"
"valores tensão arterial tabela","0","1","0","9","2026-05-31","2026-08-28"
"valores tensão normal","0","1","0","11","2026-05-31","2026-08-28"
"venerologa","0","1","0","1","2026-05-31","2026-08-28"
"ver health","0","3","0","9","2026-05-31","2026-08-28"
"victor pais","0","2","0","8.5","2026-05-31","2026-08-28"
"vitamina b12 para que serve exame","0","1","0","55","2026-05-31","2026-08-28"
"vitor pais","0","31","0","7.290322580645161","2026-05-31","2026-08-28"
"vou fazer 50 anos tenho de renovar a carta de condução","0","1","0","2","2026-05-31","2026-08-28"
"vypocet porodu","0","4","0","4","2026-05-31","2026-08-28"
"what are the charges for this","0","1","0","11","2026-05-31","2026-08-28"
"www.globalhealth","0","1","0","4","2026-05-31","2026-08-28"
"yes pleaese","0","1","0","9","2026-05-31","2026-08-28"
"yes please","0","1","0","6","2026-05-31","2026-08-28"
"ärzte allgemeinmedizin in der nähe","0","1","0","11","2026-05-31","2026-08-28"
"é grátis?","0","1","0","2","2026-05-31","2026-08-28"
"中医在线问诊 – 里斯本","0","16","0","45.8125","2026-05-31","2026-08-28"
