"cluster_id","keyword","search_volume","keyword_difficulty","intent","best_competitor","best_competitor_position","best_competitor_url","target_position","target_url","opportunity_score","priority","recommended_action","proposed_target_url","clinical_risk","notes"
"sick-leave","pedir baixa médica online","390","0","transactional","dronline.pt","1","https://dronline.pt/baixa-medica-como-pedir-quais-os-meus-direitos-e-valores-de-pagamento/","","","94","P1","map_to_existing","https://www.myglobalhealth.online/portugal/pt/services/baixa-medica","3",""
"sick-leave","pedir baixa online","320","0","transactional","dronline.pt","5","https://dronline.pt/baixa-medica-como-pedir-quais-os-meus-direitos-e-valores-de-pagamento/","","","94","P1","map_to_existing","https://www.myglobalhealth.online/portugal/pt/services/baixa-medica","3",""
"sick-leave","pedir baixa médica 3 dias","170","0","transactional","dronline.pt","12","https://dronline.pt/baixa-medica-como-pedir-quais-os-meus-direitos-e-valores-de-pagamento/","","","94","P1","map_to_existing","https://www.myglobalhealth.online/portugal/pt/services/baixa-medica","3",""
"online-doctor","marcação de consulta online","90","9","transactional","medicinaonline.multicare.pt","7","","","","91","P1","map_to_existing","https://www.myglobalhealth.online/portugal/pt/services/consulta-medica","2",""
"online-doctor","marcação de consulta","390","12","informational","medicinaonline.multicare.pt","14","","","","86","P1","map_to_existing","https://www.myglobalhealth.online/portugal/pt/services/consulta-medica","2",""
"sick-leave","baixa médica online","210","0","informational","dronline.pt","4","https://dronline.pt/produto/baixa-medica-online-certificado-de-incapacidade-temporaria/","","","86","P1","map_to_existing","https://www.myglobalhealth.online/portugal/pt/services/baixa-medica","3",""
"online-doctor","e consulta","210","14","informational","medicinaonline.multicare.pt","23","","","","86","P1","map_to_existing","https://www.myglobalhealth.online/portugal/pt/services/consulta-medica","2",""
"pediatrics","pediatra consulta","210","0","informational","dronline.pt","85","https://www.dronline.pt/es/produto/pediatra/","","","86","P1","map_to_existing","https://www.myglobalhealth.online/portugal/pt/services/pediatria-geral","2",""
"sick-leave","pedir baixa médica","170","0","informational","dronline.pt","6","https://dronline.pt/baixa-medica-como-pedir-quais-os-meus-direitos-e-valores-de-pagamento/","","","86","P1","map_to_existing","https://www.myglobalhealth.online/portugal/pt/services/baixa-medica","3",""
"online-doctor","consulta clínico geral","140","0","informational","dronline.pt","21","https://dronline.pt/","","","86","P1","map_to_existing","https://www.myglobalhealth.online/portugal/pt/services/consulta-medica","2",""
"womens-health","consulta menopausa","140","0","informational","dronline.pt","41","https://dronline.pt/produto/consulta-da-menopausa/","","","86","P1","map_to_existing","https://www.myglobalhealth.online/portugal/pt/services/saude-da-mulher","2",""
"hair-loss","consulta cabelo","110","0","informational","dronline.pt","27","https://dronline.pt/produto/video-consulta-de-queda-de-cabelo/","","","86","P1","map_to_existing","https://www.myglobalhealth.online/portugal/pt/services/consulta-queda-de-cabelo","2",""
"online-doctor","consulta médico","260","19","informational","dronline.pt","3","https://dronline.pt/","","","83","P1","map_to_existing","https://www.myglobalhealth.online/portugal/pt/services/consulta-medica","2",""
"online-doctor","marcação consulta online","1000","22","navigational","medicinaonline.multicare.pt","9","","","","82","P1","map_to_existing","https://www.myglobalhealth.online/portugal/pt/services/consulta-medica","2",""
"online-doctor","teleconsulta","880","0","navigational","teleconsultaportugal.com","3","","","","82","P1","map_to_existing","https://www.myglobalhealth.online/portugal/pt/services/consulta-medica","2",""
"online-doctor","teleconsulta portugal","260","0","navigational","teleconsultaportugal.com","1","","","","82","P1","map_to_existing","https://www.myglobalhealth.online/portugal/pt/services/consulta-medica","2",""
"online-doctor","consulta","4400","48","informational","dronline.pt","1","https://dronline.pt/","","","80","P1","map_to_existing","https://www.myglobalhealth.online/portugal/pt/services/consulta-medica","2",""
"online-doctor","dr consulta","260","39","navigational","dronline.pt","2","https://dronline.pt/","","","76","P1","map_to_existing","https://www.myglobalhealth.online/portugal/pt/services/consulta-medica","2",""
"prescription-renewal","prescrição médica eletronica","720","8","transactional","dronline.pt","69","https://dronline.pt/","","","94","P2","clinical_review_then_optimize","https://www.myglobalhealth.online/portugal/pt/services/renovacao-de-tratamento","5","Prescribing intent: clinician and Portuguese compliance review required; never guarantee a prescription."
"prescription-renewal","receita medica","590","0","transactional","mediconanet.pt","3","","","","94","P2","clinical_review_then_optimize","https://www.myglobalhealth.online/portugal/pt/services/renovacao-de-tratamento","5","Requires clinician/compliance review before content changes. Prescribing intent: clinician and Portuguese compliance review required; never guarantee a prescription."
"prescription-renewal","pedir receitas medicas online","320","0","transactional","mediconanet.pt","4","","","","94","P2","clinical_review_then_optimize","https://www.myglobalhealth.online/portugal/pt/services/renovacao-de-tratamento","5","Prescribing intent: clinician and Portuguese compliance review required; never guarantee a prescription."
"prescription-renewal","pedir receita medica online","320","0","transactional","mediconanet.pt","2","","","","94","P2","clinical_review_then_optimize","https://www.myglobalhealth.online/portugal/pt/services/renovacao-de-tratamento","5","Requires clinician/compliance review before content changes. Prescribing intent: clinician and Portuguese compliance review required; never guarantee a prescription."
"prescription-renewal","receita medica online","320","0","transactional","mediconanet.pt","3","","","","94","P2","clinical_review_then_optimize","https://www.myglobalhealth.online/portugal/pt/services/renovacao-de-tratamento","5","Requires clinician/compliance review before content changes. Prescribing intent: clinician and Portuguese compliance review required; never guarantee a prescription."
"prescription-renewal","receita médica online","320","0","transactional","mediconanet.pt","2","","","","94","P2","clinical_review_then_optimize","https://www.myglobalhealth.online/portugal/pt/services/renovacao-de-tratamento","5","Requires clinician/compliance review before content changes. Prescribing intent: clinician and Portuguese compliance review required; never guarantee a prescription."
"sick-leave","baixa psicológica paga a 100 portugal","210","0","transactional","dronline.pt","16","https://dronline.pt/baixa-medica-como-pedir-quais-os-meus-direitos-e-valores-de-pagamento/","","","94","P2","map_to_existing","https://www.myglobalhealth.online/portugal/pt/services/baixa-medica","3",""
"prescription-renewal","pedir receita online","210","0","transactional","mediconanet.pt","5","","","","94","P2","clinical_review_then_optimize","https://www.myglobalhealth.online/portugal/pt/services/renovacao-de-tratamento","5","Requires clinician/compliance review before content changes. Prescribing intent: clinician and Portuguese compliance review required; never guarantee a prescription."
"sick-leave","baixa profissional e paga a 100","170","0","transactional","dronline.pt","20","https://dronline.pt/baixa-medica-como-pedir-quais-os-meus-direitos-e-valores-de-pagamento/","","","94","P2","map_to_existing","https://www.myglobalhealth.online/portugal/pt/services/baixa-medica","3",""
"family-medicine","pedir médico de família online","170","8","transactional","dronline.pt","7","https://dronline.pt/","","","94","P2","map_to_existing","https://www.myglobalhealth.online/portugal/pt/services/medicina-geral-e-familiar","2",""
"sick-leave","prazo entrega baixa medica entidade patronal","170","0","transactional","dronline.pt","18","https://dronline.pt/baixa-medica-como-pedir-quais-os-meus-direitos-e-valores-de-pagamento/","","","94","P2","map_to_existing","https://www.myglobalhealth.online/portugal/pt/services/baixa-medica","3",""
"sick-leave","baixa por assistência a cônjuge e paga","140","0","transactional","dronline.pt","30","https://dronline.pt/baixa-medica-como-pedir-quais-os-meus-direitos-e-valores-de-pagamento/","","","94","P2","map_to_existing","https://www.myglobalhealth.online/portugal/pt/services/baixa-medica","3",""
"sick-leave","baixa profissional e paga à 100","110","0","transactional","dronline.pt","19","https://dronline.pt/baixa-medica-como-pedir-quais-os-meus-direitos-e-valores-de-pagamento/","","","94","P2","map_to_existing","https://www.myglobalhealth.online/portugal/pt/services/baixa-medica","3",""
"womens-health","teste de gravidez","14800","0","informational","hospitaldaluz.pt","4","","","","92","P2","map_to_existing","https://www.myglobalhealth.online/portugal/pt/services/saude-da-mulher","2",""
"referrals-and-tests","análise clínica","12100","0","informational","lusiadas.pt","6","","","","92","P2","map_to_existing","https://www.myglobalhealth.online/portugal/pt/services/consulta-de-referenciacao","2",""
"online-doctor","doença da zona","12100","0","informational","cuf.pt","2","","","","92","P2","map_to_existing","https://www.myglobalhealth.online/portugal/pt/services/consulta-medica","2",""
"sick-leave","baixa médica a 100 para doentes oncológicos","210","0","commercial","dronline.pt","62","https://dronline.pt/baixa-medica-como-pedir-quais-os-meus-direitos-e-valores-de-pagamento/","","","90","P2","map_to_existing","https://www.myglobalhealth.online/portugal/pt/services/baixa-medica","3",""
"sick-leave","baixa por cirurgia quanto se recebe","170","0","commercial","dronline.pt","8","https://dronline.pt/baixa-medica-como-pedir-quais-os-meus-direitos-e-valores-de-pagamento/","","","90","P2","map_to_existing","https://www.myglobalhealth.online/portugal/pt/services/baixa-medica","3",""
"mental-health","tdah","12100","23","informational","mediconanet.pt","47","","","","89","P2","map_to_existing","https://www.myglobalhealth.online/portugal/pt/services/saude-mental","2",""
"online-doctor","doença do beijinho","4400","0","informational","hospitaldaluz.pt","2","","","","89","P2","map_to_existing","https://www.myglobalhealth.online/portugal/pt/services/consulta-medica","2",""
"oncology","cancros de pele","3600","0","informational","lusiadas.pt","2","","","","89","P2","map_to_existing","https://www.myglobalhealth.online/portugal/pt/services/consulta-de-oncologia","2",""
"womens-health","gravidez ectópica","3600","0","informational","hospitaldaluz.pt","2","","","","89","P2","map_to_existing","https://www.myglobalhealth.online/portugal/pt/services/saude-da-mulher","2",""
"sick-leave","baixa psicológica","1900","0","informational","dronline.pt","13","https://dronline.pt/produto/baixa-medica-online-certificado-de-incapacidade-temporaria/","","","89","P2","map_to_existing","https://www.myglobalhealth.online/portugal/pt/services/baixa-medica","3",""
"prescription-renewal","prescrição","1600","0","informational","mediconanet.pt","11","","","","89","P2","clinical_review_then_optimize","https://www.myglobalhealth.online/portugal/pt/services/renovacao-de-tratamento","5","Prescribing intent: clinician and Portuguese compliance review required; never guarantee a prescription."
"family-medicine","médico de família","1300","0","informational","dronline.pt","11","https://dronline.pt/doutor-familia/","","","89","P2","map_to_existing","https://www.myglobalhealth.online/portugal/pt/services/medicina-geral-e-familiar","2",""
"sick-leave","simulador baixa médica","1300","0","informational","dronline.pt","4","https://dronline.pt/simulador-baixa-medica/","","","89","P2","map_to_existing","https://www.myglobalhealth.online/portugal/pt/services/baixa-medica","3",""
"mens-health","exame prostata","1300","0","informational","dronline.pt","76","https://kits.dronline.pt/product/teste-prostata-psa/","","","89","P2","map_to_existing","https://www.myglobalhealth.online/portugal/pt/services/saude-do-homem","2",""
"dermatology","micose pele","1000","0","informational","teleconsultaportugal.com","43","","","","89","P2","map_to_existing","https://www.myglobalhealth.online/portugal/pt/services/consulta-dermatologia","2",""
"dermatology","micoses na pele","1000","0","informational","teleconsultaportugal.com","58","","","","89","P2","map_to_existing","https://www.myglobalhealth.online/portugal/pt/services/consulta-dermatologia","2",""
"online-doctor","medico","8100","17","informational","dronline.pt","7","https://dronline.pt/","","","86","P2","map_to_existing","https://www.myglobalhealth.online/portugal/pt/services/consulta-medica","2",""
"mental-health","tdah o q é","5400","19","informational","mediconanet.pt","66","","","","86","P2","map_to_existing","https://www.myglobalhealth.online/portugal/pt/services/saude-mental","2",""
"mental-health","saude mental definição","3600","17","informational","medis.pt","6","","","","86","P2","map_to_existing","https://www.myglobalhealth.online/portugal/pt/services/saude-mental","2",""
"sick-leave","baixa psicológica paga a 100","880","0","informational","dronline.pt","17","https://dronline.pt/baixa-medica-como-pedir-quais-os-meus-direitos-e-valores-de-pagamento/","","","86","P2","map_to_existing","https://www.myglobalhealth.online/portugal/pt/services/baixa-medica","3",""
"online-doctor","médico do ouvido","880","0","informational","dronline.pt","30","https://dronline.pt/produto/medico-para-ouvido/","","","86","P2","map_to_existing","https://www.myglobalhealth.online/portugal/pt/services/consulta-medica","2",""
"sick-leave","auto baixa medica","720","0","informational","dronline.pt","35","https://dronline.pt/produto/baixa-medica-online-certificado-de-incapacidade-temporaria/","","","86","P2","map_to_existing","https://www.myglobalhealth.online/portugal/pt/services/baixa-medica","3",""
"prescription-renewal","prescrição médica","720","0","informational","dronline.pt","54","https://dronline.pt/evite-as-vendas-suspensas-em-farmacias/","","","86","P2","clinical_review_then_optimize","https://www.myglobalhealth.online/portugal/pt/services/renovacao-de-tratamento","5","Prescribing intent: clinician and Portuguese compliance review required; never guarantee a prescription."
"prescription-renewal","prescrições médicas","720","0","informational","dronline.pt","50","https://dronline.pt/evite-as-vendas-suspensas-em-farmacias/","","","86","P2","clinical_review_then_optimize","https://www.myglobalhealth.online/portugal/pt/services/renovacao-de-tratamento","5","Prescribing intent: clinician and Portuguese compliance review required; never guarantee a prescription."
"sick-leave","baixa medica valores","590","0","informational","dronline.pt","7","https://dronline.pt/baixa-medica-como-pedir-quais-os-meus-direitos-e-valores-de-pagamento/","","","86","P2","map_to_existing","https://www.myglobalhealth.online/portugal/pt/services/baixa-medica","3",""
"sick-leave","baixa médica valores","590","0","informational","dronline.pt","7","https://dronline.pt/baixa-medica-como-pedir-quais-os-meus-direitos-e-valores-de-pagamento/","","","86","P2","map_to_existing","https://www.myglobalhealth.online/portugal/pt/services/baixa-medica","3",""
"prescription-renewal","receitas medicas","590","8","informational","mediconanet.pt","5","","","","86","P2","clinical_review_then_optimize","https://www.myglobalhealth.online/portugal/pt/services/renovacao-de-tratamento","5","Prescribing intent: clinician and Portuguese compliance review required; never guarantee a prescription."
"referrals-and-tests","exame medico","590","0","informational","dronline.pt","57","https://dronline.pt/","","","86","P2","map_to_existing","https://www.myglobalhealth.online/portugal/pt/services/consulta-de-referenciacao","2",""
"online-doctor","exames medicos","590","9","informational","dronline.pt","20","https://dronline.pt/produto/requisicao-de-exames/","","","86","P2","map_to_existing","https://www.myglobalhealth.online/portugal/pt/services/consulta-medica","2",""
"online-doctor","subsídio de doença","590","0","informational","dronline.pt","17","https://dronline.pt/baixa-medica-como-pedir-quais-os-meus-direitos-e-valores-de-pagamento/","","","86","P2","map_to_existing","https://www.myglobalhealth.online/portugal/pt/services/consulta-medica","2",""
"sick-leave","baixa medica 3 dias","480","0","informational","dronline.pt","7","https://dronline.pt/baixa-medica-como-pedir-quais-os-meus-direitos-e-valores-de-pagamento/","","","86","P2","map_to_existing","https://www.myglobalhealth.online/portugal/pt/services/baixa-medica","3",""
"sick-leave","baixa psiquiatrica","480","0","informational","mediconanet.pt","10","","","","86","P2","map_to_existing","https://www.myglobalhealth.online/portugal/pt/services/baixa-medica","3",""
"medical-certificates","atestado","390","0","informational","dronline.pt","4","https://dronline.pt/atestados-medicos/","","","86","P2","map_to_existing","https://www.myglobalhealth.online/portugal/pt/services/certificados-medicos","3",""
"sick-leave","baixa de 3 dias","390","0","informational","dronline.pt","40","https://dronline.pt/baixa-medica-como-pedir-quais-os-meus-direitos-e-valores-de-pagamento/","","","86","P2","map_to_existing","https://www.myglobalhealth.online/portugal/pt/services/baixa-medica","3",""
"sick-leave","baixa por burnout paga a 100","390","0","informational","dronline.pt","18","https://dronline.pt/baixa-medica-como-pedir-quais-os-meus-direitos-e-valores-de-pagamento/","","","86","P2","map_to_existing","https://www.myglobalhealth.online/portugal/pt/services/baixa-medica","3",""
"sick-leave","baixa profissional","390","0","informational","dronline.pt","38","https://dronline.pt/baixa-medica-como-pedir-quais-os-meus-direitos-e-valores-de-pagamento/","","","86","P2","map_to_existing","https://www.myglobalhealth.online/portugal/pt/services/baixa-medica","3",""
"sick-leave","quanto se recebe de baixa","390","0","informational","dronline.pt","9","https://dronline.pt/baixa-medica-como-pedir-quais-os-meus-direitos-e-valores-de-pagamento/","","","86","P2","map_to_existing","https://www.myglobalhealth.online/portugal/pt/services/baixa-medica","3",""
"sick-leave","quanto tempo demora a receber a baixa medica","390","0","informational","dronline.pt","7","https://dronline.pt/baixa-medica-como-pedir-quais-os-meus-direitos-e-valores-de-pagamento/","","","86","P2","map_to_existing","https://www.myglobalhealth.online/portugal/pt/services/baixa-medica","3",""
"sick-leave","quanto tempo demora a receber a baixa médica","390","0","informational","dronline.pt","7","https://dronline.pt/baixa-medica-como-pedir-quais-os-meus-direitos-e-valores-de-pagamento/","","","86","P2","map_to_existing","https://www.myglobalhealth.online/portugal/pt/services/baixa-medica","3",""
"sick-leave","regresso ao trabalho após baixa prolongada","390","0","informational","mediconanet.pt","4","","","","86","P2","map_to_existing","https://www.myglobalhealth.online/portugal/pt/services/baixa-medica","3",""
"prescription-renewal","receita online","390","0","informational","mediconanet.pt","2","","","","86","P2","clinical_review_then_optimize","https://www.myglobalhealth.online/portugal/pt/services/renovacao-de-tratamento","5","Requires clinician/compliance review before content changes. Prescribing intent: clinician and Portuguese compliance review required; never guarantee a prescription."
"sick-leave","como pedir auto baixa","320","0","informational","dronline.pt","43","https://dronline.pt/baixa-medica-como-pedir-quais-os-meus-direitos-e-valores-de-pagamento/","","","86","P2","map_to_existing","https://www.myglobalhealth.online/portugal/pt/services/baixa-medica","3",""
"sick-leave","como pedir baixa medica","320","0","informational","dronline.pt","8","https://dronline.pt/baixa-medica-como-pedir-quais-os-meus-direitos-e-valores-de-pagamento/","","","86","P2","map_to_existing","https://www.myglobalhealth.online/portugal/pt/services/baixa-medica","3",""
"sick-leave","como pedir baixa médica","320","0","informational","dronline.pt","6","https://dronline.pt/baixa-medica-como-pedir-quais-os-meus-direitos-e-valores-de-pagamento/","","","86","P2","map_to_existing","https://www.myglobalhealth.online/portugal/pt/services/baixa-medica","3",""
"prescription-renewal","receitas medicas online","320","0","informational","mediconanet.pt","3","","","","86","P2","clinical_review_then_optimize","https://www.myglobalhealth.online/portugal/pt/services/renovacao-de-tratamento","5","Prescribing intent: clinician and Portuguese compliance review required; never guarantee a prescription."
"sick-leave","baixa médica pagamento","320","0","informational","dronline.pt","5","https://dronline.pt/baixa-medica-como-pedir-quais-os-meus-direitos-e-valores-de-pagamento/","","","86","P2","map_to_existing","https://www.myglobalhealth.online/portugal/pt/services/baixa-medica","3",""
"sick-leave","baixa médica pagamentos","320","0","informational","dronline.pt","6","https://dronline.pt/baixa-medica-como-pedir-quais-os-meus-direitos-e-valores-de-pagamento/","","","86","P2","map_to_existing","https://www.myglobalhealth.online/portugal/pt/services/baixa-medica","3",""
"sick-leave","baixa médica quanto se recebe","320","0","informational","dronline.pt","8","https://dronline.pt/baixa-medica-como-pedir-quais-os-meus-direitos-e-valores-de-pagamento/","","","86","P2","map_to_existing","https://www.myglobalhealth.online/portugal/pt/services/baixa-medica","3",""
"sick-leave","baixa por internamento é paga a 100","320","0","informational","dronline.pt","7","https://dronline.pt/baixa-medica-como-pedir-quais-os-meus-direitos-e-valores-de-pagamento/","","","86","P2","map_to_existing","https://www.myglobalhealth.online/portugal/pt/services/baixa-medica","3",""
"sick-leave","baixa psiquiatrica é paga a 100","320","0","informational","dronline.pt","11","https://dronline.pt/baixa-medica-como-pedir-quais-os-meus-direitos-e-valores-de-pagamento/","","","86","P2","map_to_existing","https://www.myglobalhealth.online/portugal/pt/services/baixa-medica","3",""
"sick-leave","baixa psiquiátrica é paga na totalidade","320","0","informational","dronline.pt","15","https://dronline.pt/baixa-medica-como-pedir-quais-os-meus-direitos-e-valores-de-pagamento/","","","86","P2","map_to_existing","https://www.myglobalhealth.online/portugal/pt/services/baixa-medica","3",""
"sick-leave","quem pode passar baixa médica","320","0","informational","dronline.pt","4","https://dronline.pt/baixa-medica-como-pedir-quais-os-meus-direitos-e-valores-de-pagamento/","","","86","P2","map_to_existing","https://www.myglobalhealth.online/portugal/pt/services/baixa-medica","3",""
"online-doctor","lar medico","320","0","informational","dronline.pt","54","https://dronline.pt/","","","86","P2","map_to_existing","https://www.myglobalhealth.online/portugal/pt/services/consulta-medica","2",""
"sick-leave","como pedir baixa online","260","0","informational","dronline.pt","7","https://dronline.pt/baixa-medica-como-pedir-quais-os-meus-direitos-e-valores-de-pagamento/","","","86","P2","map_to_existing","https://www.myglobalhealth.online/portugal/pt/services/baixa-medica","3",""
"sick-leave","baixa médica quanto recebo","260","0","informational","dronline.pt","8","https://dronline.pt/baixa-medica-como-pedir-quais-os-meus-direitos-e-valores-de-pagamento/","","","86","P2","map_to_existing","https://www.myglobalhealth.online/portugal/pt/services/baixa-medica","3",""
"sick-leave","baixa por cirurgia de ambulatório quanto se recebe","260","0","informational","dronline.pt","1","https://dronline.pt/baixa-medica-como-pedir-quais-os-meus-direitos-e-valores-de-pagamento/","","","86","P2","map_to_existing","https://www.myglobalhealth.online/portugal/pt/services/baixa-medica","3",""
"sick-leave","pagamento baixa medica","260","0","informational","dronline.pt","6","https://dronline.pt/baixa-medica-como-pedir-quais-os-meus-direitos-e-valores-de-pagamento/","","","86","P2","map_to_existing","https://www.myglobalhealth.online/portugal/pt/services/baixa-medica","3",""
"sick-leave","pagamento baixa médica","260","0","informational","dronline.pt","6","https://dronline.pt/baixa-medica-como-pedir-quais-os-meus-direitos-e-valores-de-pagamento/","","","86","P2","map_to_existing","https://www.myglobalhealth.online/portugal/pt/services/baixa-medica","3",""
"sick-leave","prazo para renovar baixa médica","260","0","informational","mediconanet.pt","7","","","","86","P2","map_to_existing","https://www.myglobalhealth.online/portugal/pt/services/baixa-medica","3",""
"mens-health","exame de próstata","260","0","informational","dronline.pt","85","https://kits.dronline.pt/product/teste-prostata-psa/","","","86","P2","map_to_existing","https://www.myglobalhealth.online/portugal/pt/services/saude-do-homem","2",""
"family-medicine","médica clinica geral","260","0","informational","dronline.pt","94","https://dronline.pt/produto/videoconsulta-de-clinica-geral/","","","86","P2","map_to_existing","https://www.myglobalhealth.online/portugal/pt/services/medicina-geral-e-familiar","2",""
"online-doctor","travelling doctor","260","12","informational","dronline.pt","9","https://dronline.pt/en/produto/consulta-do-viajante/","","","86","P2","map_to_existing","https://www.myglobalhealth.online/portugal/pt/services/consulta-medica","2",""
"medical-certificates","atestado adse","210","0","informational","dronline.pt","15","https://dronline.pt/baixa-medica-como-pedir-quais-os-meus-direitos-e-valores-de-pagamento/","","","86","P2","map_to_existing","https://www.myglobalhealth.online/portugal/pt/services/certificados-medicos","3",""
"medical-certificates","atestado médico: adse regras","210","0","informational","dronline.pt","7","https://dronline.pt/baixa-medica-como-pedir-quais-os-meus-direitos-e-valores-de-pagamento/","","","86","P2","map_to_existing","https://www.myglobalhealth.online/portugal/pt/services/certificados-medicos","3",""
"medical-certificates","atestado médico portugal","210","0","informational","mediconanet.pt","4","","","","86","P2","map_to_existing","https://www.myglobalhealth.online/portugal/pt/services/certificados-medicos","3",""
"sick-leave","baixa médica cga pagamento","210","0","informational","dronline.pt","22","https://dronline.pt/baixa-medica-como-pedir-quais-os-meus-direitos-e-valores-de-pagamento/","","","86","P2","map_to_existing","https://www.myglobalhealth.online/portugal/pt/services/baixa-medica","3",""
"sick-leave","baixa por burnout","210","0","informational","mediconanet.pt","8","","","","86","P2","map_to_existing","https://www.myglobalhealth.online/portugal/pt/services/baixa-medica","3",""
"prescription-renewal","prescrição medica","210","0","informational","dronline.pt","57","https://dronline.pt/evite-as-vendas-suspensas-em-farmacias/","","","86","P2","clinical_review_then_optimize","https://www.myglobalhealth.online/portugal/pt/services/renovacao-de-tratamento","5","Prescribing intent: clinician and Portuguese compliance review required; never guarantee a prescription."
"online-doctor","cedula profissional medico","210","0","informational","dronline.pt","42","https://dronline.pt/","","","86","P2","map_to_existing","https://www.myglobalhealth.online/portugal/pt/services/consulta-medica","2",""
"online-doctor","cedula profissional medicos","210","0","informational","dronline.pt","41","https://dronline.pt/","","","86","P2","map_to_existing","https://www.myglobalhealth.online/portugal/pt/services/consulta-medica","2",""
"online-doctor","consultor medico","210","0","informational","dronline.pt","37","https://dronline.pt/","","","86","P2","map_to_existing","https://www.myglobalhealth.online/portugal/pt/services/consulta-medica","2",""
"online-doctor","consultor médico","210","0","informational","dronline.pt","55","https://dronline.pt/","","","86","P2","map_to_existing","https://www.myglobalhealth.online/portugal/pt/services/consulta-medica","2",""
"online-doctor","ficha de aptidão medica","210","0","informational","dronline.pt","48","https://dronline.pt/produto/atestado-profissional/","","","86","P2","map_to_existing","https://www.myglobalhealth.online/portugal/pt/services/consulta-medica","2",""
"sick-leave","como pedir baixa psicologica","170","0","informational","dronline.pt","7","https://dronline.pt/produto/baixa-medica-online-certificado-de-incapacidade-temporaria/","","","86","P2","map_to_existing","https://www.myglobalhealth.online/portugal/pt/services/baixa-medica","3",""
"sick-leave","baixa médica 3 dias e paga","170","0","informational","dronline.pt","10","https://dronline.pt/baixa-medica-como-pedir-quais-os-meus-direitos-e-valores-de-pagamento/","","","86","P2","map_to_existing","https://www.myglobalhealth.online/portugal/pt/services/baixa-medica","3",""
"sick-leave","baixa médica adse pagamento","170","0","informational","dronline.pt","4","https://dronline.pt/baixa-medica-como-pedir-quais-os-meus-direitos-e-valores-de-pagamento/","","","86","P2","map_to_existing","https://www.myglobalhealth.online/portugal/pt/services/baixa-medica","3",""
"sick-leave","baixa médica por doença oncológica remunerada a 100","170","0","informational","dronline.pt","63","https://dronline.pt/baixa-medica-como-pedir-quais-os-meus-direitos-e-valores-de-pagamento/","","","86","P2","map_to_existing","https://www.myglobalhealth.online/portugal/pt/services/baixa-medica","3",""
"sick-leave","baixa por assistência a cônjuge é paga","170","0","informational","dronline.pt","28","https://dronline.pt/baixa-medica-como-pedir-quais-os-meus-direitos-e-valores-de-pagamento/","","","86","P2","map_to_existing","https://www.myglobalhealth.online/portugal/pt/services/baixa-medica","3",""
"sick-leave","baixa por internamento","170","0","informational","dronline.pt","8","https://dronline.pt/baixa-medica-como-pedir-quais-os-meus-direitos-e-valores-de-pagamento/","","","86","P2","map_to_existing","https://www.myglobalhealth.online/portugal/pt/services/baixa-medica","3",""
"sick-leave","calculadora baixa medica","170","0","informational","dronline.pt","2","https://dronline.pt/simulador-baixa-medica/","","","86","P2","map_to_existing","https://www.myglobalhealth.online/portugal/pt/services/baixa-medica","3",""
"sick-leave","calculadora baixa médica","170","0","informational","dronline.pt","2","https://dronline.pt/simulador-baixa-medica/","","","86","P2","map_to_existing","https://www.myglobalhealth.online/portugal/pt/services/baixa-medica","3",""
"sick-leave","calcular baixa médica","170","0","informational","dronline.pt","4","https://dronline.pt/simulador-baixa-medica/","","","86","P2","map_to_existing","https://www.myglobalhealth.online/portugal/pt/services/baixa-medica","3",""
"sick-leave","calculo baixa medica","170","0","informational","dronline.pt","4","https://dronline.pt/simulador-baixa-medica/","","","86","P2","map_to_existing","https://www.myglobalhealth.online/portugal/pt/services/baixa-medica","3",""
"sick-leave","perda de férias por baixa médica","170","0","informational","mediconanet.pt","4","","","","86","P2","map_to_existing","https://www.myglobalhealth.online/portugal/pt/services/baixa-medica","3",""
"sick-leave","quantos dias tenho para entregar a baixa","170","0","informational","dronline.pt","19","https://dronline.pt/baixa-medica-como-pedir-quais-os-meus-direitos-e-valores-de-pagamento/","","","86","P2","map_to_existing","https://www.myglobalhealth.online/portugal/pt/services/baixa-medica","3",""
"sick-leave","retomar baixa medica","170","0","informational","dronline.pt","35","https://dronline.pt/baixa-medica-como-pedir-quais-os-meus-direitos-e-valores-de-pagamento/","","","86","P2","map_to_existing","https://www.myglobalhealth.online/portugal/pt/services/baixa-medica","3",""
"sick-leave","simulador baixa médica 2025","170","0","informational","dronline.pt","5","https://dronline.pt/simulador-baixa-medica/","","","86","P2","map_to_existing","https://www.myglobalhealth.online/portugal/pt/services/baixa-medica","3",""
"sick-leave","tipos de baixa médica","170","0","informational","dronline.pt","10","https://dronline.pt/baixa-medica-como-pedir-quais-os-meus-direitos-e-valores-de-pagamento/","","","86","P2","map_to_existing","https://www.myglobalhealth.online/portugal/pt/services/baixa-medica","3",""
"sick-leave","valor baixa médica","170","0","informational","dronline.pt","8","https://dronline.pt/baixa-medica-como-pedir-quais-os-meus-direitos-e-valores-de-pagamento/","","","86","P2","map_to_existing","https://www.myglobalhealth.online/portugal/pt/services/baixa-medica","3",""
"online-doctor","medico a casa","170","0","informational","dronline.pt","60","https://dronline.pt/","","","86","P2","map_to_existing","https://www.myglobalhealth.online/portugal/pt/services/consulta-medica","2",""
"family-medicine","medico familia","170","6","informational","dronline.pt","13","https://dronline.pt/","","","86","P2","map_to_existing","https://www.myglobalhealth.online/portugal/pt/services/medicina-geral-e-familiar","2",""
"sick-leave","após 3 anos de baixa médica","140","0","informational","dronline.pt","22","https://dronline.pt/baixa-medica-como-pedir-quais-os-meus-direitos-e-valores-de-pagamento/","","","86","P2","map_to_existing","https://www.myglobalhealth.online/portugal/pt/services/baixa-medica","3",""
"sick-leave","baixa adse","140","0","informational","dronline.pt","9","https://dronline.pt/baixa-medica-como-pedir-quais-os-meus-direitos-e-valores-de-pagamento/","","","86","P2","map_to_existing","https://www.myglobalhealth.online/portugal/pt/services/baixa-medica","3",""
"sick-leave","baixa médica como funciona","140","0","informational","dronline.pt","1","https://dronline.pt/baixa-medica-como-pedir-quais-os-meus-direitos-e-valores-de-pagamento/","","","86","P2","map_to_existing","https://www.myglobalhealth.online/portugal/pt/services/baixa-medica","3",""
"sick-leave","baixa médica em inglês","140","0","informational","dronline.pt","9","https://dronline.pt/en/baixa-medica-como-pedir-quais-os-meus-direitos-e-valores-de-pagamento/","","","86","P2","map_to_existing","https://www.myglobalhealth.online/portugal/pt/services/baixa-medica","3",""
"sick-leave","cálculo subsídio natal baixa médica","140","0","informational","dronline.pt","17","https://dronline.pt/simulador-baixa-medica/","","","86","P2","map_to_existing","https://www.myglobalhealth.online/portugal/pt/services/baixa-medica","3",""
"sick-leave","quanto se recebe de baixa medica","140","0","informational","dronline.pt","8","https://dronline.pt/baixa-medica-como-pedir-quais-os-meus-direitos-e-valores-de-pagamento/","","","86","P2","map_to_existing","https://www.myglobalhealth.online/portugal/pt/services/baixa-medica","3",""
"sick-leave","remuneração baixa médica função pública","140","0","informational","dronline.pt","11","https://dronline.pt/baixa-medica-como-pedir-quais-os-meus-direitos-e-valores-de-pagamento/","","","86","P2","map_to_existing","https://www.myglobalhealth.online/portugal/pt/services/baixa-medica","3",""
"sick-leave","retomar baixa médica","140","0","informational","dronline.pt","34","https://dronline.pt/baixa-medica-como-pedir-quais-os-meus-direitos-e-valores-de-pagamento/","","","86","P2","map_to_existing","https://www.myglobalhealth.online/portugal/pt/services/baixa-medica","3",""
"sick-leave","simulador de baixa médica","140","0","informational","dronline.pt","2","https://dronline.pt/simulador-baixa-medica/","","","86","P2","map_to_existing","https://www.myglobalhealth.online/portugal/pt/services/baixa-medica","3",""
"sick-leave","trust baixa","140","5","informational","dronline.pt","71","https://dronline.pt/produto/baixa-medica-online-certificado-de-incapacidade-temporaria/","","","86","P2","map_to_existing","https://www.myglobalhealth.online/portugal/pt/services/baixa-medica","3",""
"sick-leave","valor da baixa por doença oncológica","140","0","informational","dronline.pt","30","https://dronline.pt/baixa-medica-como-pedir-quais-os-meus-direitos-e-valores-de-pagamento/","","","86","P2","map_to_existing","https://www.myglobalhealth.online/portugal/pt/services/baixa-medica","3",""
"mental-health","adhd o'que e","140","12","informational","dronline.pt","80","https://dronline.pt/en/phda-o-que-e-e-quais-os-sintomas/","","","86","P2","map_to_existing","https://www.myglobalhealth.online/portugal/pt/services/saude-mental","2",""
"online-doctor","médico do nariz","140","0","informational","dronline.pt","18","https://dronline.pt/produto/medico-para-ouvido/","","","86","P2","map_to_existing","https://www.myglobalhealth.online/portugal/pt/services/consulta-medica","2",""
"sick-leave","1095 dias de baixa e depois","110","0","informational","dronline.pt","25","https://dronline.pt/baixa-medica-como-pedir-quais-os-meus-direitos-e-valores-de-pagamento/","","","86","P2","map_to_existing","https://www.myglobalhealth.online/portugal/pt/services/baixa-medica","3",""
"medical-certificates","adse atestado médico","110","0","informational","dronline.pt","8","https://dronline.pt/baixa-medica-como-pedir-quais-os-meus-direitos-e-valores-de-pagamento/","","","86","P2","map_to_existing","https://www.myglobalhealth.online/portugal/pt/services/certificados-medicos","3",""
"medical-certificates","atestado médico adse","110","0","informational","dronline.pt","10","https://dronline.pt/baixa-medica-como-pedir-quais-os-meus-direitos-e-valores-de-pagamento/","","","86","P2","map_to_existing","https://www.myglobalhealth.online/portugal/pt/services/certificados-medicos","3",""
"sick-leave","baixa por acidente de trabalho","110","0","informational","dronline.pt","52","https://dronline.pt/baixa-medica-como-pedir-quais-os-meus-direitos-e-valores-de-pagamento/","","","86","P2","map_to_existing","https://www.myglobalhealth.online/portugal/pt/services/baixa-medica","3",""
"sick-leave","estou de baixa posso sair ao fim de semana","110","0","informational","dronline.pt","30","https://dronline.pt/baixa-medica-como-pedir-quais-os-meus-direitos-e-valores-de-pagamento/","","","86","P2","map_to_existing","https://www.myglobalhealth.online/portugal/pt/services/baixa-medica","3",""
"online-doctor","madok clinic","110","0","informational","knok.pt","59","https://knok.pt/","","","86","P2","map_to_existing","https://www.myglobalhealth.online/portugal/pt/services/consulta-medica","2",""
"online-doctor","médico da garganta","110","0","informational","dronline.pt","15","https://dronline.pt/produto/medico-para-ouvido/","","","86","P2","map_to_existing","https://www.myglobalhealth.online/portugal/pt/services/consulta-medica","2",""
"online-doctor","medicos particulares","110","14","informational","dronline.pt","22","https://dronline.pt/","","","86","P2","map_to_existing","https://www.myglobalhealth.online/portugal/pt/services/consulta-medica","2",""
"online-doctor","plano médico real","110","0","informational","dronline.pt","42","https://dronline.pt/","","","86","P2","map_to_existing","https://www.myglobalhealth.online/portugal/pt/services/consulta-medica","2",""
"sick-leave","act baixa médica","110","17","informational","dronline.pt","42","https://dronline.pt/baixa-medica-como-pedir-quais-os-meus-direitos-e-valores-de-pagamento/","","","83","P2","map_to_existing","https://www.myglobalhealth.online/portugal/pt/services/baixa-medica","3",""
"mental-health","ansiedade e estresse","110","17","informational","dronline.pt","1","https://dronline.pt/diminuir-sintomas-ansiedade/","","","83","P2","map_to_existing","https://www.myglobalhealth.online/portugal/pt/services/saude-mental","2",""
"sick-leave","qual o valor da baixa medica","90","0","informational","dronline.pt","7","https://dronline.pt/baixa-medica-como-pedir-quais-os-meus-direitos-e-valores-de-pagamento/","","","83","P2","map_to_existing","https://www.myglobalhealth.online/portugal/pt/services/baixa-medica","3",""
"sick-leave","qual o valor da baixa médica","90","0","informational","dronline.pt","7","https://dronline.pt/baixa-medica-como-pedir-quais-os-meus-direitos-e-valores-de-pagamento/","","","83","P2","map_to_existing","https://www.myglobalhealth.online/portugal/pt/services/baixa-medica","3",""
"sick-leave","quando é paga a baixa medica","90","0","informational","dronline.pt","1","https://dronline.pt/baixa-medica-como-pedir-quais-os-meus-direitos-e-valores-de-pagamento/","","","83","P2","map_to_existing","https://www.myglobalhealth.online/portugal/pt/services/baixa-medica","3",""
"medical-certificates","atestado amamentação","70","0","informational","teleconsultaportugal.com","4","","","","83","P2","map_to_existing","https://www.myglobalhealth.online/portugal/pt/services/certificados-medicos","3",""
"medical-certificates","atestado para amamentação","70","0","informational","teleconsultaportugal.com","4","","","","83","P2","map_to_existing","https://www.myglobalhealth.online/portugal/pt/services/certificados-medicos","3",""
"online-doctor","doctor clin","10","9","informational","dronline.pt","16","https://dronline.pt/","","","83","P2","map_to_existing","https://www.myglobalhealth.online/portugal/pt/services/consulta-medica","2",""
"online-doctor","doc clinic","260","0","navigational","dronline.pt","20","https://dronline.pt/","","","82","P2","map_to_existing","https://www.myglobalhealth.online/portugal/pt/services/consulta-medica","2",""
"online-doctor","montepio saúde clínicas","170","0","navigational","dronline.pt","19","https://dronline.pt/dr-online-montepio/","","","82","P2","map_to_existing","https://www.myglobalhealth.online/portugal/pt/services/consulta-medica","2",""
"online-doctor","clinic walk in","140","0","navigational","dronline.pt","43","https://dronline.pt/en/consultas-urgencias/","","","82","P2","map_to_existing","https://www.myglobalhealth.online/portugal/pt/services/consulta-medica","2",""
"online-doctor","portal do médico","140","14","navigational","dronline.pt","31","https://dronline.pt/","","","82","P2","map_to_existing","https://www.myglobalhealth.online/portugal/pt/services/consulta-medica","2",""
"online-doctor","medicos","8100","61","informational","mediconanet.pt","19","","","","80","P2","map_to_existing","https://www.myglobalhealth.online/portugal/pt/services/consulta-medica","2",""
"online-doctor","doutor médico","320","35","informational","dronline.pt","1","https://dronline.pt/","","","80","P2","map_to_existing","https://www.myglobalhealth.online/portugal/pt/services/consulta-medica","2",""
"online-doctor","the dr clinic","260","21","navigational","dronline.pt","56","https://dronline.pt/","","","79","P2","map_to_existing","https://www.myglobalhealth.online/portugal/pt/services/consulta-medica","2",""
"online-doctor","portal do medico","140","29","navigational","dronline.pt","19","https://dronline.pt/","","","79","P2","map_to_existing","https://www.myglobalhealth.online/portugal/pt/services/consulta-medica","2",""
"online-doctor","medicos portugal","110","63","informational","dronline.pt","26","https://dronline.pt/","","","77","P2","map_to_existing","https://www.myglobalhealth.online/portugal/pt/services/consulta-medica","2",""
"driving-medical-certificate","renovação carta de condução online","2400","0","transactional","dronline.pt","46","https://dronline.pt/produto/atestado-de-conducao-apoio-imtonline/","","","97","P3","retain_existing_page; authority/link earning before further on-page experiment","https://www.myglobalhealth.online/portugal/pt/services/certificado-medico-carta-de-conducao","2","Fresh SERP/indexation evidence indicates an authority and SERP-competition constraint, not a title defect."
"driving-medical-certificate","atestado médico para renovar carta de condução","590","0","transactional","mediconanet.pt","9","","","","94","P3","retain_existing_page; authority/link earning before further on-page experiment","https://www.myglobalhealth.online/portugal/pt/services/certificado-medico-carta-de-conducao","3","Fresh SERP/indexation evidence indicates an authority and SERP-competition constraint, not a title defect."
"driving-medical-certificate","atestado médico online para carta de condução","260","0","transactional","dronline.pt","5","https://dronline.pt/produto/atestado-de-conducao-apoio-imtonline/","","","94","P3","retain_existing_page; authority/link earning before further on-page experiment","https://www.myglobalhealth.online/portugal/pt/services/certificado-medico-carta-de-conducao","3","Fresh SERP/indexation evidence indicates an authority and SERP-competition constraint, not a title defect."
"driving-medical-certificate","impresso para atestado médico carta de condução","90","0","transactional","dronline.pt","14","https://dronline.pt/produto/atestado-de-conducao-apoio-imtonline/","","","91","P3","retain_existing_page; authority/link earning before further on-page experiment","https://www.myglobalhealth.online/portugal/pt/services/certificado-medico-carta-de-conducao","3","Fresh SERP/indexation evidence indicates an authority and SERP-competition constraint, not a title defect."
"driving-medical-certificate","preço atestado médico para carta de condução","90","0","commercial","dronline.pt","13","https://dronline.pt/produto/atestado-de-conducao-apoio-imtonline/","","","87","P3","retain_existing_page; authority/link earning before further on-page experiment","https://www.myglobalhealth.online/portugal/pt/services/certificado-medico-carta-de-conducao","3","Fresh SERP/indexation evidence indicates an authority and SERP-competition constraint, not a title defect."
"driving-medical-certificate","onde obter atestado médico para carta de condução","260","0","informational","mediconanet.pt","7","","","","86","P3","retain_existing_page; authority/link earning before further on-page experiment","https://www.myglobalhealth.online/portugal/pt/services/certificado-medico-carta-de-conducao","3","Fresh SERP/indexation evidence indicates an authority and SERP-competition constraint, not a title defect."
"driving-medical-certificate","é preciso atestado medico para renovar a carta de condução","170","0","informational","dronline.pt","25","https://dronline.pt/produto/atestado-de-conducao-apoio-imtonline/","","","86","P3","retain_existing_page; authority/link earning before further on-page experiment","https://www.myglobalhealth.online/portugal/pt/services/certificado-medico-carta-de-conducao","3","Fresh SERP/indexation evidence indicates an authority and SERP-competition constraint, not a title defect."
"driving-medical-certificate","é preciso atestado médico para renovar a carta de condução","170","0","informational","dronline.pt","27","https://dronline.pt/produto/atestado-de-conducao-apoio-imtonline/","","","86","P3","retain_existing_page; authority/link earning before further on-page experiment","https://www.myglobalhealth.online/portugal/pt/services/certificado-medico-carta-de-conducao","3","Fresh SERP/indexation evidence indicates an authority and SERP-competition constraint, not a title defect."
"driving-medical-certificate","consulta carta de condução","170","6","informational","dronline.pt","1","https://dronline.pt/produto/atestado-de-conducao-apoio-imtonline/","","","86","P3","retain_existing_page; authority/link earning before further on-page experiment","https://www.myglobalhealth.online/portugal/pt/services/certificado-medico-carta-de-conducao","2","Fresh SERP/indexation evidence indicates an authority and SERP-competition constraint, not a title defect."
"driving-medical-certificate","exame médico para carta de condução","170","0","informational","mediconanet.pt","5","","","","86","P3","retain_existing_page; authority/link earning before further on-page experiment","https://www.myglobalhealth.online/portugal/pt/services/certificado-medico-carta-de-conducao","2","Fresh SERP/indexation evidence indicates an authority and SERP-competition constraint, not a title defect."
"driving-medical-certificate","atestado médico para carta de condução pdf","140","0","informational","dronline.pt","31","https://dronline.pt/produto/atestado-de-conducao-apoio-imtonline/","","","86","P3","retain_existing_page; authority/link earning before further on-page experiment","https://www.myglobalhealth.online/portugal/pt/services/certificado-medico-carta-de-conducao","3","Fresh SERP/indexation evidence indicates an authority and SERP-competition constraint, not a title defect."
"driving-medical-certificate","imt atestado médico","110","0","informational","dronline.pt","1","https://dronline.pt/produto/atestado-de-conducao-apoio-imtonline/","","","86","P3","retain_existing_page; authority/link earning before further on-page experiment","https://www.myglobalhealth.online/portugal/pt/services/certificado-medico-carta-de-conducao","3","Fresh SERP/indexation evidence indicates an authority and SERP-competition constraint, not a title defect."
"driving-medical-certificate","consulta de carta de condução","210","18","informational","dronline.pt","21","https://dronline.pt/produto/atestado-de-conducao-apoio-imtonline/","","","83","P3","retain_existing_page; authority/link earning before further on-page experiment","https://www.myglobalhealth.online/portugal/pt/services/certificado-medico-carta-de-conducao","2","Fresh SERP/indexation evidence indicates an authority and SERP-competition constraint, not a title defect."
"driving-medical-certificate","imt renovação carta","720","10","navigational","dronline.pt","36","https://dronline.pt/produto/atestado-de-conducao-apoio-imtonline/","","","82","P3","retain_existing_page; authority/link earning before further on-page experiment","https://www.myglobalhealth.online/portugal/pt/services/certificado-medico-carta-de-conducao","2","Fresh SERP/indexation evidence indicates an authority and SERP-competition constraint, not a title defect."
"driving-medical-certificate","a minha carta de condução consulta","260","6","navigational","dronline.pt","30","https://dronline.pt/produto/atestado-de-conducao-apoio-imtonline/","","","82","P3","retain_existing_page; authority/link earning before further on-page experiment","https://www.myglobalhealth.online/portugal/pt/services/certificado-medico-carta-de-conducao","2","Fresh SERP/indexation evidence indicates an authority and SERP-competition constraint, not a title defect."
"driving-medical-certificate","imt online renovação carta de condução","140","10","navigational","dronline.pt","32","https://dronline.pt/produto/atestado-de-conducao-apoio-imtonline/","","","82","P3","retain_existing_page; authority/link earning before further on-page experiment","https://www.myglobalhealth.online/portugal/pt/services/certificado-medico-carta-de-conducao","2","Fresh SERP/indexation evidence indicates an authority and SERP-competition constraint, not a title defect."
