"page_or_file","topic","risk_level","claims_requiring_review","source_status","reviewer_required","publish_status","notes"
"seo/portugal/content-briefs/00-market-hub.md -> https://www.myglobalhealth.online/portugal/pt","target-brand","medium","Service availability, clinician/regulatory credentials, prices, access claims, and booking CTA.","Current production CMS/service records require verification.","Compliance reviewer + Portugal content owner","blocked_pending_review","Draft brief only; no CMS publication or production data write in this task."
"seo/portugal/content-briefs/01-consulta-medica.md -> https://www.myglobalhealth.online/portugal/pt/services/consulta-medica","online-doctor","medium","Service scope, suitability, limitations, clinician credentials, price/availability, and urgent-care guidance.","Clinical sources and current service/CMS values require verification.","Relevant Portugal-registered clinician + content owner","blocked_pending_review","Draft brief only; no CMS publication or production data write in this task."
"seo/portugal/content-briefs/02-medicina-geral-familiar.md -> https://www.myglobalhealth.online/portugal/pt/services/medicina-geral-e-familiar","family-medicine","medium","Service scope, suitability, limitations, clinician credentials, price/availability, and urgent-care guidance.","Clinical sources and current service/CMS values require verification.","Relevant Portugal-registered clinician + content owner","blocked_pending_review","Draft brief only; no CMS publication or production data write in this task."
"seo/portugal/content-briefs/03-baixa-medica.md -> https://www.myglobalhealth.online/portugal/pt/services/baixa-medica","sick-leave","high","Eligibility, Portuguese process or legal requirements, document/prescription outcome, timelines, and explicit no-guarantee wording.","Official Portuguese source verification required.","Portugal-registered clinician + compliance/legal reviewer","blocked_pending_review","Draft brief only; no CMS publication or production data write in this task."
"seo/portugal/content-briefs/04-certificado-carta-conducao.md -> https://www.myglobalhealth.online/portugal/pt/services/certificado-medico-carta-de-conducao","driving-medical-certificate","high","Eligibility, Portuguese process or legal requirements, document/prescription outcome, timelines, and explicit no-guarantee wording.","Official Portuguese source verification required.","Portugal-registered clinician + compliance/legal reviewer","blocked_pending_review","Draft brief only; no CMS publication or production data write in this task."
"seo/portugal/content-briefs/05-certificados-medicos.md -> https://www.myglobalhealth.online/portugal/pt/services/certificados-medicos","medical-certificates","high","Eligibility, Portuguese process or legal requirements, document/prescription outcome, timelines, and explicit no-guarantee wording.","Official Portuguese source verification required.","Portugal-registered clinician + compliance/legal reviewer","blocked_pending_review","Draft brief only; no CMS publication or production data write in this task."
"seo/portugal/content-briefs/06-renovacao-tratamento.md -> https://www.myglobalhealth.online/portugal/pt/services/renovacao-de-tratamento","prescription-renewal","high","Eligibility, Portuguese process or legal requirements, document/prescription outcome, timelines, and explicit no-guarantee wording.","Official Portuguese source verification required.","Portugal-registered clinician + compliance/legal reviewer","blocked_pending_review","Draft brief only; no CMS publication or production data write in this task."
"seo/portugal/content-briefs/07-consulta-viajante.md -> https://www.myglobalhealth.online/portugal/pt/services/consulta-do-viajante","traveller-health","medium","Service scope, suitability, limitations, clinician credentials, price/availability, and urgent-care guidance.","Clinical sources and current service/CMS values require verification.","Relevant Portugal-registered clinician + content owner","blocked_pending_review","Draft brief only; no CMS publication or production data write in this task."
"seo/portugal/content-briefs/08-referenciacao.md -> https://www.myglobalhealth.online/portugal/pt/services/consulta-de-referenciacao","referrals-and-tests","medium","Service scope, suitability, limitations, clinician credentials, price/availability, and urgent-care guidance.","Clinical sources and current service/CMS values require verification.","Relevant Portugal-registered clinician + content owner","blocked_pending_review","Draft brief only; no CMS publication or production data write in this task."
"seo/portugal/content-briefs/09-cardiologia.md -> https://www.myglobalhealth.online/portugal/pt/services/consulta-cardiologia","cardiology","high","Symptoms, suitability, diagnosis/treatment boundaries, red flags, emergency limitations, and clinician scope.","Clinical sources and current service/CMS values require verification.","Relevant Portugal-registered clinician + compliance reviewer","blocked_pending_review","Draft brief only; no CMS publication or production data write in this task."
"seo/portugal/content-briefs/10-oncologia.md -> https://www.myglobalhealth.online/portugal/pt/services/consulta-de-oncologia","oncology","high","Symptoms, suitability, diagnosis/treatment boundaries, red flags, emergency limitations, and clinician scope.","Clinical sources and current service/CMS values require verification.","Relevant Portugal-registered clinician + compliance reviewer","blocked_pending_review","Draft brief only; no CMS publication or production data write in this task."
"seo/portugal/content-briefs/11-pediatria.md -> https://www.myglobalhealth.online/portugal/pt/services/pediatria-geral","pediatrics","high","Symptoms, suitability, diagnosis/treatment boundaries, red flags, emergency limitations, and clinician scope.","Clinical sources and current service/CMS values require verification.","Relevant Portugal-registered clinician + compliance reviewer","blocked_pending_review","Draft brief only; no CMS publication or production data write in this task."
"seo/portugal/content-briefs/12-psicologia.md -> https://www.myglobalhealth.online/portugal/pt/services/consulta-de-psicologia","psychology","high","Symptoms, suitability, diagnosis/treatment boundaries, red flags, emergency limitations, and clinician scope.","Clinical sources and current service/CMS values require verification.","Relevant Portugal-registered clinician + compliance reviewer","blocked_pending_review","Draft brief only; no CMS publication or production data write in this task."
"seo/portugal/content-briefs/13-psiquiatria.md -> https://www.myglobalhealth.online/portugal/pt/services/consulta-de-psiquiatria","psychiatry","high","Symptoms, suitability, diagnosis/treatment boundaries, red flags, emergency limitations, and clinician scope.","Clinical sources and current service/CMS values require verification.","Relevant Portugal-registered clinician + compliance reviewer","blocked_pending_review","Draft brief only; no CMS publication or production data write in this task."
"seo/portugal/content-briefs/14-saude-mental.md -> https://www.myglobalhealth.online/portugal/pt/services/saude-mental","mental-health","high","Symptoms, suitability, diagnosis/treatment boundaries, red flags, emergency limitations, and clinician scope.","Clinical sources and current service/CMS values require verification.","Relevant Portugal-registered clinician + compliance reviewer","blocked_pending_review","Draft brief only; no CMS publication or production data write in this task."
"seo/portugal/content-briefs/15-perda-peso.md -> https://www.myglobalhealth.online/portugal/pt/services/perda-de-peso","weight-management","high","Symptoms, suitability, diagnosis/treatment boundaries, red flags, emergency limitations, and clinician scope.","Clinical sources and current service/CMS values require verification.","Relevant Portugal-registered clinician + compliance reviewer","blocked_pending_review","Draft brief only; no CMS publication or production data write in this task."
"seo/portugal/content-briefs/16-dermatologia.md -> https://www.myglobalhealth.online/portugal/pt/services/consulta-dermatologia","dermatology","medium","Service scope, suitability, limitations, clinician credentials, price/availability, and urgent-care guidance.","Clinical sources and current service/CMS values require verification.","Relevant Portugal-registered clinician + content owner","blocked_pending_review","Draft brief only; no CMS publication or production data write in this task."
"seo/portugal/content-briefs/17-queda-cabelo.md -> https://www.myglobalhealth.online/portugal/pt/services/consulta-queda-de-cabelo","hair-loss","medium","Service scope, suitability, limitations, clinician credentials, price/availability, and urgent-care guidance.","Clinical sources and current service/CMS values require verification.","Relevant Portugal-registered clinician + content owner","blocked_pending_review","Draft brief only; no CMS publication or production data write in this task."
"seo/portugal/content-briefs/18-deixar-fumar.md -> https://www.myglobalhealth.online/portugal/pt/services/deixar-de-fumar","smoking-cessation","medium","Service scope, suitability, limitations, clinician credentials, price/availability, and urgent-care guidance.","Clinical sources and current service/CMS values require verification.","Relevant Portugal-registered clinician + content owner","blocked_pending_review","Draft brief only; no CMS publication or production data write in this task."
"seo/portugal/content-briefs/19-gestao-dor.md -> https://www.myglobalhealth.online/portugal/pt/services/gestao-da-dor","pain-management","high","Symptoms, suitability, diagnosis/treatment boundaries, red flags, emergency limitations, and clinician scope.","Clinical sources and current service/CMS values require verification.","Relevant Portugal-registered clinician + compliance reviewer","blocked_pending_review","Draft brief only; no CMS publication or production data write in this task."
"seo/portugal/content-briefs/20-saude-mulher.md -> https://www.myglobalhealth.online/portugal/pt/services/saude-da-mulher","womens-health","high","Symptoms, suitability, diagnosis/treatment boundaries, red flags, emergency limitations, and clinician scope.","Clinical sources and current service/CMS values require verification.","Relevant Portugal-registered clinician + compliance reviewer","blocked_pending_review","Draft brief only; no CMS publication or production data write in this task."
"seo/portugal/content-briefs/21-saude-homem.md -> https://www.myglobalhealth.online/portugal/pt/services/saude-do-homem","mens-health","high","Symptoms, suitability, diagnosis/treatment boundaries, red flags, emergency limitations, and clinician scope.","Clinical sources and current service/CMS values require verification.","Relevant Portugal-registered clinician + compliance reviewer","blocked_pending_review","Draft brief only; no CMS publication or production data write in this task."
"seo/portugal/content-briefs/22-segunda-opiniao.md -> https://www.myglobalhealth.online/portugal/pt/services/segunda-opiniao-medica","second-opinion","medium","Service scope, suitability, limitations, clinician credentials, price/availability, and urgent-care guidance.","Clinical sources and current service/CMS values require verification.","Relevant Portugal-registered clinician + content owner","blocked_pending_review","Draft brief only; no CMS publication or production data write in this task."
"seo/portugal/content-briefs/23-tensao-arterial.md -> https://www.myglobalhealth.online/portugal/pt/tools/blood-pressure-chart","health-tools","medium","Service scope, suitability, limitations, clinician credentials, price/availability, and urgent-care guidance.","Clinical sources and current service/CMS values require verification.","Relevant Portugal-registered clinician + content owner","blocked_pending_review","Draft brief only; no CMS publication or production data write in this task."
"backend/scripts/data/portugal-doctors-datasheet.ts -> https://www.myglobalhealth.online/portugal/pt/doctors/dr-martim-delgado","doctor-profile-martim-delgado","high","Biography, qualifications, registration, languages, service scope, locations and availability claims.","Current live profile and repository source compared; named clinician/source approval still required.","Dr. Martim Delgado or delegated credential reviewer + Portugal content owner","blocked_pending_review","SEO title retained; meta-description draft removes the availability promise. Biography and FAQs unchanged; no CMS write."
"backend/scripts/data/portugal-doctors-datasheet.ts -> https://www.myglobalhealth.online/portugal/pt/doctors/dr-telmo-coelho","doctor-profile-telmo-coelho","high","Biography, qualifications, registration, languages, service scope, locations and availability claims.","Current live profile and repository source compared; named clinician/source approval still required.","Dr. Telmo Coelho or delegated credential reviewer + Portugal content owner","blocked_pending_review","SEO title retained; meta-description draft removes the availability promise. Biography and FAQs unchanged; no CMS write."
"backend/scripts/data/portugal-doctors-datasheet.ts -> https://www.myglobalhealth.online/portugal/pt/doctors/dr-tiago-miguel-figueira","doctor-profile-tiago-figueira","high","Biography, qualifications, registration, languages, service scope, locations and availability claims.","Current live profile and Portugal market source compared; named clinician/source approval still required.","Dr. Tiago Figueira or delegated credential reviewer + Portugal content owner","blocked_pending_review","SEO title retained; market meta-description draft removes the availability promise. Biography and FAQs unchanged; no CMS write."
"backend/scripts/data/portugal-doctors-datasheet.ts -> https://www.myglobalhealth.online/portugal/pt/doctors/dr-vitor-hugo-de-matos-pais","doctor-profile-vitor-pais","high","Biography, qualifications, registration, languages, service scope, locations and availability claims.","Current live profile and repository source compared; named clinician/source approval still required.","Dr. Vítor Pais or delegated credential reviewer + Portugal content owner","blocked_pending_review","SEO title retained; meta-description draft removes the availability promise. Biography and FAQs unchanged; no CMS write."
