"URL","page type","primary keyword","secondary keywords","original title","optimized title","original meta description","optimized meta description","description optimized","bio optimized","FAQs optimized","deslop completed","factual verification completed","clinical review required","implementation status","reason for anything left unchanged"
"https://www.myglobalhealth.online/portugal/pt","market hub","global health","my global health | global health online | global health company | global health care","Médico Online Portugal | Clínicos e Especialistas Registados","Global Health Portugal | Cuidados médicos online","Consulte hoje um médico registado por videochamada — clínica geral, atestados médicos, referenciações para especialistas. Mesmo dia em Portugal.","Conheça os cuidados médicos online da Global Health em Portugal. Consulte os serviços disponíveis, os médicos e os passos para marcar uma consulta.","no","not applicable","no","yes","no","yes","editorial owner approved; CMS implementation blocked pending clinical review","H1, visible copy, FAQs and links were reviewed and retained pending clinical approval; live canonical, pt-PT hreflang, schema, indexability and booking CTA checks passed. Portugal content owner approved implementation on 2026-09-01; reviewer name was not supplied. Publication remains blocked until the required clinical, credential or official-source approval is recorded."
"https://www.myglobalhealth.online/portugal/pt/services/consulta-medica","service page","consulta médica online","médico online | teleconsulta | consulta online | marcação de consulta online | consulta clínico geral","Consulta Médica Online em Portugal | Marcação no Mesmo Dia","Consulta Médica Online em Portugal | Global Health","Fale com um médico registado na Ordem dos Médicos hoje, por videochamada segura. Consultas disponíveis no mesmo dia para sintomas agudos e questões clínicas. Marque já. Aceitamos também Medicare para este serviço.","Consulta por videochamada com médico registado na Ordem dos Médicos, para sintomas agudos e questões clínicas. Disponibilidade conforme a agenda.","no","not applicable","no","yes","no","yes","editorial owner approved; operational implementation blocked pending clinical review","H1, visible clinical copy, FAQs and links were reviewed and retained; the metadata remains an editorial draft pending clinical approval. Portugal content owner approved implementation on 2026-09-01; reviewer name was not supplied. Publication remains blocked until the required clinical, credential or official-source approval is recorded."
"https://www.myglobalhealth.online/portugal/pt/services/medicina-geral-e-familiar","service page","médico de família online","medicina geral e familiar | pedir médico de família online | médico de família | preço consulta medicina geral e familiar","Consulta de Medicina Geral e Familiar Online | Médico Especialista","Médico de Família Online | Medicina Geral e Familiar","Consulta com um médico especialista em Medicina Geral e Familiar. Gestão de doença crónica, cuidados continuados e medicina preventiva, por videochamada segura. Marque já.","Consulta com especialista em Medicina Geral e Familiar, por videochamada segura, para doença crónica, cuidados continuados e medicina preventiva.","no","not applicable","no","yes","no","yes","editorial owner approved; operational implementation blocked pending clinical review","H1, visible clinical copy, FAQs and links were reviewed and retained; the metadata remains an editorial draft pending clinical approval. Portugal content owner approved implementation on 2026-09-01; reviewer name was not supplied. Publication remains blocked until the required clinical, credential or official-source approval is recorded."
"https://www.myglobalhealth.online/portugal/pt/services/baixa-medica","service page","baixa médica online","pedir baixa médica online | pedir baixa online | pedir baixa médica 3 dias | interromper baixa médica online","Justificação Médica Online Portugal | Atestado para o Trabalho","Baixa Médica Online: Consulta e Avaliação | Portugal","Avaliação médica online e emissão de justificação de falta ao trabalho por doença. Médico registado na Ordem dos Médicos, documento aceite por entidades patronais. Marque já. Aceitamos também Medicare para este serviço.","Avaliação médica online de falta ao trabalho, com médico registado na Ordem dos Médicos. Qualquer documento depende da decisão clínica.","no","not applicable","no","yes","no","yes","editorial owner approved; operational implementation blocked pending clinical review","H1, visible clinical copy, FAQs and links were reviewed and retained; the metadata remains an editorial draft pending clinical approval. Portugal content owner approved implementation on 2026-09-01; reviewer name was not supplied. Publication remains blocked until the required clinical, credential or official-source approval is recorded."
"https://www.myglobalhealth.online/portugal/pt/services/certificado-medico-carta-de-conducao","service page","atestado médico para carta de condução","atestado médico online para carta de condução | atestado médico carta de condução | atestado médico IMT | preço atestado médico para carta de condução","Atestado Médico para Carta de Condução Online Portugal","RETER TÍTULO ATUAL — sem alteração aprovada","Avaliação médica online para atestado de aptidão para condução, Grupo 1 e Grupo 2. Médico registado na Ordem dos Médicos, documento aceite pelo IMT. Marque já. Aceitamos também Medicare para este serviço.","RETER DESCRIÇÃO ATUAL — a alegação de aceitação pelo IMT e o âmbito Grupo 1/2 permanecem em produção, mas exigem verificação oficial; não foi aprovada nova redação.","no","not applicable","no","yes","no","yes","editorial owner approved; retained; official verification blocked","Title, meta description, H1, visible copy, FAQs and links were retained because the IMT and Group 1/2 claims require official verification before any rewrite. Portugal content owner approved implementation on 2026-09-01; reviewer name was not supplied. Publication remains blocked until the required clinical, credential or official-source approval is recorded."
"https://www.myglobalhealth.online/portugal/pt/services/certificados-medicos","service page","atestado médico online","certificados médicos online | preciso de um atestado médico urgente | atestado online | conseguir atestado médico online","Atestados Médicos Online Portugal | Caça, Náutica, Desporto","Atestado Médico Online: Avaliação Clínica | Portugal","Atestados médicos online para caça, náutica de recreio, desporto federado, concursos públicos e mais. Médico registado na Ordem dos Médicos. Marque já a sua consulta. Aceitamos também Medicare para este serviço.","Avaliação online para atestados de caça, náutica, desporto federado e concursos públicos. A emissão depende do documento e da avaliação clínica.","no","not applicable","no","yes","no","yes","editorial owner approved; operational implementation blocked pending clinical review","H1, visible clinical copy, FAQs and links were reviewed and retained; the metadata remains an editorial draft pending clinical approval. Portugal content owner approved implementation on 2026-09-01; reviewer name was not supplied. Publication remains blocked until the required clinical, credential or official-source approval is recorded."
"https://www.myglobalhealth.online/portugal/pt/services/renovacao-de-tratamento","service page","renovação de receita online","receita médica online | renovação de receita | pedir receita médica online | prescrição médica eletrónica","Revisão de Tratamento Online Portugal | Continuidade de Cuidados","Renovação de Receita Online: Avaliação Médica","Renovação de tratamento com avaliação clínica completa. Os nossos médicos, registados na Ordem dos Médicos, avaliam a sua condição por videochamada segura. Continuidade de cuidados, com avaliação clínica completa.","Continuidade de tratamento com avaliação clínica por videochamada segura, com médicos registados na Ordem dos Médicos. A prescrição depende da decisão clínica.","no","not applicable","no","yes","no","yes","editorial owner approved; operational implementation blocked pending clinical review","H1, visible clinical copy, FAQs and links were reviewed and retained; the metadata remains an editorial draft pending clinical approval. Portugal content owner approved implementation on 2026-09-01; reviewer name was not supplied. Publication remains blocked until the required clinical, credential or official-source approval is recorded."
"https://www.myglobalhealth.online/portugal/pt/services/consulta-do-viajante","service page","consulta do viajante online","consulta do viajante | consulta viajante online | marcar consulta do viajante online | consulta do viajante preço","Consulta de Saúde do Viajante Portugal | Médico Antes de Viajar","Consulta do Viajante Online | Portugal","Avaliação de saúde para viagens ao estrangeiro. Os nossos médicos, registados na Ordem dos Médicos, avaliam riscos específicos do destino e aconselham vacinação e profilaxia, por videochamada segura. Marque já. Aceitamos também Medicare para este serviço.","Consulta do viajante por videochamada com médico registado. Avaliação dos riscos do destino e aconselhamento sobre vacinação e profilaxia.","no","not applicable","no","yes","no","yes","editorial owner approved; operational implementation blocked pending clinical review","H1, visible clinical copy, FAQs and links were reviewed and retained; the metadata remains an editorial draft pending clinical approval. Portugal content owner approved implementation on 2026-09-01; reviewer name was not supplied. Publication remains blocked until the required clinical, credential or official-source approval is recorded."
"https://www.myglobalhealth.online/portugal/pt/services/consulta-de-referenciacao","service page","referenciação médica online","referenciação médica | consulta de referenciação | análise clínica | exame médico | referenciação hospitalar","Referenciação Médica e Exames Online Portugal | Análises","Referenciação Médica Online e Exames | Portugal","Referenciação para especialista, análises ao sangue e exames de imagiologia. Os nossos médicos, registados na Ordem dos Médicos, avaliam e coordenam, por videochamada. Marque já. Aceitamos também Medicare para este serviço.","Avaliação médica por videochamada para eventual referenciação, análises ou imagiologia, com médicos registados na Ordem.","no","not applicable","no","yes","no","yes","editorial owner approved; operational implementation blocked pending clinical review","H1, visible clinical copy, FAQs and links were reviewed and retained; the metadata remains an editorial draft pending clinical approval. Portugal content owner approved implementation on 2026-09-01; reviewer name was not supplied. Publication remains blocked until the required clinical, credential or official-source approval is recorded."
"https://www.myglobalhealth.online/portugal/pt/services/consulta-cardiologia","specialist service page","cardiologista online","consulta cardiologia online | consulta cardio online | consulta cardiologista | valores da tensão arterial","Consulta de Cardiologia Online Portugal | Cardiologista","Cardiologista Online | Consulta de Cardiologia","Consulta com cardiologista registado na Ordem dos Médicos. Avaliação de risco cardiovascular, gestão de doença cardíaca, e segundas opiniões, por videochamada segura.","Consulta com cardiologista registado na Ordem dos Médicos para risco cardiovascular, doença cardíaca ou segunda opinião, por videochamada segura.","no","not applicable","no","yes","no","yes","editorial owner approved; operational implementation blocked pending clinical review","H1, visible clinical copy, FAQs and links were reviewed and retained; the metadata remains an editorial draft pending clinical approval. Portugal content owner approved implementation on 2026-09-01; reviewer name was not supplied. Publication remains blocked until the required clinical, credential or official-source approval is recorded."
"https://www.myglobalhealth.online/portugal/pt/services/consulta-de-oncologia","specialist service page","oncologista online","consulta oncologia online | consulta de oncologia | médico oncologista | segunda opinião oncológica","Segunda Opinião em Oncologia Online Portugal | Oncologista","Oncologista Online | Segunda Opinião em Oncologia","Segunda opinião independente sobre diagnóstico ou plano de tratamento oncológico, com oncologista médico registado na Ordem dos Médicos. Apoio também em cuidados paliativos. Marque já.","Segunda opinião sobre diagnóstico ou tratamento oncológico, com oncologista registado na Ordem dos Médicos. Inclui apoio em cuidados paliativos.","no","not applicable","no","yes","no","yes","editorial owner approved; operational implementation blocked pending clinical review","H1, visible clinical copy, FAQs and links were reviewed and retained; the metadata remains an editorial draft pending clinical approval. Portugal content owner approved implementation on 2026-09-01; reviewer name was not supplied. Publication remains blocked until the required clinical, credential or official-source approval is recorded."
"https://www.myglobalhealth.online/portugal/pt/services/pediatria-geral","service page","consulta pediatria online","pediatra online | pediatra consulta | consulta com pediatra online | médico pediatra online","Consulta de Pediatria Online Portugal | Médico de Clínica Geral","Consulta de Pediatria Online | Médico de Clínica Geral","Fale com um médico sobre a saúde do seu filho hoje. Consultas pediátricas de cuidados primários no mesmo dia, por videochamada segura.","Fale com um médico sobre a saúde do seu filho numa consulta pediátrica de cuidados primários, por videochamada segura. Consulte a agenda.","no","not applicable","no","yes","no","yes","editorial owner approved; operational implementation blocked pending clinical review","H1, visible clinical copy, FAQs and links were reviewed and retained; the metadata remains an editorial draft pending clinical approval. Portugal content owner approved implementation on 2026-09-01; reviewer name was not supplied. Publication remains blocked until the required clinical, credential or official-source approval is recorded."
"https://www.myglobalhealth.online/portugal/pt/services/consulta-de-psicologia","specialist service page","psicólogo online","consulta de psicologia online | consulta de psicologia por videochamada | tratamento psicológico | consulta de psicologia preço","Consulta de Psicologia Online Portugal | Psicóloga OPP","Psicóloga Online | Consulta de Psicologia","Consulta com psicóloga registada na Ordem dos Psicólogos Portugueses. Avaliação psicológica e terapia baseada em evidência, por videochamada segura. Marque já. Aceitamos também Medicare para este serviço.","Consulta por videochamada com psicóloga registada na OPP, para avaliação psicológica e terapia baseada em evidência.","no","not applicable","no","yes","no","yes","editorial owner approved; operational implementation blocked pending clinical review","H1, visible clinical copy, FAQs and links were reviewed and retained; the metadata remains an editorial draft pending clinical approval. Portugal content owner approved implementation on 2026-09-01; reviewer name was not supplied. Publication remains blocked until the required clinical, credential or official-source approval is recorded."
"https://www.myglobalhealth.online/portugal/pt/services/consulta-de-psiquiatria","specialist service page","psiquiatra online","consulta de psiquiatria online | consulta online psiquiatria | consulta psiquiatra | preço consulta psiquiatra","Consulta de Psiquiatria Online Portugal | Psiquiatra","Psiquiatra Online | Consulta de Psiquiatria","Consulta com psiquiatra registado na Ordem dos Médicos. Avaliação psiquiátrica especializada, revisão de diagnóstico, e gestão de saúde mental, por videochamada segura. Aceitamos também Medicare para este serviço.","Consulta por videochamada com psiquiatra registado na Ordem dos Médicos, para avaliação, revisão diagnóstica e gestão de saúde mental.","no","not applicable","no","yes","no","yes","editorial owner approved; operational implementation blocked pending clinical review","H1, visible clinical copy, FAQs and links were reviewed and retained; the metadata remains an editorial draft pending clinical approval. Portugal content owner approved implementation on 2026-09-01; reviewer name was not supplied. Publication remains blocked until the required clinical, credential or official-source approval is recorded."
"https://www.myglobalhealth.online/portugal/pt/services/saude-mental","service page","consulta saúde mental online","consulta saúde mental | saúde mental online | ansiedade e stress | apoio saúde mental online","Consulta de Saúde Mental Online Portugal | Médico","Consulta de Saúde Mental Online | Portugal","Avaliações confidenciais para ansiedade, tristeza ou sobrecarga emocional. Os nossos médicos, registados na Ordem dos Médicos, oferecem avaliações confidenciais de saúde mental por videochamada. Marque já, desde €39.","Avaliação confidencial de saúde mental por videochamada com médicos registados na Ordem dos Médicos. Numa crise, procure apoio imediato.","no","not applicable","no","yes","no","yes","editorial owner approved; operational implementation blocked pending clinical review","H1, visible clinical copy, FAQs and links were reviewed and retained; the metadata remains an editorial draft pending clinical approval. Portugal content owner approved implementation on 2026-09-01; reviewer name was not supplied. Publication remains blocked until the required clinical, credential or official-source approval is recorded."
"https://www.myglobalhealth.online/portugal/pt/services/perda-de-peso","service page","consulta médica para perda de peso","perda de peso com médico | perda de peso | IMC | saúde metabólica","Consulta de Gestão de Peso Online Portugal | Apoio Médico","Consulta Médica para Perda de Peso | Portugal","Gestão médica do peso, além das dietas genéricas. Os nossos médicos, registados na Ordem dos Médicos, avaliam fatores médicos e metabólicos e criam um plano personalizado. Avaliação clínica completa, sem dietas genéricas. Aceitamos também Medicare para este serviço.","Avaliação dos fatores médicos e metabólicos ligados ao peso, com médicos registados na Ordem. Tratamentos dependem da indicação clínica.","no","not applicable","no","yes","no","yes","editorial owner approved; operational implementation blocked pending clinical review","H1, visible clinical copy, FAQs and links were reviewed and retained; the metadata remains an editorial draft pending clinical approval. Portugal content owner approved implementation on 2026-09-01; reviewer name was not supplied. Publication remains blocked until the required clinical, credential or official-source approval is recorded."
"https://www.myglobalhealth.online/portugal/pt/services/consulta-dermatologia","service page","consulta online de dermatologia","consulta dermatologia online | consulta de dermatologia online | dermatologista online | consulta de pele online | problemas de pele","Consulta de Pele Online Portugal | Dermatologia Clínica Geral","Consulta de Dermatologia Online | Avaliação Clínica","Avaliação para erupção cutânea, eczema, acne ou outras questões de pele. Os nossos médicos, registados na Ordem dos Médicos, avaliam por videochamada segura. Marque já a sua consulta. Aceitamos também Medicare para este serviço.","Avaliação por videochamada de erupção cutânea, eczema, acne e outros problemas de pele, com médicos registados na Ordem.","no","not applicable","no","yes","no","yes","editorial owner approved; operational implementation blocked pending clinical review","H1, visible clinical copy, FAQs and links were reviewed and retained; the metadata remains an editorial draft pending clinical approval. Portugal content owner approved implementation on 2026-09-01; reviewer name was not supplied. Publication remains blocked until the required clinical, credential or official-source approval is recorded."
"https://www.myglobalhealth.online/portugal/pt/services/consulta-queda-de-cabelo","service page","médico para queda de cabelo","consulta queda de cabelo | queda de cabelo | causas queda de cabelo | tratamento queda de cabelo","Consulta de Queda de Cabelo Online Portugal | Médico","Médico para Queda de Cabelo | Consulta Online","Avaliação para queda de cabelo ou rarefação capilar. Os nossos médicos, registados na Ordem dos Médicos, avaliam a causa subjacente e aconselham sobre opções de tratamento baseadas em evidência.","Avaliação por videochamada da queda de cabelo ou rarefação capilar, com médicos registados na Ordem, incluindo causas e opções de tratamento.","no","not applicable","no","yes","no","yes","editorial owner approved; operational implementation blocked pending clinical review","H1, visible clinical copy, FAQs and links were reviewed and retained; the metadata remains an editorial draft pending clinical approval. Portugal content owner approved implementation on 2026-09-01; reviewer name was not supplied. Publication remains blocked until the required clinical, credential or official-source approval is recorded."
"https://www.myglobalhealth.online/portugal/pt/services/deixar-de-fumar","service page","consulta para deixar de fumar","deixar de fumar | consulta cessação tabágica | apoio médico para deixar de fumar","Consulta de Cessação Tabágica Online Portugal | Apoio Médico","Consulta para Deixar de Fumar | Apoio Médico","Deixar de fumar com apoio médico especializado. Avaliação clínica, plano personalizado e terapêutica baseada em evidência, por videochamada segura. Marque já a sua consulta.","Apoio médico para deixar de fumar, com avaliação, plano individual e opções terapêuticas baseadas em evidência, por videochamada segura.","no","not applicable","no","yes","no","yes","editorial owner approved; operational implementation blocked pending clinical review","H1, visible clinical copy, FAQs and links were reviewed and retained; the metadata remains an editorial draft pending clinical approval. Portugal content owner approved implementation on 2026-09-01; reviewer name was not supplied. Publication remains blocked until the required clinical, credential or official-source approval is recorded."
"https://www.myglobalhealth.online/portugal/pt/services/gestao-da-dor","service page","consulta gestão da dor","gestão da dor | dor persistente | avaliação músculo-esquelética online","Avaliação Músculo-Esquelética e Dor Online Portugal","Consulta de Gestão da Dor Online | Portugal","Avaliação para dor nas costas, articulações, ciática ou lesões. Os nossos médicos, registados na Ordem dos Médicos, avaliam condições músculo-esqueléticas por videochamada segura. Marque já.","Avaliação por videochamada de dor nas costas, articulações, ciática ou lesões músculo-esqueléticas, com médicos registados na Ordem.","no","not applicable","no","yes","no","yes","editorial owner approved; operational implementation blocked pending clinical review","H1, visible clinical copy, FAQs and links were reviewed and retained; the metadata remains an editorial draft pending clinical approval. Portugal content owner approved implementation on 2026-09-01; reviewer name was not supplied. Publication remains blocked until the required clinical, credential or official-source approval is recorded."
"https://www.myglobalhealth.online/portugal/pt/services/saude-da-mulher","service page","consulta saúde da mulher online","saúde da mulher online | consulta saúde da mulher | consulta menopausa | saúde hormonal","Consulta de Saúde da Mulher Online Portugal | Médico Confidencial","Consulta de Saúde da Mulher Online | Portugal","Avaliação confidencial de saúde da mulher com médico registado na Ordem dos Médicos. Contraceção, saúde hormonal, menopausa, SOP, e mais, por videochamada segura.","Avaliação confidencial de saúde da mulher por videochamada: contraceção, saúde hormonal, menopausa e SOP, com médico registado na Ordem.","no","not applicable","no","yes","no","yes","editorial owner approved; operational implementation blocked pending clinical review","H1, visible clinical copy, FAQs and links were reviewed and retained; the metadata remains an editorial draft pending clinical approval. Portugal content owner approved implementation on 2026-09-01; reviewer name was not supplied. Publication remains blocked until the required clinical, credential or official-source approval is recorded."
"https://www.myglobalhealth.online/portugal/pt/services/saude-do-homem","service page","consulta saúde do homem online","saúde do homem online | consulta saúde do homem | testosterona homem | saúde sexual masculina","Consulta de Saúde do Homem Online Portugal | Médico Confidencial","Consulta de Saúde do Homem Online | Portugal","Avaliação confidencial de saúde do homem com médico registado na Ordem dos Médicos. Disfunção erétil, testosterona, libido, por videochamada segura. Marque já. Aceitamos também Medicare para este serviço.","Avaliação confidencial da saúde do homem por videochamada: disfunção erétil, testosterona e libido, com médico registado.","no","not applicable","no","yes","no","yes","editorial owner approved; operational implementation blocked pending clinical review","H1, visible clinical copy, FAQs and links were reviewed and retained; the metadata remains an editorial draft pending clinical approval. Portugal content owner approved implementation on 2026-09-01; reviewer name was not supplied. Publication remains blocked until the required clinical, credential or official-source approval is recorded."
"https://www.myglobalhealth.online/portugal/pt/services/segunda-opiniao-medica","service page","segunda opinião médica online","segunda opinião médica | segunda opinião médica lei | revisão de diagnóstico | revisão de tratamento","Segunda Opinião Médica Online Portugal | Médico Independente","Segunda Opinião Médica Online | Portugal","Segunda opinião médica independente sobre diagnóstico ou plano de tratamento. Os nossos médicos, registados na Ordem dos Médicos, oferecem uma segunda opinião independente por videochamada. Marque já, desde €39.","Segunda opinião independente sobre diagnóstico ou tratamento, por videochamada, com médicos registados na Ordem dos Médicos.","no","not applicable","no","yes","no","yes","editorial owner approved; operational implementation blocked pending clinical review","H1, visible clinical copy, FAQs and links were reviewed and retained; the metadata remains an editorial draft pending clinical approval. Portugal content owner approved implementation on 2026-09-01; reviewer name was not supplied. Publication remains blocked until the required clinical, credential or official-source approval is recorded."
"https://www.myglobalhealth.online/portugal/pt/tools/blood-pressure-chart","health tool","tabela tensão arterial","calculadora tensão arterial | tabela de medição de tensão arterial | tabela registo tensão arterial | valores tensão arterial","Tensão Arterial Normal Portugal | Tabela de Valores","Tabela de Tensão Arterial: Valores | Portugal","Compare os seus valores de tensão sistólica e diastólica com a tabela europeia para adultos. Veja a categoria, o que significa e que leituras exigem cuidados médicos no próprio dia.","Compare a tensão sistólica e diastólica com a tabela europeia para adultos. Veja a categoria e as leituras que exigem cuidados médicos no próprio dia.","no","not applicable","no","yes","no","yes","editorial owner approved; runtime source retained pending clinical review","The proposed title remains in the brief and matrix only. Runtime metadata, H1, tool guidance, FAQs and links remain unchanged pending clinical review; live canonical, hreflang, schema, indexability and CTA checks passed. Portugal content owner approved implementation on 2026-09-01; reviewer name was not supplied. Publication remains blocked until the required clinical, credential or official-source approval is recorded."
"https://www.myglobalhealth.online/portugal/pt/doctors/dr-martim-delgado","doctor profile","dr martim delgado","martim delgado | dr delgado | dr. martim delgado | martim delgado medicina geral e familiar","Dr. Martim Delgado — Medicina Geral e Familiar | OM 70349","Dr. Martim Delgado — Medicina Geral e Familiar | OM 70349","Agende uma videoconsulta com Dr. Martim Delgado — médico registado na OM (nº 70349). Faculdade de Medicina Masaryk Brno · Hospital de Santa Maria Lisboa · MGF · Telemedicina · Português, inglês, espanhol e checo. Consulta no mesmo dia.","Dr. Martim Delgado, OM 70349: Universidade de Masaryk, Hospital de Santa Maria, MGF e telemedicina. Português, inglês, espanhol e checo.","no","no","no","yes","no","yes","editorial owner approved; operational implementation blocked pending clinical review","Title, H1, biography, credentials, registrations, languages, FAQs, services and links were retained; the meta-description draft is not implemented pending credential and clinical approval. Portugal content owner approved implementation on 2026-09-01; reviewer name was not supplied. Publication remains blocked until the required clinical, credential or official-source approval is recorded."
"https://www.myglobalhealth.online/portugal/pt/doctors/dr-telmo-coelho","doctor profile","dr telmo coelho","telmo coelho | telmo coelho psiquiatra | dr telmo coelho psiquiatra | psiquiatra telmo coelho","Dr. Telmo Coelho — Psiquiatra | OM 48028","Dr. Telmo Coelho — Psiquiatra | OM 48028","Agende uma videoconsulta com Dr. Telmo Coelho — psiquiatra registado na OM (nº 48028). CH São João · Director Psiquiatria Hospital das Forças Armadas · Psiquiatria Forense · Psicotraumatologia · Português e inglês. Consulta no mesmo dia.","Dr. Telmo Coelho, psiquiatra OM 48028: CH São João; Hospital das Forças Armadas; Psiquiatria Forense e Psicotraumatologia. Português e inglês.","no","no","no","yes","no","yes","editorial owner approved; operational implementation blocked pending clinical review","Title, H1, biography, credentials, registrations, languages, FAQs, services and links were retained; the meta-description draft is not implemented pending credential and clinical approval. Portugal content owner approved implementation on 2026-09-01; reviewer name was not supplied. Publication remains blocked until the required clinical, credential or official-source approval is recorded."
"https://www.myglobalhealth.online/portugal/pt/doctors/dr-tiago-miguel-figueira","doctor profile","dr tiago figueira","tiago figueira | tiago miguel figueira | dr tiago miguel figueira | tiago figueira médico","Dr. Tiago Figueira — Médico de Clínica Geral | OM 77986","Dr. Tiago Figueira — Médico de Clínica Geral | OM 77986","Agende uma videoconsulta com Dr. Tiago Figueira — médico registado na Ordem dos Médicos (OM 77986). MUDr. Universidade de Masaryk · Cirurgia Geral Irlanda · Diretor Clínico Global Health · Consulta no mesmo dia.","Dr. Tiago Figueira, OM 77986: MUDr. pela Universidade de Masaryk, experiência em Cirurgia Geral na Irlanda e Diretor Clínico da Global Health.","no","no","no","yes","no","yes","editorial owner approved; operational implementation blocked pending clinical review","Title, H1, biography, credentials, registrations, languages, FAQs, services and links were retained; the meta-description draft is not implemented pending credential and clinical approval. Portugal content owner approved implementation on 2026-09-01; reviewer name was not supplied. Publication remains blocked until the required clinical, credential or official-source approval is recorded."
"https://www.myglobalhealth.online/portugal/pt/doctors/dr-vitor-hugo-de-matos-pais","doctor profile","dr vítor pais","vítor hugo de matos pais | dr vitor pais | dr vítor hugo de matos pais | vítor pais medicina geral e familiar","Dr. Vítor Pais — Medicina Geral e Familiar | OM 64505","Dr. Vítor Pais — Medicina Geral e Familiar | OM 64505","Agende uma videoconsulta com Dr. Vítor Pais — médico de medicina geral e familiar registado na OM (nº 64505). ULS Cova da Beira, Guarda e Castelo Branco · Medicina preventiva · Tabagismo · Português e inglês. Consulta no mesmo dia.","Dr. Vítor Pais, médico de MGF, OM 64505: ULS Cova da Beira, Guarda e Castelo Branco; Medicina Preventiva e Tabagismo. Português e inglês.","no","no","no","yes","no","yes","editorial owner approved; operational implementation blocked pending clinical review","Title, H1, biography, credentials, registrations, languages, FAQs, services and links were retained; the meta-description draft is not implemented pending credential and clinical approval. Portugal content owner approved implementation on 2026-09-01; reviewer name was not supplied. Publication remains blocked until the required clinical, credential or official-source approval is recorded."
