"URL","page type","primary keyword","secondary keywords","original title","optimized title","original meta description","optimized meta description","description optimized","bio optimized","FAQs optimized","deslop completed","factual verification completed","clinical review required","implementation status","reason for anything left unchanged","live H1","HTTP status","canonical","hreflang_pt_PT","indexable","locale_pt_PT","structured data","structured data types","CTA accuracy","live reviewed at"
"https://www.myglobalhealth.online/portugal/pt","market hub","global health","my global health | global health online | global health company | global health care","Médico Online Portugal | Clínicos e Especialistas Registados","Global Health Portugal | Cuidados médicos online","Consulte hoje um médico registado por videochamada — clínica geral, atestados médicos, referenciações para especialistas. Mesmo dia em Portugal.","Conheça os cuidados médicos online da Global Health em Portugal. Consulte os serviços disponíveis, os médicos e os passos para marcar uma consulta.","no","not applicable","not applicable","yes","yes","yes","live verified 2026-09-02","Approved title and meta description applied one record at a time and independently verified. H1, visible clinical copy, FAQs, links, prices, booking and availability data were retained.","Cuidados médicos online em Portugal","200","yes","yes","yes","yes","yes","Answer | BreadcrumbList | ContactPoint | Country | FAQPage | ImageObject | ListItem | MedicalOrganization | Organization | PostalAddress | PropertyValue | Question | WebSite","yes","2026-09-02"
"https://www.myglobalhealth.online/portugal/pt/about","static page","Global Health Portugal","telemedicina Global Health | serviços Global Health Portugal","Sobre a Global Health Portugal | Médicos online","Sobre a Global Health Portugal | Médicos online","Global Health Portugal: consultas online por videochamada com médicos inscritos na Ordem dos Médicos, em Português / Inglês. O que oferecemos e quem somos.","Global Health Portugal: consultas online por videochamada com médicos inscritos na Ordem dos Médicos, em Português / Inglês. O que oferecemos e quem somos.","no","not applicable","not applicable","yes","yes","no","reviewed; unchanged","Current copy remains relevant; the measured status, canonical, pt-PT hreflang/locale, robots, structured data and CTA checks passed on 2026-09-01.","Sobre a Global Health Portugal","200","yes","yes","yes","yes","yes","Answer | BreadcrumbList | ContactPoint | Country | FAQPage | ImageObject | ListItem | MedicalOrganization | Organization | PostalAddress | PropertyValue | Question | WebSite","yes","2026-09-01"
"https://www.myglobalhealth.online/portugal/pt/blog","static page","guias de saúde Portugal","artigos de saúde em português | informação de saúde Portugal","Guias de saúde de médicos registados em Portugal","Guias de saúde de médicos registados em Portugal","Guias de saúde baseados em evidências para Portugal, escritos e revistos pela nossa equipa médica. Sem anúncios.","Guias de saúde baseados em evidências para Portugal, escritos e revistos pela nossa equipa médica. Sem anúncios.","no","not applicable","not applicable","yes","yes","no","reviewed; unchanged","Current copy remains relevant; the measured status, canonical, pt-PT hreflang/locale, robots, structured data and CTA checks passed on 2026-09-01.","Guias de saúde de médicos registados.","200","yes","yes","yes","yes","yes","BreadcrumbList | ContactPoint | Country | ImageObject | ListItem | MedicalOrganization | PostalAddress | PropertyValue | WebSite","yes","2026-09-01"
"https://www.myglobalhealth.online/portugal/pt/blog/atestado-medico-para-carta-de-conducao","health article","atestado médico carta condução grupos 1 e 2","atestado médico para condução | grupos de carta de condução","Atestado médico carta condução: grupos 1 e 2 · Global Health","Atestado médico carta condução: grupos 1 e 2 · Global Health","Atestado médico da carta em Portugal: categorias dos Grupos 1 e 2, avaliação psicológica, envio eletrónico ao IMT e limites da consulta.","Atestado médico da carta em Portugal: categorias dos Grupos 1 e 2, avaliação psicológica, envio eletrónico ao IMT e limites da consulta.","no","not applicable","no","yes","no","yes","reviewed; unchanged","Current copy remains relevant; the measured status, canonical, pt-PT hreflang/locale, robots, structured data and CTA checks passed on 2026-09-01.","Atestado médico para carta de condução: Grupo 1, Grupo 2 e envio ao IMT","200","yes","yes","yes","yes","yes","Answer | Article | BreadcrumbList | ContactPoint | Country | EducationalOccupationalCredential | FAQPage | ImageObject | ListItem | MedicalOrganization | MedicalWebPage | Organization | Person | PostalAddress | PropertyValue | Question | Thing | WebSite","yes","2026-09-01"
"https://www.myglobalhealth.online/portugal/pt/blog/autodeclaracao-de-doenca-ou-baixa-medica","health article","autodeclaração de doença ou baixa médica","autodeclaração de doença SNS 24 | diferença entre baixa e autodeclaração","Autodeclaração de doença ou baixa médica? (2026)","Autodeclaração de doença ou baixa médica? (2026)","Autodeclaração de doença ou baixa médica: quem emite cada uma, como se submete na Segurança Social Direta e qual dá direito a subsídio de doença.","Autodeclaração de doença ou baixa médica: quem emite cada uma, como se submete na Segurança Social Direta e qual dá direito a subsídio de doença.","no","not applicable","no","yes","no","yes","reviewed; unchanged","Current copy remains relevant; the measured status, canonical, pt-PT hreflang/locale, robots, structured data and CTA checks passed on 2026-09-01.","Autodeclaração de doença ou baixa médica: qual precisa e quando","200","yes","yes","yes","yes","yes","Answer | Article | BreadcrumbList | ContactPoint | Country | EducationalOccupationalCredential | FAQPage | ImageObject | ListItem | MedicalOrganization | MedicalWebPage | Organization | Person | PostalAddress | PropertyValue | Question | Thing | WebSite","yes","2026-09-01"
"https://www.myglobalhealth.online/portugal/pt/blog/baixa-medica-quanto-se-recebe-como-calcular","health article","baixa médica quanto se recebe","subsídio de doença cálculo | valor da baixa médica","Baixa médica: quanto se recebe em 2026 · Global Health","Baixa médica: quanto se recebe em 2026 · Global Health","Veja as taxas de 55% a 75%, a fórmula da remuneração de referência, os dias de espera e um exemplo de subsídio de doença em 2026.","Veja as taxas de 55% a 75%, a fórmula da remuneração de referência, os dias de espera e um exemplo de subsídio de doença em 2026.","no","not applicable","no","yes","no","yes","reviewed; unchanged","Current copy remains relevant; the measured status, canonical, pt-PT hreflang/locale, robots, structured data and CTA checks passed on 2026-09-01.","Baixa médica: quanto se recebe e como é calculada","200","yes","yes","yes","yes","yes","Answer | Article | BreadcrumbList | ContactPoint | Country | EducationalOccupationalCredential | FAQPage | ImageObject | ListItem | MedicalOrganization | MedicalWebPage | Organization | Person | PostalAddress | PropertyValue | Question | Thing | WebSite","yes","2026-09-01"
"https://www.myglobalhealth.online/portugal/pt/blog/compreendendo-a-hipercolesterolemia","health article","hipercolesterolemia Portugal","colesterol elevado | sintomas e risco cardiovascular","Hipercolesterolemia em Portugal: Causas, Sintomas e Tratamentos","Hipercolesterolemia em Portugal: Causas, Sintomas e Tratamentos","O colesterol alto afecta cerca de 1 em cada 2 portugueses adultos, mas não causa sintomas até surgir um enfarte ou AVC. Conheça as causas, os sinais de alerta e os tratamentos actuais (estatinas, inibidores de PCSK9, inclisiran) — escrito por um médico registado na Ordem dos Médicos.","O colesterol alto afecta cerca de 1 em cada 2 portugueses adultos, mas não causa sintomas até surgir um enfarte ou AVC. Conheça as causas, os sinais de alerta e os tratamentos actuais (estatinas, inibidores de PCSK9, inclisiran) — escrito por um médico registado na Ordem dos Médicos.","no","not applicable","no","yes","no","yes","reviewed; unchanged","Current copy remains relevant; the measured status, canonical, pt-PT hreflang/locale, robots, structured data and CTA checks passed on 2026-09-01.","Compreendendo a hipercolesterolemia","200","yes","yes","yes","yes","yes","Answer | Article | BreadcrumbList | ContactPoint | Country | EducationalOccupationalCredential | FAQPage | ImageObject | ListItem | MedicalOrganization | MedicalWebPage | Organization | Person | PostalAddress | PropertyValue | Question | Thing | WebSite","yes","2026-09-01"
"https://www.myglobalhealth.online/portugal/pt/blog/consulta-do-viajante-quando-marcar","health article","consulta do viajante quando marcar","quando fazer consulta do viajante | preparação de saúde para viajar","Consulta do viajante: onde marcar e o que levar","Consulta do viajante: onde marcar e o que levar","Consulta do viajante: o que é avaliado, onde se faz, que documentos levar, o papel dos Centros de Vacinação Internacional e o que a consulta online faz.","Consulta do viajante: o que é avaliado, onde se faz, que documentos levar, o papel dos Centros de Vacinação Internacional e o que a consulta online faz.","no","not applicable","no","yes","no","yes","reviewed; unchanged","Current copy remains relevant; the measured status, canonical, pt-PT hreflang/locale, robots, structured data and CTA checks passed on 2026-09-01.","Consulta do viajante: onde se faz, quando marcar e o que levar","200","yes","yes","yes","yes","yes","Answer | Article | BreadcrumbList | ContactPoint | Country | EducationalOccupationalCredential | FAQPage | ImageObject | ListItem | MedicalOrganization | MedicalWebPage | Organization | Person | PostalAddress | PropertyValue | Question | Thing | WebSite","yes","2026-09-01"
"https://www.myglobalhealth.online/portugal/pt/blog/diabetes-a-doenca-silenciosa","health article","diabetes doença silenciosa","sinais de diabetes | prevenção da diabetes","Diabetes em Portugal: Causas, Sintomas, Tratamentos e o Futuro dos Cuidados","Diabetes em Portugal: Causas, Sintomas, Tratamentos e o Futuro dos Cuidados","Guia completo sobre diabetes em Portugal — causas, sinais e sintomas, tratamentos actuais incluindo agonistas GLP-1 e inibidores SGLT2, a importância das consultas regulares e os desenvolvimentos futuros. Escrito pelo Dr. Tiago Miguel Figueira, Ordem dos Médicos n.º 77986.","Guia completo sobre diabetes em Portugal — causas, sinais e sintomas, tratamentos actuais incluindo agonistas GLP-1 e inibidores SGLT2, a importância das consultas regulares e os desenvolvimentos futuros. Escrito pelo Dr. Tiago Miguel Figueira, Ordem dos Médicos n.º 77986.","no","not applicable","no","yes","no","yes","reviewed; unchanged","Current copy remains relevant; the measured status, canonical, pt-PT hreflang/locale, robots, structured data and CTA checks passed on 2026-09-01.","Diabetes a Doença silenciosa","200","yes","yes","yes","yes","yes","Article | BreadcrumbList | ContactPoint | Country | EducationalOccupationalCredential | ImageObject | ListItem | MedicalOrganization | MedicalWebPage | Organization | Person | PostalAddress | PropertyValue | Thing | WebSite","yes","2026-09-01"
"https://www.myglobalhealth.online/portugal/pt/blog/doenca-mao-pe-boca-sinais-e-tratamento","health article","doença mão-pé-boca","sintomas de mão-pé-boca | contágio da doença mão-pé-boca","Doença mão-pé-boca: sinais e tratamento · Global Health","Doença mão-pé-boca: sinais e tratamento · Global Health","Guia alinhado com o HSE sobre doença mão-pé-boca em crianças na Irlanda: sintomas, tratamento, sinais de urgência e prevenção do contágio.","Guia sobre doença mão-pé-boca em crianças: sintomas, tratamento, sinais de urgência e prevenção do contágio.","no","not applicable","no","yes","no","yes","drafted; blocked pending clinical or credential review","Current live copy was reviewed and a safer draft prepared, but publication is blocked until the required clinical, credential or official-source approval is recorded.","Doença mão-pé-boca: Sinais e tratamento","200","yes","yes","yes","yes","yes","Article | BreadcrumbList | ContactPoint | Country | EducationalOccupationalCredential | ImageObject | ListItem | MedicalOrganization | MedicalWebPage | Organization | Person | PostalAddress | PropertyValue | Thing | WebSite","yes","2026-09-01"
"https://www.myglobalhealth.online/portugal/pt/book","static page","marcar consulta online","agendar consulta pela internet | marcação de consulta Portugal","Marque a sua consulta — Portugal · Global Health","Marque a sua consulta — Portugal · Global Health","Clínica médica em Portugal. Escolha um serviço, clínico, hora e dados do doente.","Clínica médica em Portugal. Escolha um serviço, clínico, hora e dados do doente.","no","not applicable","not applicable","yes","yes","no","reviewed; unchanged","Current copy remains relevant; the measured status, canonical, pt-PT hreflang/locale, robots, structured data and CTA checks passed on 2026-09-01.","Marque a sua consulta","200","yes","yes","yes","yes","yes","BreadcrumbList | ContactPoint | Country | ImageObject | ListItem | MedicalOrganization | PostalAddress | PropertyValue | WebSite","yes","2026-09-01"
"https://www.myglobalhealth.online/portugal/pt/careers","static page","carreiras Global Health","trabalhar na Global Health | oportunidades Global Health","Carreiras na Global Health Portugal","Carreiras na Global Health Portugal","Junte-se à Global Health em Portugal. Trabalhamos com médicos registados, equipas de apoio clínico e de tecnologia em toda a Europa e no Brasil. Veja como candidatar-se.","Junte-se à Global Health em Portugal. Trabalhamos com médicos registados, equipas de apoio clínico e de tecnologia em toda a Europa e no Brasil. Veja como candidatar-se.","no","not applicable","not applicable","yes","yes","no","reviewed; unchanged","Current copy remains relevant; the measured status, canonical, pt-PT hreflang/locale, robots, structured data and CTA checks passed on 2026-09-01.","Carreiras na Global Health","200","yes","yes","yes","yes","yes","BreadcrumbList | ContactPoint | Country | ImageObject | ListItem | MedicalOrganization | PostalAddress | PropertyValue | WebSite","yes","2026-09-01"
"https://www.myglobalhealth.online/portugal/pt/contact","static page","contactos Global Health Portugal","contactar Global Health | apoio Global Health Portugal","Contactos | Médico Online Sintra | Global Health","Contactos | Médico Online Sintra | Global Health","Contacte a Global Health: +351 919 990 810, info@myglobalhealth.online. Consultas online com médicos inscritos na Ordem dos Médicos. Sede em Sintra.","Contacte a Global Health: +351 919 990 810, info@myglobalhealth.online. Consultas online com médicos inscritos na Ordem dos Médicos. Sede em Sintra.","no","not applicable","not applicable","yes","yes","no","reviewed; unchanged","Current copy remains relevant; the measured status, canonical, pt-PT hreflang/locale, robots, structured data and CTA checks passed on 2026-09-01.","Contactos — Global Health Portugal","200","yes","yes","yes","yes","yes","Answer | BreadcrumbList | ContactPoint | Country | FAQPage | ImageObject | ListItem | MedicalOrganization | Organization | PostalAddress | PropertyValue | Question | WebSite","yes","2026-09-01"
"https://www.myglobalhealth.online/portugal/pt/doctors","static page","médicos em Portugal","médicos online Portugal | equipa médica Global Health","Médicos e Especialistas em Portugal | Global Health","Médicos Online em Portugal | Global Health","Consulte médicos e especialistas registados na Ordem dos Médicos disponíveis online em Portugal. Clínica geral, oncologia, cardiologia, psiquiatria e mais. Marque no mesmo dia.","Conheça médicos e especialistas disponíveis para consulta online em Portugal e consulte as credenciais apresentadas em cada perfil.","no","not applicable","not applicable","yes","no","yes","drafted; blocked pending clinical or credential review","Current live copy was reviewed and a safer draft prepared, but publication is blocked until the required clinical, credential or official-source approval is recorded.","Médicos que realmente atendem.","200","yes","yes","yes","yes","yes","Answer | BreadcrumbList | ContactPoint | Country | EducationalOccupationalCredential | FAQPage | ImageObject | ItemList | ListItem | MedicalOrganization | Organization | Person | PostalAddress | PropertyValue | Question | WebSite","yes","2026-09-01"
"https://www.myglobalhealth.online/portugal/pt/doctors/beatriz-carvalho","doctor profile","beatriz carvalho","beatriz carvalho Portugal | perfil beatriz carvalho","Beatriz Carvalho — Psicóloga Clínica | OPP 31618","Beatriz Carvalho — Psicóloga Clínica | OPP 31618","Agende uma sessão com Beatriz Carvalho — Psicóloga Clínica registada na OPP (nº 31618). TCC · Intervenção em crise · Neuropsicologia · Reprodução medicamente assistida · Português e inglês. Consulta no mesmo dia.","Agende uma sessão com Beatriz Carvalho — Psicóloga Clínica registada na OPP (nº 31618). TCC · Intervenção em crise · Neuropsicologia · Reprodução medicamente assistida · Português e inglês.","no","no","no","yes","no","yes","drafted; blocked pending clinical or credential review","Current live copy was reviewed and a safer draft prepared, but publication is blocked until the required clinical, credential or official-source approval is recorded.","Beatriz Carvalho","200","yes","yes","yes","yes","yes","Answer | BreadcrumbList | ContactPoint | Country | EducationalOccupationalCredential | FAQPage | ImageObject | ListItem | MedicalOrganization | Organization | Person | PostalAddress | PropertyValue | Question | WebSite","yes","2026-09-01"
"https://www.myglobalhealth.online/portugal/pt/doctors/dr-ana-leal-neto","doctor profile","dra. ana leal neto","dra. ana leal neto Portugal | perfil dra. ana leal neto","Dra. Ana Leal Neto — Cardiologista | OM 60410","Dra. Ana Leal Neto — Cardiologista | OM 60410","Agende uma videoconsulta com Dra. Ana Leal Neto — cardiologista registada na OM (nº 60410). Faculdade de Medicina UP · ULS Tâmega e Sousa · Insuficiência cardíaca · Young Ambassador HFA/ESC · Português, inglês e francês. Consulta no mesmo dia.","Agende uma videoconsulta com Dra. Ana Leal Neto — cardiologista registada na OM (nº 60410). Faculdade de Medicina UP · ULS Tâmega e Sousa · Insuficiência cardíaca · Young Ambassador HFA/ESC · Português, inglês e francês.","no","no","no","yes","no","yes","drafted; blocked pending clinical or credential review","Current live copy was reviewed and a safer draft prepared, but publication is blocked until the required clinical, credential or official-source approval is recorded.","Dra. Ana Leal Neto","200","yes","yes","yes","yes","yes","Answer | BreadcrumbList | ContactPoint | Country | EducationalOccupationalCredential | FAQPage | ImageObject | ListItem | MedicalOrganization | Organization | Person | PostalAddress | PropertyValue | Question | WebSite","yes","2026-09-01"
"https://www.myglobalhealth.online/portugal/pt/doctors/dr-egas-moura","doctor profile","dr egas moura","dr egas moura Portugal | perfil dr egas moura","Dr. Egas Moura — Pediatra | OM 34823","Dr. Egas Moura — Pediatra | OM 34823","Agende uma videoconsulta com Dr. Egas Moura — pediatra registado na OM (nº 34823). 20+ anos experiência · ICBAS Porto · RCPCH · AAP · Neonatologia · Emergência Pediátrica · Português e inglês. Consulta no mesmo dia.","Agende uma videoconsulta com Dr. Egas Moura — pediatra registado na OM (nº 34823). 20+ anos experiência · ICBAS Porto · RCPCH · AAP · Neonatologia · Emergência Pediátrica · Português e inglês.","no","no","no","yes","no","yes","drafted; blocked pending clinical or credential review","Current live copy was reviewed and a safer draft prepared, but publication is blocked until the required clinical, credential or official-source approval is recorded.","Dr Egas Moura","200","yes","yes","yes","yes","yes","Answer | BreadcrumbList | ContactPoint | Country | EducationalOccupationalCredential | FAQPage | ImageObject | ListItem | MedicalOrganization | Organization | Person | PostalAddress | PropertyValue | Question | WebSite","yes","2026-09-01"
"https://www.myglobalhealth.online/portugal/pt/doctors/dr-joana-branco-maia","doctor profile","dra. joana branco maia","dra. joana branco maia Portugal | perfil dra. joana branco maia","Dra. Joana Branco Maia — Médica e Psicóloga Clínica | OM 64572 · OPP 12055","Dra. Joana Branco Maia — Médica e Psicóloga Clínica | OM 64572 · OPP 12055","Agende uma videoconsulta com Dra. Joana Branco Maia — médica (OM 64572) e psicóloga clínica (OPP 12055). PhD Psicologia do Desenvolvimento · Urgência Hospital da Prelada · Saúde mental integrada. Consulta no mesmo dia.","Agende uma videoconsulta com Dra. Joana Branco Maia — médica (OM 64572) e psicóloga clínica (OPP 12055). PhD Psicologia do Desenvolvimento · Urgência Hospital da Prelada · Saúde mental integrada.","no","no","no","yes","no","yes","drafted; blocked pending clinical or credential review","Current live copy was reviewed and a safer draft prepared, but publication is blocked until the required clinical, credential or official-source approval is recorded.","Dra. Joana Branco Maia","200","yes","yes","yes","yes","yes","Answer | BreadcrumbList | ContactPoint | Country | EducationalOccupationalCredential | FAQPage | ImageObject | ListItem | MedicalOrganization | Organization | Person | PostalAddress | PropertyValue | Question | WebSite","yes","2026-09-01"
"https://www.myglobalhealth.online/portugal/pt/doctors/dr-joao-de-oliveira-e-silva","doctor profile","dr joao de oliveira e silva","dr joao de oliveira e silva Portugal | perfil dr joao de oliveira e silva","Dr. João de Oliveira e Silva — Medicina Geral e Familiar | OM 68445","Dr. João de Oliveira e Silva — Medicina Geral e Familiar | OM 68445","Agende uma videoconsulta com Dr. João de Oliveira e Silva — médico registado na OM (nº 68445). ICBAS Porto · Especialização Medicina Geral e Familiar · USF Salvador Machado · Português e inglês. Consulta no mesmo dia.","Agende uma videoconsulta com Dr. João de Oliveira e Silva — médico registado na OM (nº 68445). ICBAS Porto · Especialização Medicina Geral e Familiar · USF Salvador Machado · Português e inglês.","no","no","no","yes","no","yes","drafted; blocked pending clinical or credential review","Current live copy was reviewed and a safer draft prepared, but publication is blocked until the required clinical, credential or official-source approval is recorded.","Dr Joao de Oliveira e Silva","200","yes","yes","yes","yes","yes","Answer | BreadcrumbList | ContactPoint | Country | EducationalOccupationalCredential | FAQPage | ImageObject | ListItem | MedicalOrganization | Organization | Person | PostalAddress | PropertyValue | Question | WebSite","yes","2026-09-01"
"https://www.myglobalhealth.online/portugal/pt/doctors/dr-lucas-alvarenga-berto","doctor profile","dr lucas alvarenga berto","dr lucas alvarenga berto Portugal | perfil dr lucas alvarenga berto","Dr. Lucas Alvarenga Berto — Médico de Clínica Geral | OM 79932","Dr. Lucas Alvarenga Berto — Médico de Clínica Geral | OM 79932","Agende uma videoconsulta com Dr. Lucas Alvarenga Berto — médico registado na OM (nº 79932). Medicina de emergência · ULS Matosinhos · Trofa Saúde · Residência Medicina Interna · ACLS AHA · Português e inglês. Consulta no mesmo dia.","Agende uma videoconsulta com Dr. Lucas Alvarenga Berto — médico registado na OM (nº 79932). Medicina de emergência · ULS Matosinhos · Trofa Saúde · Residência Medicina Interna · ACLS AHA · Português e inglês.","no","no","no","yes","no","yes","drafted; blocked pending clinical or credential review","Current live copy was reviewed and a safer draft prepared, but publication is blocked until the required clinical, credential or official-source approval is recorded.","Dr Lucas Alvarenga Berto","200","yes","yes","yes","yes","yes","Answer | BreadcrumbList | ContactPoint | Country | EducationalOccupationalCredential | FAQPage | ImageObject | ListItem | MedicalOrganization | Organization | Person | PostalAddress | PropertyValue | Question | WebSite","yes","2026-09-01"
"https://www.myglobalhealth.online/portugal/pt/doctors/dr-margarida-andrade","doctor profile","dra. margarida domingues e andrade","dra. margarida domingues e andrade Portugal | perfil dra. margarida domingues e andrade","Dra. Margarida Andrade — Medicina Geral e Familiar | OM 78297","Dra. Margarida Andrade — Medicina Geral e Familiar | OM 78297","Agende uma videoconsulta com Dra. Margarida Andrade — médica registada na OM (nº 78297). Internato Hospital Beatriz Ângelo · USF Colina de Odivelas · Urgência, Pediatria e MGF · Português, inglês e espanhol. Consulta no mesmo dia.","Agende uma videoconsulta com Dra. Margarida Andrade — médica registada na OM (nº 78297). Internato Hospital Beatriz Ângelo · USF Colina de Odivelas · Urgência, Pediatria e MGF · Português, inglês e espanhol.","no","no","no","yes","no","yes","drafted; blocked pending clinical or credential review","Current live copy was reviewed and a safer draft prepared, but publication is blocked until the required clinical, credential or official-source approval is recorded.","Dra. Margarida Domingues e Andrade","200","yes","yes","yes","yes","yes","Answer | BreadcrumbList | ContactPoint | Country | EducationalOccupationalCredential | FAQPage | ImageObject | ListItem | MedicalOrganization | Organization | Person | PostalAddress | PropertyValue | Question | WebSite","yes","2026-09-01"
"https://www.myglobalhealth.online/portugal/pt/doctors/dr-martim-delgado","doctor profile","dr martim delgado","martim delgado | dr delgado | dr. martim delgado | martim delgado medicina geral e familiar","Dr. Martim Delgado — Medicina Geral e Familiar | OM 70349","Dr. Martim Delgado — Medicina Geral e Familiar | OM 70349","Agende uma videoconsulta com Dr. Martim Delgado — médico registado na OM (nº 70349). Faculdade de Medicina Masaryk Brno · Hospital de Santa Maria Lisboa · MGF · Telemedicina · Português, inglês, espanhol e checo. Consulta no mesmo dia.","Dr. Martim Delgado, OM 70349: Universidade de Masaryk, Hospital de Santa Maria, MGF e telemedicina. Português, inglês, espanhol e checo.","no","no","no","yes","yes","yes","live verified 2026-09-02","Approved title, meta description and focused page keywords applied and independently verified. Name, H1, biography, qualifications, credentials, certifications, registration, specialties, languages, FAQs, services, prices and booking data were retained.","Dr Martim Delgado","200","yes","yes","yes","yes","yes","Answer | BreadcrumbList | ContactPoint | Country | EducationalOccupationalCredential | FAQPage | ImageObject | ListItem | MedicalOrganization | Organization | Person | PostalAddress | PropertyValue | Question | WebSite","yes","2026-09-02"
"https://www.myglobalhealth.online/portugal/pt/doctors/dr-pedro-santos","doctor profile","dr pedro santos","dr pedro santos Portugal | perfil dr pedro santos","Dr. Pedro Santos — Oncologista Médico | OM 33133","Dr. Pedro Santos — Oncologista Médico | OM 33133","Agende uma videoconsulta com Dr. Pedro Santos — oncologista médico registado na OM (nº 33133). 30+ anos experiência · IPO Porto · Director Oncologia CHUA · Professor UBI · Português e inglês. Consulta no mesmo dia.","Agende uma videoconsulta com Dr. Pedro Santos — oncologista médico registado na OM (nº 33133). 30+ anos experiência · IPO Porto · Director Oncologia CHUA · Professor UBI · Português e inglês.","no","no","no","yes","no","yes","drafted; blocked pending clinical or credential review","Current live copy was reviewed and a safer draft prepared, but publication is blocked until the required clinical, credential or official-source approval is recorded.","Dr Pedro Santos","200","yes","yes","yes","yes","yes","Answer | BreadcrumbList | ContactPoint | Country | EducationalOccupationalCredential | FAQPage | ImageObject | ListItem | MedicalOrganization | Organization | Person | PostalAddress | PropertyValue | Question | WebSite","yes","2026-09-01"
"https://www.myglobalhealth.online/portugal/pt/doctors/dr-ruben-pereira","doctor profile","dr ruben pereira","dr ruben pereira Portugal | perfil dr ruben pereira","Dr. Rúben Pereira — Clínica Geral e Psiquiatria | OM 77228","Dr. Rúben Pereira — Clínica Geral e Psiquiatria | OM 77228","Agende uma videoconsulta com Dr. Rúben Pereira — médico registado na OM (nº 77228). FMUL · Interno Psiquiatria ULS Leiria · Medicina Desportiva · Diploma FIFA · Publicações PubMed · Português e inglês. Consulta no mesmo dia.","Agende uma videoconsulta com Dr. Rúben Pereira — médico registado na OM (nº 77228). FMUL · Interno Psiquiatria ULS Leiria · Medicina Desportiva · Diploma FIFA · Publicações PubMed · Português e inglês.","no","no","no","yes","no","yes","drafted; blocked pending clinical or credential review","Current live copy was reviewed and a safer draft prepared, but publication is blocked until the required clinical, credential or official-source approval is recorded.","Dr Ruben Pereira","200","yes","yes","yes","yes","yes","Answer | BreadcrumbList | ContactPoint | Country | EducationalOccupationalCredential | FAQPage | ImageObject | ListItem | MedicalOrganization | Organization | Person | PostalAddress | PropertyValue | Question | WebSite","yes","2026-09-01"
"https://www.myglobalhealth.online/portugal/pt/doctors/dr-rui-diogo-rodrigues","doctor profile","dr rui diogo rodrigues","dr rui diogo rodrigues Portugal | perfil dr rui diogo rodrigues","Dr. Rui Diogo Rodrigues — Medicina Geral e Familiar | OM 74473","Dr. Rui Diogo Rodrigues — Medicina Geral e Familiar | OM 74473","Agende uma videoconsulta com Dr. Rui Diogo Rodrigues — médico registado na OM (nº 74473). Nova Medical School Lisboa · Telemedicina · IA na saúde · Mestrado Transformação Digital · Português e inglês. Consulta no mesmo dia.","Agende uma videoconsulta com Dr. Rui Diogo Rodrigues — médico registado na OM (nº 74473). Nova Medical School Lisboa · Telemedicina · IA na saúde · Mestrado Transformação Digital · Português e inglês.","no","no","no","yes","no","yes","drafted; blocked pending clinical or credential review","Current live copy was reviewed and a safer draft prepared, but publication is blocked until the required clinical, credential or official-source approval is recorded.","Dr Rui Diogo Rodrigues","200","yes","yes","yes","yes","yes","Answer | BreadcrumbList | ContactPoint | Country | EducationalOccupationalCredential | FAQPage | ImageObject | ListItem | MedicalOrganization | Organization | Person | PostalAddress | PropertyValue | Question | WebSite","yes","2026-09-01"
"https://www.myglobalhealth.online/portugal/pt/doctors/dr-telmo-coelho","doctor profile","dr telmo coelho","telmo coelho | telmo coelho psiquiatra | dr telmo coelho psiquiatra | psiquiatra telmo coelho","Dr. Telmo Coelho — Psiquiatra | OM 48028","Dr. Telmo Coelho — Psiquiatra | OM 48028","Agende uma videoconsulta com Dr. Telmo Coelho — psiquiatra registado na OM (nº 48028). CH São João · Director Psiquiatria Hospital das Forças Armadas · Psiquiatria Forense · Psicotraumatologia · Português e inglês. Consulta no mesmo dia.","Dr. Telmo Coelho, psiquiatra OM 48028: CH São João; Hospital das Forças Armadas; Psiquiatria Forense e Psicotraumatologia. Português e inglês.","no","no","no","yes","yes","yes","live verified 2026-09-02","Approved title, meta description and focused page keywords applied and independently verified. Name, H1, biography, qualifications, credentials, certifications, registration, specialties, languages, FAQs, services, prices and booking data were retained.","Dr Telmo Coelho","200","yes","yes","yes","yes","yes","Answer | BreadcrumbList | ContactPoint | Country | EducationalOccupationalCredential | FAQPage | ImageObject | ListItem | MedicalOrganization | Organization | Person | PostalAddress | PropertyValue | Question | WebSite","yes","2026-09-02"
"https://www.myglobalhealth.online/portugal/pt/doctors/dr-tiago-miguel-figueira","doctor profile","dr tiago figueira","tiago figueira | tiago miguel figueira | dr tiago miguel figueira | tiago figueira médico","Dr. Tiago Figueira — Médico de Clínica Geral | OM 77986","Dr. Tiago Figueira — Médico de Clínica Geral | OM 77986","Agende uma videoconsulta com Dr. Tiago Figueira — médico registado na Ordem dos Médicos (OM 77986). MUDr. Universidade de Masaryk · Cirurgia Geral Irlanda · Diretor Clínico Global Health · Consulta no mesmo dia.","Dr. Tiago Figueira, OM 77986: MUDr. pela Universidade de Masaryk, experiência em Cirurgia Geral na Irlanda e Diretor Clínico da Global Health.","no","no","no","yes","yes","yes","live verified 2026-09-02","Approved title, meta description and focused page keywords applied and independently verified. Name, H1, biography, qualifications, credentials, certifications, registration, specialties, languages, FAQs, services, prices and booking data were retained.","Dr Tiago Miguel Figueira","200","yes","yes","yes","yes","yes","Answer | BreadcrumbList | ContactPoint | Country | EducationalOccupationalCredential | FAQPage | ImageObject | ListItem | MedicalOrganization | Organization | Person | PostalAddress | PropertyValue | Question | WebSite","yes","2026-09-02"
"https://www.myglobalhealth.online/portugal/pt/doctors/dr-vitor-hugo-de-matos-pais","doctor profile","dr vítor pais","vítor hugo de matos pais | dr vitor pais | dr vítor hugo de matos pais | vítor pais medicina geral e familiar","Dr. Vítor Pais — Medicina Geral e Familiar | OM 64505","Dr. Vítor Pais — Medicina Geral e Familiar | OM 64505","Agende uma videoconsulta com Dr. Vítor Pais — médico de medicina geral e familiar registado na OM (nº 64505). ULS Cova da Beira, Guarda e Castelo Branco · Medicina preventiva · Tabagismo · Português e inglês. Consulta no mesmo dia.","Dr. Vítor Pais, médico de MGF, OM 64505: ULS Cova da Beira, Guarda e Castelo Branco; Medicina Preventiva e Tabagismo. Português e inglês.","no","no","no","yes","yes","yes","live verified 2026-09-02","Approved title, meta description and focused page keywords applied and independently verified. Name, H1, biography, qualifications, credentials, certifications, registration, specialties, languages, FAQs, services, prices and booking data were retained.","Dr Vitor Hugo de Matos Pais","200","yes","yes","yes","yes","yes","Answer | BreadcrumbList | ContactPoint | Country | EducationalOccupationalCredential | FAQPage | ImageObject | ListItem | MedicalOrganization | Organization | Person | PostalAddress | PropertyValue | Question | WebSite","yes","2026-09-02"
"https://www.myglobalhealth.online/portugal/pt/doctors/dra-ana-varges-gomes","doctor profile","dra ana varges gomes","dra ana varges gomes Portugal | perfil dra ana varges gomes","Dra. Ana Varges Gomes — Oncologista Clínica | OM 44172","Dra. Ana Varges Gomes — Oncologista Clínica | OM 44172","Agende uma videoconsulta com Dra. Ana Varges Gomes — oncologista clínica registada na OM (nº 44172). CHUA Algarve · EORTC · EHNS · Cancro da cabeça e pescoço, pulmão · Segunda opinião oncológica. Consulta no mesmo dia.","Agende uma videoconsulta com Dra. Ana Varges Gomes — oncologista clínica registada na OM (nº 44172). CHUA Algarve · EORTC · EHNS · Cancro da cabeça e pescoço, pulmão · Segunda opinião oncológica.","no","no","no","yes","no","yes","drafted; blocked pending clinical or credential review","Current live copy was reviewed and a safer draft prepared, but publication is blocked until the required clinical, credential or official-source approval is recorded.","Dra Ana Varges Gomes","200","yes","yes","yes","yes","yes","Answer | BreadcrumbList | ContactPoint | Country | EducationalOccupationalCredential | FAQPage | ImageObject | ListItem | MedicalOrganization | Organization | Person | PostalAddress | PropertyValue | Question | WebSite","yes","2026-09-01"
"https://www.myglobalhealth.online/portugal/pt/doctors/dra-nadia-cavaco","doctor profile","dra. nádia cavaco","dra. nádia cavaco Portugal | perfil dra. nádia cavaco","Dra. Nádia Cavaco — Médica de Clínica Geral | OM 73521","Dra. Nádia Cavaco — Médica de Clínica Geral | OM 73521","Agende uma videoconsulta com Dra. Nádia Cavaco — médica de clínica geral registada na OM (nº 73521). Atenção primária · Telemedicina · Medicina Interna, Pediatria, Psiquiatria e Saúde Pública · Consulta no mesmo dia.","Agende uma videoconsulta com Dra. Nádia Cavaco — médica de clínica geral registada na OM (nº 73521). Atenção primária · Telemedicina · Medicina Interna, Pediatria, Psiquiatria e Saúde Pública ·","no","no","no","yes","no","yes","drafted; blocked pending clinical or credential review","Current live copy was reviewed and a safer draft prepared, but publication is blocked until the required clinical, credential or official-source approval is recorded.","Dra. Nádia Cavaco","200","yes","yes","yes","yes","yes","Answer | BreadcrumbList | ContactPoint | Country | EducationalOccupationalCredential | FAQPage | ImageObject | ListItem | MedicalOrganization | Organization | Person | PostalAddress | PropertyValue | Question | WebSite","yes","2026-09-01"
"https://www.myglobalhealth.online/portugal/pt/faq","static page","perguntas frequentes consultas online","dúvidas sobre consulta online | apoio a consultas online","Perguntas frequentes — Portugal · Global Health","Perguntas frequentes sobre consultas online | Portugal","Portugal — Reservas, pagamentos, consultas, privacidade e quando os cuidados online não são a opção certa. Não encontrou o que precisa? Fale connosco.","Respostas sobre marcações, pagamentos, videochamadas, privacidade e situações em que uma consulta online pode não ser adequada.","yes","not applicable","no","yes","yes","no","live verified 2026-09-01; Google recrawl pending","Production readback at deployment b0cebff87d49540ce3205c41adf45f65bf2dfa45 matched the optimized title, meta description, H1 and visible lede. Existing FAQ questions and answers remained unchanged. URL Inspection passed, but Google's 2026-08-15 crawl predates the deployed copy.","Perguntas frequentes sobre consultas online","200","yes","yes","yes","yes","yes","Answer | BreadcrumbList | ContactPoint | Country | FAQPage | ImageObject | ListItem | MedicalOrganization | PostalAddress | PropertyValue | Question | WebSite","yes","2026-09-01"
"https://www.myglobalhealth.online/portugal/pt/gp-consultation-online","static page","clínico geral online Portugal","consulta de clínica geral online | médico de clínica geral online","General Consultation in Portugal | Global Health","Clínico Geral Online em Portugal | Global Health","Online general consultation with a licensed doctor in Portugal. Same-day bookings available.","Consulte um médico online em Portugal por videochamada. Veja os serviços de clínica geral e escolha um horário disponível no calendário do médico.","no","not applicable","not applicable","yes","no","yes","drafted; blocked pending clinical or credential review","Current live copy was reviewed and a safer draft prepared, but publication is blocked until the required clinical, credential or official-source approval is recorded.","Consulta Médica Online em Portugal","200","yes","yes","yes","yes","yes","Answer | BreadcrumbList | ContactPoint | Country | FAQPage | ImageObject | ListItem | MedicalOrganization | MedicalProcedure | Offer | PostalAddress | PropertyValue | QuantitativeValue | Question | ReserveAction | Service | WebSite","yes","2026-09-01"
"https://www.myglobalhealth.online/portugal/pt/health/diabetes","health guide","diabetes Portugal","sintomas da diabetes | controlo da diabetes","Diabetes Portugal | Médico Online · Global Health","Diabetes Portugal | Médico Online · Global Health","Acompanhamento contínuo da diabetes com médico registado na Ordem dos Médicos, por videochamada segura — revisão de controlo, medicação, e apoio nutricional.","Acompanhamento contínuo da diabetes com médico registado na Ordem dos Médicos, por videochamada segura — revisão de controlo, medicação, e apoio nutricional.","no","not applicable","no","yes","no","yes","reviewed; unchanged","Current copy remains relevant; the measured status, canonical, pt-PT hreflang/locale, robots, structured data and CTA checks passed on 2026-09-01.","Diabetes — Acompanhamento Médico Online em Portugal","200","yes","yes","yes","yes","yes","Article | BreadcrumbList | ContactPoint | Country | ImageObject | ListItem | MedicalOrganization | MedicalWebPage | Organization | PostalAddress | PropertyValue | WebSite","yes","2026-09-01"
"https://www.myglobalhealth.online/portugal/pt/health/enxaqueca","health guide","enxaqueca Portugal","sintomas de enxaqueca | tratamento da enxaqueca","Enxaqueca Portugal | Avaliação Médica Online · Global Health","Enxaqueca Portugal | Avaliação Médica Online · Global Health","Avaliação de enxaqueca e cefaleias com médico registado na Ordem dos Médicos, por videochamada — planos de tratamento e referenciação para neurologia quando necessário.","Avaliação de enxaqueca e cefaleias com médico registado na Ordem dos Médicos, por videochamada — planos de tratamento e referenciação para neurologia quando necessário.","no","not applicable","no","yes","no","yes","reviewed; unchanged","Current copy remains relevant; the measured status, canonical, pt-PT hreflang/locale, robots, structured data and CTA checks passed on 2026-09-01.","Enxaqueca — Avaliação e Acompanhamento em Portugal","200","yes","yes","yes","yes","yes","Article | BreadcrumbList | ContactPoint | Country | ImageObject | ListItem | MedicalOrganization | MedicalWebPage | Organization | PostalAddress | PropertyValue | WebSite","yes","2026-09-01"
"https://www.myglobalhealth.online/portugal/pt/health/hipertensao","health guide","hipertensão Portugal","tensão arterial elevada | controlo da hipertensão","Hipertensão Portugal | Médico Online · Global Health","Hipertensão Portugal | Médico Online · Global Health","Controlo da tensão arterial alta com médico registado na Ordem dos Médicos, por videochamada segura — revisão, medicação, e avaliação de risco cardiovascular.","Controlo da tensão arterial alta com médico registado na Ordem dos Médicos, por videochamada segura — revisão, medicação, e avaliação de risco cardiovascular.","no","not applicable","no","yes","no","yes","reviewed; unchanged","Current copy remains relevant; the measured status, canonical, pt-PT hreflang/locale, robots, structured data and CTA checks passed on 2026-09-01.","Hipertensão (Tensão Arterial Alta) — Acompanhamento Online em Portugal","200","yes","yes","yes","yes","yes","Article | BreadcrumbList | ContactPoint | Country | ImageObject | ListItem | MedicalOrganization | MedicalWebPage | Organization | PostalAddress | PropertyValue | WebSite","yes","2026-09-01"
"https://www.myglobalhealth.online/portugal/pt/health/infecoes-respiratorias","health guide","infeção respiratória Portugal","sintomas respiratórios | quando procurar avaliação médica","Infeção Respiratória Portugal | Médico no Mesmo Dia","Infeções Respiratórias em Portugal | Avaliação Médica","Tosse persistente, infeções respiratórias, e sintomas respiratórios avaliados por médico registado na Ordem dos Médicos — consultas por vídeo no mesmo dia.","Informação sobre tosse, infeções e outros sintomas respiratórios, incluindo quando procurar avaliação médica.","no","not applicable","no","yes","no","yes","drafted; blocked pending clinical or credential review","Current live copy was reviewed and a safer draft prepared, but publication is blocked until the required clinical, credential or official-source approval is recorded.","Infeções Respiratórias — Médico Online em Portugal","200","yes","yes","yes","yes","yes","Article | BreadcrumbList | ContactPoint | Country | ImageObject | ListItem | MedicalOrganization | MedicalWebPage | Organization | PostalAddress | PropertyValue | WebSite","yes","2026-09-01"
"https://www.myglobalhealth.online/portugal/pt/legal","legal page","informação legal Global Health Portugal","documentos legais Global Health | informação jurídica Global Health","Informação legal. · Portugal · Global Health","Informação legal. · Portugal · Global Health","Documentos legais, registo da empresa e detalhes regulamentares para Global Health em Portugal.","Documentos legais, registo da empresa e detalhes regulamentares para Global Health em Portugal.","no","not applicable","not applicable","yes","yes","no","reviewed; unchanged","Current copy remains relevant; the measured status, canonical, pt-PT hreflang/locale, robots, structured data and CTA checks passed on 2026-09-01.","Informação legal.","200","yes","yes","yes","yes","yes","BreadcrumbList | ContactPoint | Country | ImageObject | ListItem | MedicalOrganization | PostalAddress | PropertyValue | WebSite","yes","2026-09-01"
"https://www.myglobalhealth.online/portugal/pt/legal/complaints-procedure","legal page","procedimento de reclamações Global Health Portugal","reclamações Global Health | como apresentar reclamação","Procedimento de Reclamações · Portugal · Global Health","Procedimento de Reclamações · Portugal · Global Health","Procedimento de Reclamações. Documentos legais, registo da empresa e detalhes regulamentares para Global Health em Portugal.","Procedimento de Reclamações. Documentos legais, registo da empresa e detalhes regulamentares para Global Health em Portugal.","no","not applicable","not applicable","yes","yes","no","reviewed; unchanged","Current copy remains relevant; the measured status, canonical, pt-PT hreflang/locale, robots, structured data and CTA checks passed on 2026-09-01.","Procedimento de Reclamações","200","yes","yes","yes","yes","yes","ContactPoint | Country | ImageObject | MedicalOrganization | PostalAddress | PropertyValue | WebSite","yes","2026-09-01"
"https://www.myglobalhealth.online/portugal/pt/legal/medical-disclaimer","legal page","aviso médico Global Health Portugal","informação médica geral | limitações da consulta online","Disclaimer Médico · Portugal · Global Health","Disclaimer Médico · Portugal · Global Health","Disclaimer Médico. Documentos legais, registo da empresa e detalhes regulamentares para Global Health em Portugal.","Disclaimer Médico. Documentos legais, registo da empresa e detalhes regulamentares para Global Health em Portugal.","no","not applicable","not applicable","yes","yes","no","reviewed; unchanged","Current copy remains relevant; the measured status, canonical, pt-PT hreflang/locale, robots, structured data and CTA checks passed on 2026-09-01.","Disclaimer Médico","200","yes","yes","yes","yes","yes","ContactPoint | Country | ImageObject | MedicalOrganization | PostalAddress | PropertyValue | WebSite","yes","2026-09-01"
"https://www.myglobalhealth.online/portugal/pt/legal/privacy-policy","legal page","política de privacidade Global Health Portugal","proteção de dados Global Health | privacidade de dados de saúde","Política de Privacidade · Portugal · Global Health","Política de Privacidade · Portugal · Global Health","Política de Privacidade. Documentos legais, registo da empresa e detalhes regulamentares para Global Health em Portugal.","Política de Privacidade. Documentos legais, registo da empresa e detalhes regulamentares para Global Health em Portugal.","no","not applicable","not applicable","yes","yes","no","reviewed; unchanged","Current copy remains relevant; the measured status, canonical, pt-PT hreflang/locale, robots, structured data and CTA checks passed on 2026-09-01.","Política de Privacidade","200","yes","yes","yes","yes","yes","ContactPoint | Country | ImageObject | MedicalOrganization | PostalAddress | PropertyValue | WebSite","yes","2026-09-01"
"https://www.myglobalhealth.online/portugal/pt/legal/refund-policy","legal page","política de reembolso Global Health Portugal","reembolsos Global Health | condições de reembolso","Política de Reembolso · Portugal · Global Health","Política de Reembolso · Portugal · Global Health","Política de Reembolso. Documentos legais, registo da empresa e detalhes regulamentares para Global Health em Portugal.","Política de Reembolso. Documentos legais, registo da empresa e detalhes regulamentares para Global Health em Portugal.","no","not applicable","not applicable","yes","yes","no","reviewed; unchanged","Current copy remains relevant; the measured status, canonical, pt-PT hreflang/locale, robots, structured data and CTA checks passed on 2026-09-01.","Política de Reembolso","200","yes","yes","yes","yes","yes","ContactPoint | Country | ImageObject | MedicalOrganization | PostalAddress | PropertyValue | WebSite","yes","2026-09-01"
"https://www.myglobalhealth.online/portugal/pt/legal/terms-of-service","legal page","termos e condições Global Health Portugal","condições de utilização Global Health | termos do serviço","Termos e Condições · Portugal · Global Health","Termos e Condições · Portugal · Global Health","Termos e Condições. Documentos legais, registo da empresa e detalhes regulamentares para Global Health em Portugal.","Termos e Condições. Documentos legais, registo da empresa e detalhes regulamentares para Global Health em Portugal.","no","not applicable","not applicable","yes","yes","no","reviewed; unchanged","Current copy remains relevant; the measured status, canonical, pt-PT hreflang/locale, robots, structured data and CTA checks passed on 2026-09-01.","Termos e Condições","200","yes","yes","yes","yes","yes","ContactPoint | Country | ImageObject | MedicalOrganization | PostalAddress | PropertyValue | WebSite","yes","2026-09-01"
"https://www.myglobalhealth.online/portugal/pt/press","static page","Global Health Portugal imprensa","Global Health notícias | contactos de imprensa Global Health","Imprensa e Media — Global Health Portugal","Imprensa e Media — Global Health Portugal","Informação para a imprensa sobre a Global Health em Portugal: quem opera o serviço, como é regulado, os mercados que servimos e como contactar a nossa área de imprensa.","Informação para a imprensa sobre a Global Health em Portugal: quem opera o serviço, como é regulado, os mercados que servimos e como contactar a nossa área de imprensa.","no","not applicable","not applicable","yes","yes","no","reviewed; unchanged","Current copy remains relevant; the measured status, canonical, pt-PT hreflang/locale, robots, structured data and CTA checks passed on 2026-09-01.","Imprensa e media","200","yes","yes","yes","yes","yes","BreadcrumbList | ContactPoint | Country | ImageObject | ListItem | MedicalOrganization | Organization | PostalAddress | PropertyValue | WebSite","yes","2026-09-01"
"https://www.myglobalhealth.online/portugal/pt/pricing","static page","planos Global Health Portugal","preços das consultas online | custos Global Health Portugal","Escolha o seu plano mensal · Portugal · Global Health","Planos mensais ainda indisponíveis | Global Health Portugal","Cuidados mensais de medicina geral online com créditos de consulta, poupança em especialistas e recompensas de bem-estar, com preços para Portugal.","Os planos mensais ainda não estão disponíveis em Portugal. Consulte os serviços online e os preços apresentados antes de marcar.","yes","not applicable","not applicable","yes","yes","no","targeted SEO fields live verified; cleanup verified in Railway Development; production promotion pending","Production readback at deployment b0cebff87d49540ce3205c41adf45f65bf2dfa45 matched the optimized title, meta description, H1 and visible lede. That production deployment still showed subscription-only CTA, heading and onboarding copy with an empty catalogue. Railway Development commit 48832d9cf493ba7a9006cde322fbe5f317af6b54 removed those elements and prevented upstream catalogue failures from becoming 404s after the feature gate passed; production promotion remains pending. Google's 2026-07-19 crawl predates the deployed copy.","Planos mensais ainda não disponíveis em Portugal","200","yes","yes","yes","yes","yes","BreadcrumbList | ContactPoint | Country | ImageObject | ListItem | MedicalOrganization | PostalAddress | PropertyValue | WebSite","yes","2026-09-01"
"https://www.myglobalhealth.online/portugal/pt/see-a-specialist","static page","consulta de especialidade online","médico especialista online | especialidades médicas online","Specialist Consultation in Portugal | Global Health","Consultas de Especialidade Online em Portugal","Online specialist consultation in Portugal. Cardiology, dermatology, nutrition, and more.","Consulte as especialidades médicas disponíveis online em Portugal e escolha um horário no calendário do profissional.","no","not applicable","not applicable","yes","no","yes","drafted; blocked pending clinical or credential review","Current live copy was reviewed and a safer draft prepared, but publication is blocked until the required clinical, credential or official-source approval is recorded.","Specialist consultation","200","yes","yes","yes","yes","yes","Answer | BreadcrumbList | ContactPoint | Country | FAQPage | ImageObject | ListItem | MedicalOrganization | PostalAddress | PropertyValue | Question | ReserveAction | Service | WebSite","yes","2026-09-01"
"https://www.myglobalhealth.online/portugal/pt/services/baixa-medica","service page","baixa médica online","pedir baixa médica online | pedir baixa online | pedir baixa médica 3 dias | interromper baixa médica online","Justificação Médica Online Portugal | Atestado para o Trabalho","Baixa Médica Online: Consulta e Avaliação | Portugal","Avaliação médica online e emissão de justificação de falta ao trabalho por doença. Médico registado na Ordem dos Médicos, documento aceite por entidades patronais. Marque já. Aceitamos também Medicare para este serviço.","Avaliação médica online de falta ao trabalho, com médico registado na Ordem dos Médicos. Qualquer documento depende da decisão clínica.","no","not applicable","no","yes","yes","yes","live verified 2026-09-02","Approved title and meta description applied one record at a time and independently verified. H1, visible clinical copy, FAQs, links, prices, booking and availability data were retained.","Justificação Médica de Falta ao Trabalho","200","yes","yes","yes","yes","yes","Answer | BreadcrumbList | ContactPoint | Country | EducationalOccupationalCredential | FAQPage | ImageObject | ListItem | MedicalOrganization | MedicalProcedure | MedicalWebPage | Offer | Organization | Person | PostalAddress | PropertyValue | QuantitativeValue | Question | ReserveAction | Service | WebSite","yes","2026-09-02"
"https://www.myglobalhealth.online/portugal/pt/services/certificado-medico-carta-de-conducao","service page","atestado médico para carta de condução","atestado médico online para carta de condução | atestado médico carta de condução | atestado médico IMT | preço atestado médico para carta de condução","Atestado Médico para Carta de Condução Online Portugal","RETER TÍTULO ATUAL — sem alteração aprovada","Avaliação médica online para atestado de aptidão para condução, Grupo 1 e Grupo 2. Médico registado na Ordem dos Médicos, documento aceite pelo IMT. Marque já. Aceitamos também Medicare para este serviço.","RETER DESCRIÇÃO ATUAL — a alegação de aceitação pelo IMT e o âmbito Grupo 1/2 permanecem em produção, mas exigem verificação oficial; não foi aprovada nova redação.","no","not applicable","no","yes","yes","yes","clinically reviewed; unchanged","Dr Tiago Miguel Figueira approved the retain-current disposition at 2026-09-01T18:30:00+02:00. No metadata or page field was changed; the current canonical, hreflang, indexability and structured data remain valid.","Atestado Médico para Carta de Condução","200","yes","yes","yes","yes","yes","Answer | BreadcrumbList | ContactPoint | Country | EducationalOccupationalCredential | FAQPage | ImageObject | ListItem | MedicalOrganization | MedicalProcedure | MedicalWebPage | Offer | Organization | Person | PostalAddress | PropertyValue | QuantitativeValue | Question | ReserveAction | Service | WebSite","yes","2026-09-02"
"https://www.myglobalhealth.online/portugal/pt/services/certificados-medicos","service page","atestado médico online","certificados médicos online | preciso de um atestado médico urgente | atestado online | conseguir atestado médico online","Atestados Médicos Online Portugal | Caça, Náutica, Desporto","Atestado Médico Online: Avaliação Clínica | Portugal","Atestados médicos online para caça, náutica de recreio, desporto federado, concursos públicos e mais. Médico registado na Ordem dos Médicos. Marque já a sua consulta. Aceitamos também Medicare para este serviço.","Avaliação online para atestados de caça, náutica, desporto federado e concursos públicos. A emissão depende do documento e da avaliação clínica.","no","not applicable","no","yes","yes","yes","live verified 2026-09-02","Approved title and meta description applied one record at a time and independently verified. H1, visible clinical copy, FAQs, links, prices, booking and availability data were retained.","Atestados Médicos","200","yes","yes","yes","yes","yes","Answer | BreadcrumbList | ContactPoint | Country | EducationalOccupationalCredential | FAQPage | ImageObject | ListItem | MedicalOrganization | MedicalProcedure | MedicalWebPage | Offer | Organization | Person | PostalAddress | PropertyValue | QuantitativeValue | Question | ReserveAction | Service | WebSite","yes","2026-09-02"
"https://www.myglobalhealth.online/portugal/pt/services/consulta-cardiologia","service page","cardiologista online","consulta cardiologia online | consulta cardio online | consulta cardiologista | valores da tensão arterial","Consulta de Cardiologia Online Portugal | Cardiologista","Cardiologista Online | Consulta de Cardiologia","Consulta com cardiologista registado na Ordem dos Médicos. Avaliação de risco cardiovascular, gestão de doença cardíaca, e segundas opiniões, por videochamada segura.","Consulta com cardiologista registado na Ordem dos Médicos para risco cardiovascular, doença cardíaca ou segunda opinião, por videochamada segura.","no","not applicable","no","yes","yes","yes","live verified 2026-09-02","Approved title and meta description applied one record at a time and independently verified. H1, visible clinical copy, FAQs, links, prices, booking and availability data were retained.","Consulta de Cardiologia","200","yes","yes","yes","yes","yes","Answer | BreadcrumbList | ContactPoint | Country | EducationalOccupationalCredential | FAQPage | ImageObject | ListItem | MedicalOrganization | MedicalProcedure | MedicalWebPage | Offer | Organization | Person | PostalAddress | PropertyValue | QuantitativeValue | Question | ReserveAction | Service | WebSite","yes","2026-09-02"
"https://www.myglobalhealth.online/portugal/pt/services/consulta-de-oncologia","service page","oncologista online","consulta oncologia online | consulta de oncologia | médico oncologista | segunda opinião oncológica","Segunda Opinião em Oncologia Online Portugal | Oncologista","Oncologista Online | Segunda Opinião em Oncologia","Segunda opinião independente sobre diagnóstico ou plano de tratamento oncológico, com oncologista médico registado na Ordem dos Médicos. Apoio também em cuidados paliativos. Marque já.","Segunda opinião sobre diagnóstico ou tratamento oncológico, com oncologista registado na Ordem dos Médicos. Inclui apoio em cuidados paliativos.","no","not applicable","no","yes","yes","yes","live verified 2026-09-02","Approved title and meta description applied one record at a time and independently verified. H1, visible clinical copy, FAQs, links, prices, booking and availability data were retained.","Consulta de Oncologia","200","yes","yes","yes","yes","yes","Answer | BreadcrumbList | ContactPoint | Country | EducationalOccupationalCredential | FAQPage | ImageObject | ListItem | MedicalOrganization | MedicalProcedure | MedicalWebPage | Offer | Organization | Person | PostalAddress | PropertyValue | QuantitativeValue | Question | ReserveAction | Service | WebSite","yes","2026-09-02"
"https://www.myglobalhealth.online/portugal/pt/services/consulta-de-pediatria","service page","pediatra online","consulta de pediatria online | médico pediatra por videochamada","Consulta de Pediatria Especialista Portugal | Pediatra Online","Consulta de Pediatria Especialista Portugal | Pediatra Online","Consulta com pediatra registado no Colégio de Pediatria da Ordem dos Médicos. Avaliação especializada para condições complexas, crónicas, e de desenvolvimento, por videochamada.","Consulta com pediatra registado no Colégio de Pediatria da Ordem dos Médicos. Avaliação especializada para condições complexas, crónicas, e de desenvolvimento, por videochamada.","no","not applicable","no","yes","no","yes","reviewed; unchanged","Current copy remains relevant; the measured status, canonical, pt-PT hreflang/locale, robots, structured data and CTA checks passed on 2026-09-01.","Consulta de Pediatria","200","yes","yes","yes","yes","yes","Answer | BreadcrumbList | ContactPoint | Country | EducationalOccupationalCredential | FAQPage | ImageObject | ListItem | MedicalOrganization | MedicalProcedure | MedicalWebPage | Offer | Organization | Person | PostalAddress | PropertyValue | QuantitativeValue | Question | ReserveAction | Service | WebSite","yes","2026-09-01"
"https://www.myglobalhealth.online/portugal/pt/services/consulta-de-psicologia","service page","psicólogo online","consulta de psicologia online | consulta de psicologia por videochamada | tratamento psicológico | consulta de psicologia preço","Consulta de Psicologia Online Portugal | Psicóloga OPP","Psicóloga Online | Consulta de Psicologia","Consulta com psicóloga registada na Ordem dos Psicólogos Portugueses. Avaliação psicológica e terapia baseada em evidência, por videochamada segura. Marque já. Aceitamos também Medicare para este serviço.","Consulta por videochamada com psicóloga registada na OPP, para avaliação psicológica e terapia baseada em evidência.","no","not applicable","no","yes","yes","yes","live verified 2026-09-02","Approved title and meta description applied one record at a time and independently verified. H1, visible clinical copy, FAQs, links, prices, booking and availability data were retained.","Consulta de Psicologia","200","yes","yes","yes","yes","yes","Answer | BreadcrumbList | ContactPoint | Country | EducationalOccupationalCredential | FAQPage | ImageObject | ListItem | MedicalOrganization | MedicalProcedure | MedicalWebPage | Offer | Organization | Person | PostalAddress | PropertyValue | QuantitativeValue | Question | ReserveAction | Service | WebSite","yes","2026-09-02"
"https://www.myglobalhealth.online/portugal/pt/services/consulta-de-psiquiatria","service page","psiquiatra online","consulta de psiquiatria online | consulta online psiquiatria | consulta psiquiatra | preço consulta psiquiatra","Consulta de Psiquiatria Online Portugal | Psiquiatra","Psiquiatra Online | Consulta de Psiquiatria","Consulta com psiquiatra registado na Ordem dos Médicos. Avaliação psiquiátrica especializada, revisão de diagnóstico, e gestão de saúde mental, por videochamada segura. Aceitamos também Medicare para este serviço.","Consulta por videochamada com psiquiatra registado na Ordem dos Médicos, para avaliação, revisão diagnóstica e gestão de saúde mental.","no","not applicable","no","yes","yes","yes","live verified 2026-09-02","Approved title and meta description applied one record at a time and independently verified. H1, visible clinical copy, FAQs, links, prices, booking and availability data were retained.","Consulta de Psiquiatria","200","yes","yes","yes","yes","yes","Answer | BreadcrumbList | ContactPoint | Country | EducationalOccupationalCredential | FAQPage | ImageObject | ListItem | MedicalOrganization | MedicalProcedure | MedicalWebPage | Offer | Organization | Person | PostalAddress | PropertyValue | QuantitativeValue | Question | ReserveAction | Service | WebSite","yes","2026-09-02"
"https://www.myglobalhealth.online/portugal/pt/services/consulta-de-referenciacao","service page","referenciação médica online","referenciação médica | consulta de referenciação | análise clínica | exame médico | referenciação hospitalar","Referenciação Médica e Exames Online Portugal | Análises","Referenciação Médica Online e Exames | Portugal","Referenciação para especialista, análises ao sangue e exames de imagiologia. Os nossos médicos, registados na Ordem dos Médicos, avaliam e coordenam, por videochamada. Marque já. Aceitamos também Medicare para este serviço.","Avaliação médica por videochamada para eventual referenciação, análises ou imagiologia, com médicos registados na Ordem.","no","not applicable","no","yes","yes","yes","live verified 2026-09-02","Approved title and meta description applied one record at a time and independently verified. H1, visible clinical copy, FAQs, links, prices, booking and availability data were retained.","Referenciação Médica e Exames Complementares","200","yes","yes","yes","yes","yes","Answer | BreadcrumbList | ContactPoint | Country | EducationalOccupationalCredential | FAQPage | ImageObject | ListItem | MedicalOrganization | MedicalProcedure | MedicalWebPage | Offer | Organization | Person | PostalAddress | PropertyValue | QuantitativeValue | Question | ReserveAction | Service | WebSite","yes","2026-09-02"
"https://www.myglobalhealth.online/portugal/pt/services/consulta-dermatologia","service page","consulta online de dermatologia","consulta dermatologia online | consulta de dermatologia online | dermatologista online | consulta de pele online | problemas de pele","Consulta de Pele Online Portugal | Dermatologia Clínica Geral","Consulta de Dermatologia Online | Avaliação Clínica","Avaliação para erupção cutânea, eczema, acne ou outras questões de pele. Os nossos médicos, registados na Ordem dos Médicos, avaliam por videochamada segura. Marque já a sua consulta. Aceitamos também Medicare para este serviço.","Avaliação por videochamada de erupção cutânea, eczema, acne e outros problemas de pele, com médicos registados na Ordem.","no","not applicable","no","yes","yes","yes","live verified 2026-09-02","Approved title and meta description applied one record at a time and independently verified. H1, visible clinical copy, FAQs, links, prices, booking and availability data were retained.","Consulta de Pele","200","yes","yes","yes","yes","yes","Answer | BreadcrumbList | ContactPoint | Country | EducationalOccupationalCredential | FAQPage | ImageObject | ListItem | MedicalOrganization | MedicalProcedure | MedicalWebPage | Organization | Person | PostalAddress | PropertyValue | Question | ReserveAction | WebSite","yes","2026-09-02"
"https://www.myglobalhealth.online/portugal/pt/services/consulta-do-viajante","service page","consulta do viajante online","consulta do viajante | consulta viajante online | marcar consulta do viajante online | consulta do viajante preço","Consulta de Saúde do Viajante Portugal | Médico Antes de Viajar","Consulta do Viajante Online | Portugal","Avaliação de saúde para viagens ao estrangeiro. Os nossos médicos, registados na Ordem dos Médicos, avaliam riscos específicos do destino e aconselham vacinação e profilaxia, por videochamada segura. Marque já. Aceitamos também Medicare para este serviço.","Consulta do viajante por videochamada com médico registado. Avaliação dos riscos do destino e aconselhamento sobre vacinação e profilaxia.","no","not applicable","no","yes","yes","yes","live verified 2026-09-02","Approved title and meta description applied one record at a time and independently verified. H1, visible clinical copy, FAQs, links, prices, booking and availability data were retained.","Consulta de Saúde do Viajante","200","yes","yes","yes","yes","yes","Answer | BreadcrumbList | ContactPoint | Country | EducationalOccupationalCredential | FAQPage | ImageObject | ListItem | MedicalOrganization | MedicalProcedure | MedicalWebPage | Offer | Organization | Person | PostalAddress | PropertyValue | QuantitativeValue | Question | ReserveAction | Service | WebSite","yes","2026-09-02"
"https://www.myglobalhealth.online/portugal/pt/services/consulta-medica","service page","consulta médica online","médico online | teleconsulta | consulta online | marcação de consulta online | consulta clínico geral","Consulta Médica Online em Portugal | Marcação no Mesmo Dia","Consulta Médica Online em Portugal | Global Health","Fale com um médico registado na Ordem dos Médicos hoje, por videochamada segura. Consultas disponíveis no mesmo dia para sintomas agudos e questões clínicas. Marque já. Aceitamos também Medicare para este serviço.","Consulta por videochamada com médico registado na Ordem dos Médicos, para sintomas agudos e questões clínicas. Disponibilidade conforme a agenda.","no","not applicable","no","yes","yes","yes","live verified 2026-09-02","Approved title and meta description applied one record at a time and independently verified. H1, visible clinical copy, FAQs, links, prices, booking and availability data were retained.","Consulta de Clínica Geral Online em Portugal","200","yes","yes","yes","yes","yes","Answer | BreadcrumbList | ContactPoint | Country | EducationalOccupationalCredential | FAQPage | ImageObject | ListItem | MedicalOrganization | MedicalProcedure | MedicalWebPage | Offer | Organization | Person | PostalAddress | PropertyValue | QuantitativeValue | Question | ReserveAction | Service | WebSite","yes","2026-09-02"
"https://www.myglobalhealth.online/portugal/pt/services/consulta-queda-de-cabelo","service page","médico para queda de cabelo","consulta queda de cabelo | queda de cabelo | causas queda de cabelo | tratamento queda de cabelo","Consulta de Queda de Cabelo Online Portugal | Médico","Médico para Queda de Cabelo | Consulta Online","Avaliação para queda de cabelo ou rarefação capilar. Os nossos médicos, registados na Ordem dos Médicos, avaliam a causa subjacente e aconselham sobre opções de tratamento baseadas em evidência.","Avaliação por videochamada da queda de cabelo ou rarefação capilar, com médicos registados na Ordem, incluindo causas e opções de tratamento.","no","not applicable","no","yes","yes","yes","live verified 2026-09-02","Approved title and meta description applied one record at a time and independently verified. H1, visible clinical copy, FAQs, links, prices, booking and availability data were retained.","Consulta de Queda de Cabelo","200","yes","yes","yes","yes","yes","Answer | BreadcrumbList | ContactPoint | Country | EducationalOccupationalCredential | FAQPage | ImageObject | ListItem | MedicalOrganization | MedicalProcedure | MedicalWebPage | Offer | Organization | Person | PostalAddress | PropertyValue | QuantitativeValue | Question | ReserveAction | Service | WebSite","yes","2026-09-02"
"https://www.myglobalhealth.online/portugal/pt/services/deixar-de-fumar","service page","consulta para deixar de fumar","deixar de fumar | consulta cessação tabágica | apoio médico para deixar de fumar","Consulta de Cessação Tabágica Online Portugal | Apoio Médico","Consulta para Deixar de Fumar | Apoio Médico","Deixar de fumar com apoio médico especializado. Avaliação clínica, plano personalizado e terapêutica baseada em evidência, por videochamada segura. Marque já a sua consulta.","Apoio médico para deixar de fumar, com avaliação, plano individual e opções terapêuticas baseadas em evidência, por videochamada segura.","no","not applicable","no","yes","yes","yes","live verified 2026-09-02","Approved title and meta description applied one record at a time and independently verified. H1, visible clinical copy, FAQs, links, prices, booking and availability data were retained.","Consulta de Cessação Tabágica","200","yes","yes","yes","yes","yes","Answer | BreadcrumbList | ContactPoint | Country | EducationalOccupationalCredential | FAQPage | ImageObject | ListItem | MedicalOrganization | MedicalProcedure | MedicalWebPage | Offer | Organization | Person | PostalAddress | PropertyValue | QuantitativeValue | Question | ReserveAction | Service | WebSite","yes","2026-09-02"
"https://www.myglobalhealth.online/portugal/pt/services/gestao-da-dor","service page","consulta gestão da dor","gestão da dor | dor persistente | avaliação músculo-esquelética online","Avaliação Músculo-Esquelética e Dor Online Portugal","Consulta de Gestão da Dor Online | Portugal","Avaliação para dor nas costas, articulações, ciática ou lesões. Os nossos médicos, registados na Ordem dos Médicos, avaliam condições músculo-esqueléticas por videochamada segura. Marque já.","Avaliação por videochamada de dor nas costas, articulações, ciática ou lesões músculo-esqueléticas, com médicos registados na Ordem.","no","not applicable","no","yes","yes","yes","live verified 2026-09-02","Approved title and meta description applied one record at a time and independently verified. H1, visible clinical copy, FAQs, links, prices, booking and availability data were retained.","Avaliação Músculo-Esquelética e da Dor","200","yes","yes","yes","yes","yes","Answer | BreadcrumbList | ContactPoint | Country | EducationalOccupationalCredential | FAQPage | ImageObject | ListItem | MedicalOrganization | MedicalProcedure | MedicalWebPage | Offer | Organization | Person | PostalAddress | PropertyValue | QuantitativeValue | Question | ReserveAction | Service | WebSite","yes","2026-09-02"
"https://www.myglobalhealth.online/portugal/pt/services/medicina-geral-e-familiar","service page","médico de família online","medicina geral e familiar | pedir médico de família online | médico de família | preço consulta medicina geral e familiar","Consulta de Medicina Geral e Familiar Online | Médico Especialista","Médico de Família Online | Medicina Geral e Familiar","Consulta com um médico especialista em Medicina Geral e Familiar. Gestão de doença crónica, cuidados continuados e medicina preventiva, por videochamada segura. Marque já.","Consulta com especialista em Medicina Geral e Familiar, por videochamada segura, para doença crónica, cuidados continuados e medicina preventiva.","no","not applicable","no","yes","yes","yes","live verified 2026-09-02","Approved title and meta description applied one record at a time and independently verified. H1, visible clinical copy, FAQs, links, prices, booking and availability data were retained.","Consulta de Medicina Geral e Familiar","200","yes","yes","yes","yes","yes","Answer | BreadcrumbList | ContactPoint | Country | EducationalOccupationalCredential | FAQPage | ImageObject | ListItem | MedicalOrganization | MedicalProcedure | MedicalWebPage | Offer | Organization | Person | PostalAddress | PropertyValue | QuantitativeValue | Question | ReserveAction | Service | WebSite","yes","2026-09-02"
"https://www.myglobalhealth.online/portugal/pt/services/pediatria-geral","service page","consulta pediatria online","pediatra online | pediatra consulta | consulta com pediatra online | médico pediatra online","Consulta de Pediatria Online Portugal | Médico de Clínica Geral","Consulta de Pediatria Online | Médico de Clínica Geral","Fale com um médico sobre a saúde do seu filho hoje. Consultas pediátricas de cuidados primários no mesmo dia, por videochamada segura.","Fale com um médico sobre a saúde do seu filho numa consulta pediátrica de cuidados primários, por videochamada segura. Consulte a agenda.","no","not applicable","no","yes","yes","yes","live verified 2026-09-02","Approved title and meta description applied one record at a time and independently verified. H1, visible clinical copy, FAQs, links, prices, booking and availability data were retained.","Consulta de Pediatria — Cuidados Primários","200","yes","yes","yes","yes","yes","Answer | BreadcrumbList | ContactPoint | Country | EducationalOccupationalCredential | FAQPage | ImageObject | ListItem | MedicalOrganization | MedicalProcedure | MedicalWebPage | Offer | Organization | Person | PostalAddress | PropertyValue | QuantitativeValue | Question | ReserveAction | Service | WebSite","yes","2026-09-02"
"https://www.myglobalhealth.online/portugal/pt/services/perda-de-peso","service page","consulta médica para perda de peso","perda de peso com médico | perda de peso | IMC | saúde metabólica","Consulta de Gestão de Peso Online Portugal | Apoio Médico","Consulta Médica para Perda de Peso | Portugal","Gestão médica do peso, além das dietas genéricas. Os nossos médicos, registados na Ordem dos Médicos, avaliam fatores médicos e metabólicos e criam um plano personalizado. Avaliação clínica completa, sem dietas genéricas. Aceitamos também Medicare para este serviço.","Avaliação dos fatores médicos e metabólicos ligados ao peso, com médicos registados na Ordem. Tratamentos dependem da indicação clínica.","no","not applicable","no","yes","yes","yes","live verified 2026-09-02","Approved title and meta description applied one record at a time and independently verified. H1, visible clinical copy, FAQs, links, prices, booking and availability data were retained.","Consulta de Gestão de Peso","200","yes","yes","yes","yes","yes","Answer | BreadcrumbList | ContactPoint | Country | EducationalOccupationalCredential | FAQPage | ImageObject | ListItem | MedicalOrganization | MedicalProcedure | MedicalWebPage | Offer | Organization | Person | PostalAddress | PropertyValue | QuantitativeValue | Question | ReserveAction | Service | WebSite","yes","2026-09-02"
"https://www.myglobalhealth.online/portugal/pt/services/renovacao-de-tratamento","service page","renovação de receita online","receita médica online | renovação de receita | pedir receita médica online | prescrição médica eletrónica","Revisão de Tratamento Online Portugal | Continuidade de Cuidados","Renovação de Receita Online: Avaliação Médica","Renovação de tratamento com avaliação clínica completa. Os nossos médicos, registados na Ordem dos Médicos, avaliam a sua condição por videochamada segura. Continuidade de cuidados, com avaliação clínica completa.","Continuidade de tratamento com avaliação clínica por videochamada segura, com médicos registados na Ordem dos Médicos. A prescrição depende da decisão clínica.","no","not applicable","no","yes","yes","yes","live verified 2026-09-02","Approved title and meta description applied one record at a time and independently verified. H1, visible clinical copy, FAQs, links, prices, booking and availability data were retained.","Revisão de Tratamento em Curso","200","yes","yes","yes","yes","yes","Answer | BreadcrumbList | ContactPoint | Country | EducationalOccupationalCredential | FAQPage | ImageObject | ListItem | MedicalOrganization | MedicalProcedure | MedicalWebPage | Offer | Organization | Person | PostalAddress | PropertyValue | QuantitativeValue | Question | ReserveAction | Service | WebSite","yes","2026-09-02"
"https://www.myglobalhealth.online/portugal/pt/services/saude-da-mulher","service page","consulta saúde da mulher online","saúde da mulher online | consulta saúde da mulher | consulta menopausa | saúde hormonal","Consulta de Saúde da Mulher Online Portugal | Médico Confidencial","Consulta de Saúde da Mulher Online | Portugal","Avaliação confidencial de saúde da mulher com médico registado na Ordem dos Médicos. Contraceção, saúde hormonal, menopausa, SOP, e mais, por videochamada segura.","Avaliação confidencial de saúde da mulher por videochamada: contraceção, saúde hormonal, menopausa e SOP, com médico registado na Ordem.","no","not applicable","no","yes","yes","yes","live verified 2026-09-02","Approved title and meta description applied one record at a time and independently verified. H1, visible clinical copy, FAQs, links, prices, booking and availability data were retained.","Consulta de Saúde da Mulher","200","yes","yes","yes","yes","yes","Answer | BreadcrumbList | ContactPoint | Country | EducationalOccupationalCredential | FAQPage | ImageObject | ListItem | MedicalOrganization | MedicalProcedure | MedicalWebPage | Offer | Organization | Person | PostalAddress | PropertyValue | QuantitativeValue | Question | ReserveAction | Service | WebSite","yes","2026-09-02"
"https://www.myglobalhealth.online/portugal/pt/services/saude-do-homem","service page","consulta saúde do homem online","saúde do homem online | consulta saúde do homem | testosterona homem | saúde sexual masculina","Consulta de Saúde do Homem Online Portugal | Médico Confidencial","Consulta de Saúde do Homem Online | Portugal","Avaliação confidencial de saúde do homem com médico registado na Ordem dos Médicos. Disfunção erétil, testosterona, libido, por videochamada segura. Marque já. Aceitamos também Medicare para este serviço.","Avaliação confidencial da saúde do homem por videochamada: disfunção erétil, testosterona e libido, com médico registado.","no","not applicable","no","yes","yes","yes","live verified 2026-09-02","Approved title and meta description applied one record at a time and independently verified. H1, visible clinical copy, FAQs, links, prices, booking and availability data were retained.","Consulta de Saúde do Homem","200","yes","yes","yes","yes","yes","Answer | BreadcrumbList | ContactPoint | Country | EducationalOccupationalCredential | FAQPage | ImageObject | ListItem | MedicalOrganization | MedicalProcedure | MedicalWebPage | Offer | Organization | Person | PostalAddress | PropertyValue | QuantitativeValue | Question | ReserveAction | Service | WebSite","yes","2026-09-02"
"https://www.myglobalhealth.online/portugal/pt/services/saude-mental","service page","consulta saúde mental online","consulta saúde mental | saúde mental online | ansiedade e stress | apoio saúde mental online","Consulta de Saúde Mental Online Portugal | Médico","Consulta de Saúde Mental Online | Portugal","Avaliações confidenciais para ansiedade, tristeza ou sobrecarga emocional. Os nossos médicos, registados na Ordem dos Médicos, oferecem avaliações confidenciais de saúde mental por videochamada. Marque já, desde €39.","Avaliação confidencial de saúde mental por videochamada com médicos registados na Ordem dos Médicos. Numa crise, procure apoio imediato.","no","not applicable","no","yes","yes","yes","live verified 2026-09-02","Approved title and meta description applied one record at a time and independently verified. H1, visible clinical copy, FAQs, links, prices, booking and availability data were retained.","Consulta de Saúde Mental","200","yes","yes","yes","yes","yes","Answer | BreadcrumbList | ContactPoint | Country | EducationalOccupationalCredential | FAQPage | ImageObject | ListItem | MedicalOrganization | MedicalProcedure | MedicalWebPage | Offer | Organization | Person | PostalAddress | PropertyValue | QuantitativeValue | Question | ReserveAction | Service | WebSite","yes","2026-09-02"
"https://www.myglobalhealth.online/portugal/pt/services/segunda-opiniao-medica","service page","segunda opinião médica online","segunda opinião médica | segunda opinião médica lei | revisão de diagnóstico | revisão de tratamento","Segunda Opinião Médica Online Portugal | Médico Independente","Segunda Opinião Médica Online | Portugal","Segunda opinião médica independente sobre diagnóstico ou plano de tratamento. Os nossos médicos, registados na Ordem dos Médicos, oferecem uma segunda opinião independente por videochamada. Marque já, desde €39.","Segunda opinião independente sobre diagnóstico ou tratamento, por videochamada, com médicos registados na Ordem dos Médicos.","no","not applicable","no","yes","yes","yes","live verified 2026-09-02","Approved title and meta description applied one record at a time and independently verified. H1, visible clinical copy, FAQs, links, prices, booking and availability data were retained.","Consulta de Segunda Opinião Médica","200","yes","yes","yes","yes","yes","Answer | BreadcrumbList | ContactPoint | Country | EducationalOccupationalCredential | FAQPage | ImageObject | ListItem | MedicalOrganization | MedicalProcedure | MedicalWebPage | Offer | Organization | Person | PostalAddress | PropertyValue | QuantitativeValue | Question | ReserveAction | Service | WebSite","yes","2026-09-02"
"https://www.myglobalhealth.online/portugal/pt/tools/adhd-test","health tool","teste de PHDA","questionário de PHDA | sinais de défice de atenção","Teste de PHDA Portugal | Rastreio Gratuito para Adultos","Teste de PHDA Portugal | Rastreio Gratuito para Adultos","Faça o rastreio de PHDA no adulto com seis perguntas (ASRS v1.1, parte A) e veja o que as suas respostas significam. Um rastreio não é um diagnóstico — esse só pode ser feito por um psiquiatra ou um psicólogo clínico.","Faça o rastreio de PHDA no adulto com seis perguntas (ASRS v1.1, parte A) e veja o que as suas respostas significam. Um rastreio não é um diagnóstico — esse só pode ser feito por um psiquiatra ou um psicólogo clínico.","no","not applicable","not applicable","yes","no","yes","reviewed; unchanged","Current copy remains relevant; the measured status, canonical, pt-PT hreflang/locale, robots, structured data and CTA checks passed on 2026-09-01.","Teste de PHDA Portugal","200","yes","yes","yes","yes","yes","Answer | BreadcrumbList | ContactPoint | Country | FAQPage | ImageObject | ListItem | MedicalOrganization | MedicalWebPage | PostalAddress | PropertyValue | Question | WebSite","yes","2026-09-01"
"https://www.myglobalhealth.online/portugal/pt/tools/blood-pressure-chart","health tool","tabela tensão arterial","calculadora tensão arterial | tabela de medição de tensão arterial | tabela registo tensão arterial | valores tensão arterial","Tensão Arterial Normal Portugal | Tabela de Valores","Tabela de Tensão Arterial: Valores | Portugal","Compare os seus valores de tensão sistólica e diastólica com a tabela europeia para adultos. Veja a categoria, o que significa e que leituras exigem cuidados médicos no próprio dia.","Compare a tensão sistólica e diastólica com a tabela europeia para adultos. Veja a categoria e as leituras que exigem cuidados médicos no próprio dia.","no","not applicable","not applicable","yes","yes","yes","live verified 2026-09-02","Approved Portugal pt-PT title and meta description deployed through the frontend metadata overlay. H1, guidance, FAQs, links, calculator logic and clinical thresholds were retained.","Tabela de tensão arterial Portugal","200","yes","yes","yes","yes","yes","Answer | BreadcrumbList | ContactPoint | Country | FAQPage | ImageObject | ListItem | MedicalOrganization | MedicalWebPage | PostalAddress | PropertyValue | Question | WebSite","yes","2026-09-02"
"https://www.myglobalhealth.online/portugal/pt/tools/bmi-calculator","health tool","calculadora de IMC","calcular índice de massa corporal | IMC adulto","Calculadora IMC Portugal | Calcular IMC Online","Calculadora IMC Portugal | Calcular IMC Online","Calcule o seu índice de massa corporal em segundos. Sistema métrico ou imperial, categorias da OMS para adultos e o que o resultado significa na prática.","Calcule o seu índice de massa corporal em segundos. Sistema métrico ou imperial, categorias da OMS para adultos e o que o resultado significa na prática.","no","not applicable","not applicable","yes","no","yes","reviewed; unchanged","Current copy remains relevant; the measured status, canonical, pt-PT hreflang/locale, robots, structured data and CTA checks passed on 2026-09-01.","Calculadora de IMC Portugal","200","yes","yes","yes","yes","yes","Answer | BreadcrumbList | ContactPoint | Country | FAQPage | ImageObject | ListItem | MedicalOrganization | MedicalWebPage | PostalAddress | PropertyValue | Question | WebSite","yes","2026-09-01"
"https://www.myglobalhealth.online/portugal/pt/tools/calorie-calculator","health tool","calculadora de calorias","necessidades calóricas diárias | calcular calorias por dia","Calculadora Calorias Portugal | Calorias Diárias","Calculadora Calorias Portugal | Calorias Diárias","Calcule quantas calorias precisa por dia para manter, perder ou ganhar peso. Equação de Mifflin-St Jeor, cinco níveis de atividade e o que os números significam na prática.","Calcule quantas calorias precisa por dia para manter, perder ou ganhar peso. Equação de Mifflin-St Jeor, cinco níveis de atividade e o que os números significam na prática.","no","not applicable","not applicable","yes","no","yes","reviewed; unchanged","Current copy remains relevant; the measured status, canonical, pt-PT hreflang/locale, robots, structured data and CTA checks passed on 2026-09-01.","Calculadora de calorias Portugal","200","yes","yes","yes","yes","yes","Answer | BreadcrumbList | ContactPoint | Country | FAQPage | ImageObject | ListItem | MedicalOrganization | MedicalWebPage | PostalAddress | PropertyValue | Question | WebSite","yes","2026-09-01"
"https://www.myglobalhealth.online/portugal/pt/tools/due-date-calculator","health tool","calculadora da data do parto","calcular data provável do parto | semanas de gravidez","Calculadora de Gravidez Portugal | Semanas e Data do Parto","Calculadora de Gravidez Portugal | Semanas e Data do Parto","Calcule a data provável do parto e de quantas semanas está a partir do primeiro dia da última menstruação. Ajusta-se à duração do seu ciclo, com as 40 semanas em detalhe.","Calcule a data provável do parto e de quantas semanas está a partir do primeiro dia da última menstruação. Ajusta-se à duração do seu ciclo, com as 40 semanas em detalhe.","no","not applicable","not applicable","yes","no","yes","reviewed; unchanged","Current copy remains relevant; the measured status, canonical, pt-PT hreflang/locale, robots, structured data and CTA checks passed on 2026-09-01.","Calculadora da data do parto Portugal","200","yes","yes","yes","yes","yes","Answer | BreadcrumbList | ContactPoint | Country | FAQPage | ImageObject | ListItem | MedicalOrganization | MedicalWebPage | PostalAddress | PropertyValue | Question | WebSite","yes","2026-09-01"
"https://www.myglobalhealth.online/portugal/pt/tools/osteoporosis-risk-checker","health tool","risco de osteoporose","fatores de risco de osteoporose | avaliação do risco ósseo","Avaliação de Risco de Osteoporose Portugal | Preciso de uma Densitometria Óssea?","Avaliação de Risco de Osteoporose Portugal | Preciso de uma Densitometria Óssea?","Verifique os fatores de risco publicados para osteoporose e fratura de fragilidade, e veja se as orientações clínicas recomendam que seja avaliado. Não é o FRAX nem um diagnóstico — uma lista de verificação para levar ao médico.","Verifique os fatores de risco publicados para osteoporose e fratura de fragilidade, e veja se as orientações clínicas recomendam que seja avaliado. Não é o FRAX nem um diagnóstico — uma lista de verificação para levar ao médico.","no","not applicable","not applicable","yes","no","yes","reviewed; unchanged","Current copy remains relevant; the measured status, canonical, pt-PT hreflang/locale, robots, structured data and CTA checks passed on 2026-09-01.","Risco de osteoporose Portugal","200","yes","yes","yes","yes","yes","Answer | BreadcrumbList | ContactPoint | Country | FAQPage | ImageObject | ListItem | MedicalOrganization | MedicalWebPage | PostalAddress | PropertyValue | Question | WebSite","yes","2026-09-01"
"https://www.myglobalhealth.online/portugal/pt/tools/ovulation-calculator","health tool","calculadora de ovulação","calcular período fértil | dias de ovulação","Período Fértil Portugal | Calculadora de Ovulação","Período Fértil Portugal | Calculadora de Ovulação","Calcule os seus dias férteis e o dia previsto de ovulação a partir do primeiro dia da última menstruação. Ajusta-se à duração do seu ciclo, com os seis dias mais férteis em detalhe.","Calcule os seus dias férteis e o dia previsto de ovulação a partir do primeiro dia da última menstruação. Ajusta-se à duração do seu ciclo, com os seis dias mais férteis em detalhe.","no","not applicable","not applicable","yes","no","yes","reviewed; unchanged","Current copy remains relevant; the measured status, canonical, pt-PT hreflang/locale, robots, structured data and CTA checks passed on 2026-09-01.","Calculadora de ovulação Portugal","200","yes","yes","yes","yes","yes","Answer | BreadcrumbList | ContactPoint | Country | FAQPage | ImageObject | ListItem | MedicalOrganization | MedicalWebPage | PostalAddress | PropertyValue | Question | WebSite","yes","2026-09-01"
