"cluster_id","parent_topic","keyword","normalised_keyword","country","language","intent","funnel_stage","recommended_page_type","search_volume","keyword_difficulty","competition","cpc_eur","trend","serp_features","webdoctor_position","webdoctor_url","webdoctor_estimated_traffic","target_position","target_url","target_impressions","target_clicks","target_ctr","keyword_gap","business_fit","service_fit","clinical_risk","serp_fit","attainability","opportunity_score","recommended_action","proposed_target_url","priority","data_source","collected_at","notes","observed_target_url_status"
"IE-SICK-CERT","sick certificates","sick cert online","sick cert online","IE","en","informational","awareness","commercial_service_page","880","0","0.800000011920929","3.7699999809265137","2026-06:undefined|2026-05:undefined|2026-04:undefined|2026-03:undefined|2026-02:undefined|2026-01:undefined|2025-12:undefined|2025-11:undefined|2025-10:undefined|2025-09:undefined|2025-08:undefined|2025-07:undefined","organic|ai_overview|people_also_ask|discussions_and_forums|related_searches","","","","29","https://www.myglobalhealth.online/ireland/es/health/sick-cert-online","59","1","0.01694915254237288","false","95","100","Medium","90","100","86","Strengthen the existing target URL; do not create a competing page","https://www.myglobalhealth.online/ireland/en/services/sick-certificate-ireland","P1","OpenSEO research_keywords + OpenSEO get_ranked_keywords (target) + Google Search Console via OpenSEO","2026-08-25","Historical/legacy ranking attribution only; do not optimise or recreate this URL. Use proposed_target_url for implementation.","legacy_or_noncanonical_gsc_attribution_do_not_optimise"
"IE-GP","online GP consultation","gp online appointment","gp online appointment","IE","en","transactional","decision","commercial_service_page","140","22","0.79","7.59","2026-07:140|2026-06:110|2026-05:140|2026-04:110|2026-03:170|2026-02:90|2026-01:170|2025-12:210|2025-11:140|2025-10:140|2025-09:140|2025-08:90","","","","","","","","","","false","95","100","Low","90","78","86","Strengthen the existing target URL; do not create a competing page","https://www.myglobalhealth.online/ireland/en/gp-consultation-online","P1","OpenSEO research_keywords","2026-08-25","",""
"IE-GP","online GP consultation","online doctor appointment","online doctor appointment","IE","en","transactional","decision","commercial_service_page","110","19","0.78","8.47","2026-07:90|2026-06:90|2026-05:110|2026-04:90|2026-03:110|2026-02:90|2026-01:140|2025-12:170|2025-11:140|2025-10:140|2025-09:90|2025-08:110","","","","","","","","","","false","95","100","Low","90","81","86","Strengthen the existing target URL; do not create a competing page","https://www.myglobalhealth.online/ireland/en/gp-consultation-online","P1","OpenSEO research_keywords","2026-08-25","",""
"IE-GP","online GP consultation","online gp ireland","online gp ireland","IE","en","informational","awareness","commercial_service_page","880","27","0.7900000214576721","6.03000020980835","2026-06:undefined|2026-05:undefined|2026-04:undefined|2026-03:undefined|2026-02:undefined|2026-01:undefined|2025-12:undefined|2025-11:undefined|2025-10:undefined|2025-09:undefined|2025-08:undefined|2025-07:undefined","organic|people_also_ask|related_searches","1","https://www.webdoctor.ie/","267.5199890136719","","","","","","true","95","100","Low","90","73","85","Strengthen the existing target URL; do not create a competing page","https://www.myglobalhealth.online/ireland/en/gp-consultation-online","P1","OpenSEO get_ranked_keywords (WebDoctor)","2026-08-25","",""
"IE-SICK-CERT","sick certificates","online medical certificate","online medical certificate","IE","en","informational","awareness","commercial_service_page","590","0","0.79","4","2026-07:590|2026-06:720|2026-05:590|2026-04:590|2026-03:720|2026-02:590|2026-01:590|2025-12:590|2025-11:590|2025-10:480|2025-09:390|2025-08:320","","","","","","","","","","false","95","100","Medium","90","100","85","Strengthen the existing target URL; do not create a competing page","https://www.myglobalhealth.online/ireland/en/services/sick-certificate-ireland","P1","OpenSEO research_keywords","2026-08-25","",""
"IE-GP","online GP consultation","consulting doctor online","consulting doctor online","IE","en","commercial","decision","commercial_service_page","210","24","0.81","6.47","2026-06:140|2026-05:210|2026-04:260|2026-03:390|2026-02:210|2026-01:260|2025-12:320|2025-11:170|2025-10:210|2025-09:260|2025-08:140|2025-07:170","","","","","66.78947368421052","https://www.myglobalhealth.online/service-page/ie-medical-consultation","19","0","0","false","95","100","Low","90","76","85","Strengthen the existing target URL; do not create a competing page","https://www.myglobalhealth.online/ireland/en/gp-consultation-online","P1","OpenSEO research_keywords + Google Search Console via OpenSEO","2026-08-25","Historical/legacy ranking attribution only; do not optimise or recreate this URL. Use proposed_target_url for implementation.","legacy_or_noncanonical_gsc_attribution_do_not_optimise"
"IE-GP","online GP consultation","doctor online appointment","doctor online appointment","IE","en","transactional","decision","commercial_service_page","110","25","0.78","8.47","2026-07:90|2026-06:90|2026-05:110|2026-04:90|2026-03:110|2026-02:90|2026-01:140|2025-12:170|2025-11:140|2025-10:140|2025-09:90|2025-08:110","","","","","","","","","","false","95","100","Low","90","75","85","Strengthen the existing target URL; do not create a competing page","https://www.myglobalhealth.online/ireland/en/gp-consultation-online","P1","OpenSEO research_keywords","2026-08-25","",""
"IE-SICK-CERT","sick certificates","doctors note online","doctors note online","IE","en","informational","awareness","commercial_service_page","390","0","0.82","4.02","2026-06:320|2026-05:320|2026-04:320|2026-03:390|2026-02:390|2026-01:390|2025-12:480|2025-11:390|2025-10:320|2025-09:390|2025-08:320|2025-07:320","","","","","61.36363636363637","https://www.myglobalhealth.online/ireland/en/services/sick-certificate-ireland","11","0","0","false","95","100","Medium","90","100","84","Strengthen the existing target URL; do not create a competing page","https://www.myglobalhealth.online/ireland/en/services/sick-certificate-ireland","P1","OpenSEO research_keywords + Google Search Console via OpenSEO","2026-08-25","","current_canonical_target"
"IE-SICK-CERT","sick certificates","online sick cert ireland","online sick cert ireland","IE","en","informational","awareness","commercial_service_page","320","0","0.7699999809265137","4.409999847412109","2026-06:undefined|2026-05:undefined|2026-04:undefined|2026-03:undefined|2026-02:undefined|2026-01:undefined|2025-12:undefined|2025-11:undefined|2025-10:undefined|2025-09:undefined|2025-08:undefined|2025-07:undefined","organic|ai_overview|discussions_and_forums|people_also_ask|related_searches","","","","30","https://www.myglobalhealth.online/ireland/es/health/sick-cert-online","","","","false","95","100","Medium","90","100","84","Strengthen the existing target URL; do not create a competing page","https://www.myglobalhealth.online/ireland/en/services/sick-certificate-ireland","P1","OpenSEO research_keywords + OpenSEO get_ranked_keywords (target)","2026-08-25","Historical/legacy ranking attribution only; do not optimise or recreate this URL. Use proposed_target_url for implementation.","legacy_or_noncanonical_gsc_attribution_do_not_optimise"
"IE-SICK-CERT","sick certificates","fit to work certificate","fit to work certificate","IE","en","informational","awareness","commercial_service_page","320","0","0.6299999952316284","2.2100000381469727","2026-06:undefined|2026-05:undefined|2026-04:undefined|2026-03:undefined|2026-02:undefined|2026-01:undefined|2025-12:undefined|2025-11:undefined|2025-10:undefined|2025-09:undefined|2025-08:undefined|2025-07:undefined","ai_overview|organic|people_also_ask|related_searches|images","","","","55","https://www.myglobalhealth.online/ireland/en/blog/sick-certificate-ireland-employee-rights","1","0","0","false","95","100","Medium","90","100","84","Strengthen the existing target URL; do not create a competing page","https://www.myglobalhealth.online/ireland/en/services/sick-certificate-ireland","P1","OpenSEO get_ranked_keywords (target) + Google Search Console via OpenSEO","2026-08-25","","observed_alternate_ranking_url_review_intent_and_canonical"
"IE-SICK-CERT","sick certificates","medical certificate ireland","medical certificate ireland","IE","en","informational","awareness","commercial_service_page","260","0","0.6800000071525574","3.9200000762939453","2026-06:undefined|2026-05:undefined|2026-04:undefined|2026-03:undefined|2026-02:undefined|2026-01:undefined|2025-12:undefined|2025-11:undefined|2025-10:undefined|2025-09:undefined|2025-08:undefined|2025-07:undefined","ai_overview|organic|people_also_ask|discussions_and_forums|related_searches|images","","","","61","https://www.myglobalhealth.online/ireland/en/services/sick-certificate-ireland","","","","false","95","100","Medium","90","100","84","Strengthen the existing target URL; do not create a competing page","https://www.myglobalhealth.online/ireland/en/services/sick-certificate-ireland","P1","OpenSEO get_ranked_keywords (target)","2026-08-25","","current_canonical_target"
"IE-SICK-CERT","sick certificates","online sick certificate","online sick certificate","IE","en","informational","awareness","commercial_service_page","260","0","0.7599999904632568","4.349999904632568","2026-06:undefined|2026-05:undefined|2026-04:undefined|2026-03:undefined|2026-02:undefined|2026-01:undefined|2025-12:undefined|2025-11:undefined|2025-10:undefined|2025-09:undefined|2025-08:undefined|2025-07:undefined","organic|ai_overview|people_also_ask|related_searches","","","","43","https://www.myglobalhealth.online/ireland/ro/health/sick-cert-online","","","","false","95","100","Medium","90","100","84","Strengthen the existing target URL; do not create a competing page","https://www.myglobalhealth.online/ireland/en/services/sick-certificate-ireland","P1","OpenSEO get_ranked_keywords (target)","2026-08-25","Historical/legacy ranking attribution only; do not optimise or recreate this URL. Use proposed_target_url for implementation.","legacy_or_noncanonical_gsc_attribution_do_not_optimise"
"IE-SICK-CERT","sick certificates","sick note online","sick note online","IE","en","informational","awareness","commercial_service_page","260","0","0.7599999904632568","4.760000228881836","2026-06:undefined|2026-05:undefined|2026-04:undefined|2026-03:undefined|2026-02:undefined|2026-01:undefined|2025-12:undefined|2025-11:undefined|2025-10:undefined|2025-09:undefined|2025-08:undefined|2025-07:undefined","organic|ai_overview|people_also_ask|related_searches","","","","59","https://www.myglobalhealth.online/ireland/sick-leave","","","","false","95","100","Medium","90","100","84","Strengthen the existing target URL; do not create a competing page","https://www.myglobalhealth.online/ireland/en/services/sick-certificate-ireland","P1","OpenSEO get_ranked_keywords (target)","2026-08-25","Historical/legacy ranking attribution only; do not optimise or recreate this URL. Use proposed_target_url for implementation.","legacy_or_noncanonical_gsc_attribution_do_not_optimise"
"IE-SICK-CERT","sick certificates","sick note from gp","sick note from gp","IE","en","informational","awareness","commercial_service_page","170","0","0.5400000214576721","2.5399999618530273","2026-06:undefined|2026-05:undefined|2026-04:undefined|2026-03:undefined|2026-02:undefined|2026-01:undefined|2025-12:undefined|2025-11:undefined|2025-10:undefined|2025-09:undefined|2025-08:undefined|2025-07:undefined","ai_overview|organic|people_also_ask|discussions_and_forums|related_searches|images","","","","66","https://www.myglobalhealth.online/ireland/en/services/sick-certificate-ireland","","","","false","95","100","Medium","90","100","83","Strengthen the existing target URL; do not create a competing page","https://www.myglobalhealth.online/ireland/en/services/sick-certificate-ireland","P1","OpenSEO get_ranked_keywords (target)","2026-08-25","","current_canonical_target"
"IE-WEIGHT-TOOLS","weight calculators","bmi calculator ireland","bmi calculator ireland","IE","en","informational","awareness","tool_or_guide","2900","7","0.14000000059604645","0.10000000149011612","2026-06:undefined|2026-05:undefined|2026-04:undefined|2026-03:undefined|2026-02:undefined|2026-01:undefined|2025-12:undefined|2025-11:undefined|2025-10:undefined|2025-09:undefined|2025-08:undefined|2025-07:undefined","organic|people_also_ask|related_searches","1","https://www.webdoctor.ie/bmi-calculator/","881.5999755859375","35","https://www.myglobalhealth.online/ireland/en/tools/bmi-calculator","5","0","0","true","70","80","Low","90","93","82","Strengthen the existing target URL; do not create a competing page","https://www.myglobalhealth.online/ireland/en/tools/bmi-calculator","P1","OpenSEO get_ranked_keywords (WebDoctor) + Google Search Console via OpenSEO","2026-08-25","","current_canonical_target"
"IE-SICK-CERT","sick certificates","get sick cert","get sick cert","IE","en","informational","awareness","commercial_service_page","140","0","0.5400000214576721","2.7899999618530273","2026-06:undefined|2026-05:undefined|2026-04:undefined|2026-03:undefined|2026-02:undefined|2026-01:undefined|2025-12:undefined|2025-11:undefined|2025-10:undefined|2025-09:undefined|2025-08:undefined|2025-07:undefined","organic|people_also_ask|related_searches","","","","57","https://www.myglobalhealth.online/ireland/sick-leave","1","0","0","false","95","100","Medium","90","100","82","Strengthen the existing target URL; do not create a competing page","https://www.myglobalhealth.online/ireland/en/services/sick-certificate-ireland","P1","OpenSEO research_keywords + OpenSEO get_ranked_keywords (target) + Google Search Console via OpenSEO","2026-08-25","Historical/legacy ranking attribution only; do not optimise or recreate this URL. Use proposed_target_url for implementation.","legacy_or_noncanonical_gsc_attribution_do_not_optimise"
"IE-SICK-CERT","sick certificates","sick certificate for work","sick certificate for work","IE","en","informational","awareness","commercial_service_page","140","0","0.6299999952316284","3.259999990463257","2026-06:undefined|2026-05:undefined|2026-04:undefined|2026-03:undefined|2026-02:undefined|2026-01:undefined|2025-12:undefined|2025-11:undefined|2025-10:undefined|2025-09:undefined|2025-08:undefined|2025-07:undefined","ai_overview|organic|people_also_ask|related_searches|images","","","","53","https://www.myglobalhealth.online/ireland/sick-leave","","","","false","95","100","Medium","90","100","82","Strengthen the existing target URL; do not create a competing page","https://www.myglobalhealth.online/ireland/en/services/sick-certificate-ireland","P1","OpenSEO get_ranked_keywords (target)","2026-08-25","Historical/legacy ranking attribution only; do not optimise or recreate this URL. Use proposed_target_url for implementation.","legacy_or_noncanonical_gsc_attribution_do_not_optimise"
"IE-GP","online GP consultation","online gp consultations","online gp consultations","IE","en","informational","awareness","commercial_service_page","170","15","0.8299999833106995","6.360000133514404","2026-06:undefined|2026-05:undefined|2026-04:undefined|2026-03:undefined|2026-02:undefined|2026-01:undefined|2025-12:undefined|2025-11:undefined|2025-10:undefined|2025-09:undefined|2025-08:undefined|2025-07:undefined","organic|related_searches","","","","63","https://www.myglobalhealth.online/service-page/ie-medical-consultation","","","","false","95","100","Low","90","85","81","Strengthen the existing target URL; do not create a competing page","https://www.myglobalhealth.online/ireland/en/gp-consultation-online","P1","OpenSEO research_keywords + OpenSEO get_ranked_keywords (target)","2026-08-25","Historical/legacy ranking attribution only; do not optimise or recreate this URL. Use proposed_target_url for implementation.","legacy_or_noncanonical_gsc_attribution_do_not_optimise"
"IE-SICK-CERT","sick certificates","sick cert for work","sick cert for work","IE","en","informational","awareness","commercial_service_page","110","0","0.57","3.45","2026-07:50|2026-06:90|2026-05:90|2026-04:110|2026-03:140|2026-02:110|2026-01:110|2025-12:110|2025-11:140|2025-10:140|2025-09:170|2025-08:140","","","","","","","","","","false","95","100","Medium","90","100","81","Strengthen the existing target URL; do not create a competing page","https://www.myglobalhealth.online/ireland/en/services/sick-certificate-ireland","P1","OpenSEO research_keywords","2026-08-25","",""
"IE-SICK-CERT","sick certificates","doctors note ireland","doctors note ireland","IE","en","informational","awareness","commercial_service_page","110","0","0.6600000262260437","3.3499999046325684","2026-06:undefined|2026-05:undefined|2026-04:undefined|2026-03:undefined|2026-02:undefined|2026-01:undefined|2025-12:undefined|2025-11:undefined|2025-10:undefined|2025-09:undefined|2025-08:undefined|2025-07:undefined","ai_overview|organic|people_also_ask|related_searches|images","","","","74","https://www.myglobalhealth.online/ireland/sick-leave","30","0","0","false","95","100","Medium","90","100","81","Strengthen the existing target URL; do not create a competing page","https://www.myglobalhealth.online/ireland/en/services/sick-certificate-ireland","P1","OpenSEO get_ranked_keywords (target) + Google Search Console via OpenSEO","2026-08-25","Historical/legacy ranking attribution only; do not optimise or recreate this URL. Use proposed_target_url for implementation.","legacy_or_noncanonical_gsc_attribution_do_not_optimise"
"IE-SICK-CERT","sick certificates","sick note online ireland","sick note online ireland","IE","en","informational","awareness","commercial_service_page","70","0","0.83","4.68","2026-06:30|2026-05:40|2026-04:50|2026-03:70|2026-02:50|2026-01:90|2025-12:90|2025-11:90|2025-10:70|2025-09:70|2025-08:70|2025-07:30","","","","","","","","","","false","95","100","Medium","90","100","81","Strengthen the existing target URL; do not create a competing page","https://www.myglobalhealth.online/ireland/en/services/sick-certificate-ireland","P1","OpenSEO research_keywords","2026-08-25","",""
"IE-SICK-CERT","sick certificates","medical certificate for sick leave","medical certificate for sick leave","IE","en","informational","awareness","commercial_service_page","70","0","0.699999988079071","3.6500000953674316","2026-07:undefined|2026-06:undefined|2026-05:undefined|2026-04:undefined|2026-03:undefined|2026-02:undefined|2026-01:undefined|2025-12:undefined|2025-11:undefined|2025-10:undefined|2025-09:undefined|2025-08:undefined","ai_overview|organic|people_also_ask|images|related_searches","","","","44","https://www.myglobalhealth.online/ireland/en/blog/sick-certificate-ireland-employee-rights","","","","false","95","100","Medium","90","100","81","Strengthen the existing target URL; do not create a competing page","https://www.myglobalhealth.online/ireland/en/services/sick-certificate-ireland","P1","OpenSEO get_ranked_keywords (target)","2026-08-25","","observed_alternate_ranking_url_review_intent_and_canonical"
"IE-LABS","home blood tests","home blood tests","home blood tests","IE","en","informational","awareness","hub_or_service_page","90","0","1","1.58","2026-07:70|2026-06:90|2026-05:110|2026-04:70|2026-03:90|2026-02:90|2026-01:90|2025-12:50|2025-11:90|2025-10:90|2025-09:110|2025-08:90","","","","","","","","","","false","95","100","Medium","85","100","80","Strengthen the existing target URL; do not create a competing page","https://www.myglobalhealth.online/ireland/en/lab-tests","P1","OpenSEO research_keywords","2026-08-25","Lab cluster frozen until approximately 2026-09-08. ",""
"IE-SICK-CERT","sick certificates","get sick cert online","get sick cert online","IE","en","transactional","decision","commercial_service_page","70","","0.8","3.27","2026-07:30|2026-06:50|2026-05:50|2026-04:40|2026-03:40|2026-02:50|2026-01:70|2025-12:90|2025-11:110|2025-10:90|2025-09:70|2025-08:40","","","","","30","https://www.myglobalhealth.online/ireland/es/health/sick-cert-online","1","0","0","false","95","100","Medium","90","50","80","Strengthen the existing target URL; do not create a competing page","https://www.myglobalhealth.online/ireland/en/services/sick-certificate-ireland","P1","OpenSEO research_keywords + Google Search Console via OpenSEO","2026-08-25","Historical/legacy ranking attribution only; do not optimise or recreate this URL. Use proposed_target_url for implementation.","legacy_or_noncanonical_gsc_attribution_do_not_optimise"
"IE-SICK-CERT","sick certificates","sick note from doctor ireland","sick note from doctor ireland","IE","en","informational","awareness","commercial_service_page","50","0","0.66","2.73","2026-06:40|2026-05:50|2026-04:30|2026-03:50|2026-02:40|2026-01:50|2025-12:50|2025-11:50|2025-10:50|2025-09:50|2025-08:50|2025-07:50","","","","","","","","","","false","95","100","Medium","90","100","80","Strengthen the existing target URL; do not create a competing page","https://www.myglobalhealth.online/ireland/en/services/sick-certificate-ireland","P1","OpenSEO research_keywords","2026-08-25","",""
"IE-LABS","home blood tests","home blood test kit","home blood test kit","IE","en","transactional","decision","hub_or_service_page","40","34","1","1.42","2026-06:30|2026-05:30|2026-04:40|2026-03:40|2026-02:40|2026-01:40|2025-12:30|2025-11:30|2025-10:40|2025-09:20|2025-08:30|2025-07:40","","","","","","","","","","false","95","100","Medium","85","66","80","Strengthen the existing target URL; do not create a competing page","https://www.myglobalhealth.online/ireland/en/lab-tests","P1","OpenSEO research_keywords","2026-08-25","Lab cluster frozen until approximately 2026-09-08. ",""
"IE-SICK-CERT","sick certificates","get health care sick cert","get health care sick cert","IE","en","transactional","decision","commercial_service_page","50","","0.3","1.97","2026-07:40|2026-06:50|2026-05:40|2026-04:40|2026-03:70|2026-02:50|2026-01:70|2025-12:70|2025-11:70|2025-10:50|2025-09:20|2025-08:40","","","","","","","","","","false","95","100","Medium","90","50","79","Strengthen the existing target URL; do not create a competing page","https://www.myglobalhealth.online/ireland/en/services/sick-certificate-ireland","P1","OpenSEO research_keywords","2026-08-25","",""
"IE-GP","online GP consultation","doctor online appointment booking","doctor online appointment booking","IE","en","transactional","decision","commercial_service_page","50","","0.66","4.58","2026-06:40|2026-05:40|2026-04:40|2026-03:50|2026-02:40|2026-01:50|2025-12:50|2025-11:50|2025-10:50|2025-09:50|2025-08:40|2025-07:30","","","","","","","","","","false","95","100","Low","90","50","79","Strengthen the existing target URL; do not create a competing page","https://www.myglobalhealth.online/ireland/en/gp-consultation-online","P1","OpenSEO research_keywords","2026-08-25","",""
"IE-GP","online GP consultation","online doctor appointment booking","online doctor appointment booking","IE","en","transactional","decision","commercial_service_page","50","","0.66","4.58","2026-06:40|2026-05:40|2026-04:40|2026-03:50|2026-02:40|2026-01:50|2025-12:50|2025-11:50|2025-10:50|2025-09:50|2025-08:40|2025-07:30","","","","","","","","","","false","95","100","Low","90","50","79","Strengthen the existing target URL; do not create a competing page","https://www.myglobalhealth.online/ireland/en/gp-consultation-online","P1","OpenSEO research_keywords","2026-08-25","",""
"IE-GP","online GP consultation","book appointment for doctor online","book appointment for doctor online","IE","en","transactional","decision","commercial_service_page","50","","0.63","6.96","2026-07:40|2026-06:40|2026-05:40|2026-04:40|2026-03:50|2026-02:40|2026-01:50|2025-12:50|2025-11:50|2025-10:50|2025-09:50|2025-08:40","","","","","","","","","","false","95","100","Low","90","50","79","Strengthen the existing target URL; do not create a competing page","https://www.myglobalhealth.online/ireland/en/gp-consultation-online","P1","OpenSEO research_keywords","2026-08-25","",""
"IE-LABS","home blood tests","blood testing kit at home","blood testing kit at home","IE","en","transactional","decision","hub_or_service_page","40","42","1","1.39","2026-07:30|2026-06:30|2026-05:30|2026-04:40|2026-03:40|2026-02:40|2026-01:40|2025-12:30|2025-11:30|2025-10:40|2025-09:20|2025-08:30","","","","","","","","","","false","95","100","Medium","85","58","79","Strengthen the existing target URL; do not create a competing page","https://www.myglobalhealth.online/ireland/en/lab-tests","P1","OpenSEO research_keywords","2026-08-25","Lab cluster frozen until approximately 2026-09-08. ",""
"IE-WEIGHT-TOOLS","weight calculators","female bmi calculator","female bmi calculator","IE","en","informational","awareness","tool_or_guide","4400","38","0.20000000298023224","0.11999999731779099","2026-06:undefined|2026-05:undefined|2026-04:undefined|2026-03:undefined|2026-02:undefined|2026-01:undefined|2025-12:undefined|2025-11:undefined|2025-10:undefined|2025-09:undefined|2025-08:undefined|2025-07:undefined","organic|people_also_ask|related_searches","2","https://www.webdoctor.ie/bmi-calculator/","712.7999877929688","","","","","","true","70","80","Low","90","62","78","Strengthen the existing target URL; do not create a competing page","https://www.myglobalhealth.online/ireland/en/tools/bmi-calculator","P1","OpenSEO get_ranked_keywords (WebDoctor)","2026-08-25","",""
"IE-SICK-CERT","sick certificates","gp sick note ireland","gp sick note ireland","IE","en","transactional","decision","commercial_service_page","40","","0.56","2.2","2026-07:20|2026-06:30|2026-05:30|2026-04:40|2026-03:50|2026-02:30|2026-01:70|2025-12:50|2025-11:50|2025-10:40|2025-09:30|2025-08:20","","","","","","","","","","false","95","100","Medium","90","50","78","Strengthen the existing target URL; do not create a competing page","https://www.myglobalhealth.online/ireland/en/services/sick-certificate-ireland","P1","OpenSEO research_keywords","2026-08-25","",""
"IE-WEIGHT-TOOLS","weight calculators","bmi calculator","bmi calculator","IE","en","informational","awareness","tool_or_guide","74000","49","0.09000000357627869","0.10999999940395355","2026-06:undefined|2026-05:undefined|2026-04:undefined|2026-03:undefined|2026-02:undefined|2026-01:undefined|2025-12:undefined|2025-11:undefined|2025-10:undefined|2025-09:undefined|2025-08:undefined|2025-07:undefined","organic|related_searches","3","https://www.webdoctor.ie/bmi-calculator/","7200.2001953125","60.6","https://www.myglobalhealth.online/ireland/en/tools/bmi-calculator","5","0","0","true","70","80","Low","90","51","77","Strengthen the existing target URL; do not create a competing page","https://www.myglobalhealth.online/ireland/en/tools/bmi-calculator","P1","OpenSEO get_ranked_keywords (WebDoctor) + Google Search Console via OpenSEO","2026-08-25","","current_canonical_target"
"IE-LABS","home blood tests","home blood test kits","home blood test kits","IE","en","transactional","decision","hub_or_service_page","40","","1","1.39","2026-07:30|2026-06:30|2026-05:30|2026-04:40|2026-03:40|2026-02:40|2026-01:40|2025-12:30|2025-11:30|2025-10:40|2025-09:20|2025-08:30","","","","","","","","","","false","95","100","Medium","85","50","77","Strengthen the existing target URL; do not create a competing page","https://www.myglobalhealth.online/ireland/en/lab-tests","P1","OpenSEO research_keywords","2026-08-25","Lab cluster frozen until approximately 2026-09-08. ",""
"IE-LABS","home blood tests","blood test at home kit","blood test at home kit","IE","en","transactional","decision","hub_or_service_page","40","","1","1.42","2026-06:30|2026-05:30|2026-04:40|2026-03:40|2026-02:40|2026-01:40|2025-12:30|2025-11:30|2025-10:40|2025-09:20|2025-08:30|2025-07:40","","","","","","","","","","false","95","100","Medium","85","50","77","Strengthen the existing target URL; do not create a competing page","https://www.myglobalhealth.online/ireland/en/lab-tests","P1","OpenSEO research_keywords","2026-08-25","Lab cluster frozen until approximately 2026-09-08. ",""
"IE-BP-TOOL","blood pressure guidance","blood pressure chart","blood pressure chart","IE","en","informational","awareness","tool_or_guide","8100","48","0.5199999809265137","0.07999999821186066","2026-06:undefined|2026-05:undefined|2026-04:undefined|2026-03:undefined|2026-02:undefined|2026-01:undefined|2025-12:undefined|2025-11:undefined|2025-10:undefined|2025-09:undefined|2025-08:undefined|2025-07:undefined","ai_overview|people_also_ask|organic|related_searches|images","","","","20","https://www.myglobalhealth.online/ireland/en/tools/blood-pressure-chart","48","0","0","false","70","80","Low","90","72","76","Review and improve the existing URL's intent match, contextual links and snippet","https://www.myglobalhealth.online/ireland/en/tools/blood-pressure-chart","P0","OpenSEO get_ranked_keywords (target) + Google Search Console via OpenSEO","2026-08-25","","current_canonical_target"
"IE-WEIGHT-TOOLS","weight calculators","bmi calculator women","bmi calculator women","IE","en","informational","awareness","tool_or_guide","4400","51","0.18000000715255737","0.10999999940395355","2026-06:undefined|2026-05:undefined|2026-04:undefined|2026-03:undefined|2026-02:undefined|2026-01:undefined|2025-12:undefined|2025-11:undefined|2025-10:undefined|2025-09:undefined|2025-08:undefined|2025-07:undefined","organic|people_also_ask|images|related_searches","2","https://www.webdoctor.ie/bmi-calculator/","712.7999877929688","66","https://www.myglobalhealth.online/ireland/en/tools/bmi-calculator","1","0","0","true","70","80","Low","90","49","76","Strengthen the existing target URL; do not create a competing page","https://www.myglobalhealth.online/ireland/en/tools/bmi-calculator","P1","OpenSEO get_ranked_keywords (WebDoctor) + Google Search Console via OpenSEO","2026-08-25","","current_canonical_target"
"IE-WEIGHT-TOOLS","weight calculators","women bmi calculator","women bmi calculator","IE","en","informational","awareness","tool_or_guide","4400","51","0.18000000715255737","0.10999999940395355","2026-06:undefined|2026-05:undefined|2026-04:undefined|2026-03:undefined|2026-02:undefined|2026-01:undefined|2025-12:undefined|2025-11:undefined|2025-10:undefined|2025-09:undefined|2025-08:undefined|2025-07:undefined","organic|related_searches|images","3","https://www.webdoctor.ie/bmi-calculator/","428.1199951171875","","","","","","true","70","80","Low","90","49","76","Strengthen the existing target URL; do not create a competing page","https://www.myglobalhealth.online/ireland/en/tools/bmi-calculator","P1","OpenSEO get_ranked_keywords (WebDoctor)","2026-08-25","",""
"IE-WEIGHT-TOOLS","weight calculators","bmi calculator for women","bmi calculator for women","IE","en","informational","awareness","tool_or_guide","4400","51","0.18000000715255737","0.10999999940395355","2026-06:undefined|2026-05:undefined|2026-04:undefined|2026-03:undefined|2026-02:undefined|2026-01:undefined|2025-12:undefined|2025-11:undefined|2025-10:undefined|2025-09:undefined|2025-08:undefined|2025-07:undefined","organic|people_also_ask|related_searches","7","https://www.webdoctor.ie/bmi-calculator/","148.72000122070312","66","https://www.myglobalhealth.online/ireland/en/tools/bmi-calculator","2","0","0","true","70","80","Low","90","49","76","Strengthen the existing target URL; do not create a competing page","https://www.myglobalhealth.online/ireland/en/tools/bmi-calculator","P1","OpenSEO get_ranked_keywords (WebDoctor) + Google Search Console via OpenSEO","2026-08-25","","current_canonical_target"
"IE-GP","online GP consultation","gp online","gp online","IE","en","navigational","mixed","commercial_service_page","590","36","0.8100000023841858","7.5","2026-06:undefined|2026-05:undefined|2026-04:undefined|2026-03:undefined|2026-02:undefined|2026-01:undefined|2025-12:undefined|2025-11:undefined|2025-10:undefined|2025-09:undefined|2025-08:undefined|2025-07:undefined","organic|people_also_ask|related_searches","1","https://www.webdoctor.ie/","179.36000061035156","","","","","","true","95","100","Low","90","64","76","Strengthen the existing target URL; do not create a competing page","https://www.myglobalhealth.online/ireland/en/gp-consultation-online","P1","OpenSEO get_ranked_keywords (WebDoctor)","2026-08-25","",""
"IE-SICK-CERT","sick certificates","sick cert for work ireland","sick cert for work ireland","IE","en","transactional","decision","commercial_service_page","20","","0.61","2.47","2026-06:50|2026-05:30|2026-04:30|2026-03:20|2026-02:30|2026-01:40|2025-12:0|2025-11:0|2025-10:0|2025-09:0|2025-08:0|2025-07:0","","","","","","","","","","false","95","100","Medium","90","50","76","Strengthen the existing target URL; do not create a competing page","https://www.myglobalhealth.online/ireland/en/services/sick-certificate-ireland","P1","OpenSEO research_keywords","2026-08-25","",""
"IE-SICK-CERT","sick certificates","get sick cert reviews","get sick cert reviews","IE","en","informational","awareness","commercial_service_page","10","0","0.07","","2026-06:10|2026-05:10|2026-04:10|2026-03:10|2026-02:10|2026-01:10|2025-12:10|2025-11:10|2025-10:10|2025-09:10|2025-08:10|2025-07:10","","","","","","","","","","false","95","100","Medium","90","100","76","Strengthen the existing target URL; do not create a competing page","https://www.myglobalhealth.online/ireland/en/services/sick-certificate-ireland","P1","OpenSEO research_keywords","2026-08-25","",""
"IE-SICK-CERT","sick certificates","get sick cert online ireland","get sick cert online ireland","IE","en","transactional","decision","commercial_service_page","10","","0.85","3.61","2026-07:30|2026-06:30|2026-05:20|2026-04:20|2026-03:30|2026-02:0|2026-01:0|2025-12:0|2025-11:0|2025-10:0|2025-09:0|2025-08:0","","","","","","","","","","false","95","100","Medium","90","50","76","Strengthen the existing target URL; do not create a competing page","https://www.myglobalhealth.online/ireland/en/services/sick-certificate-ireland","P1","OpenSEO research_keywords","2026-08-25","",""
"IE-WEIGHT-TOOLS","weight calculators","body bmi calculator","body bmi calculator","IE","en","informational","awareness","tool_or_guide","74000","63","0.09000000357627869","0.10999999940395355","2026-06:undefined|2026-05:undefined|2026-04:undefined|2026-03:undefined|2026-02:undefined|2026-01:undefined|2025-12:undefined|2025-11:undefined|2025-10:undefined|2025-09:undefined|2025-08:undefined|2025-07:undefined","organic|people_also_ask|related_searches","4","https://www.webdoctor.ie/bmi-calculator/","4876.60009765625","","","","","","true","70","80","Low","90","37","75","Strengthen the existing target URL; do not create a competing page","https://www.myglobalhealth.online/ireland/en/tools/bmi-calculator","P1","OpenSEO get_ranked_keywords (WebDoctor)","2026-08-25","",""
"IE-WEIGHT-TOOLS","weight calculators","bmi calculator for men","bmi calculator for men","IE","en","informational","awareness","tool_or_guide","720","51","0.1899999976158142","0.12999999523162842","2026-07:undefined|2026-06:undefined|2026-05:undefined|2026-04:undefined|2026-03:undefined|2026-02:undefined|2026-01:undefined|2025-12:undefined|2025-11:undefined|2025-10:undefined|2025-09:undefined|2025-08:undefined","organic|people_also_ask|related_searches","2","https://www.webdoctor.ie/bmi-calculator/","116.63999938964844","65","https://www.myglobalhealth.online/ireland/en/tools/bmi-calculator","1","0","0","true","70","80","Low","90","49","75","Strengthen the existing target URL; do not create a competing page","https://www.myglobalhealth.online/ireland/en/tools/bmi-calculator","P1","OpenSEO get_ranked_keywords (WebDoctor) + Google Search Console via OpenSEO","2026-08-25","","current_canonical_target"
"IE-LABS","home blood tests","blood test at home dubai","blood test at home dubai","IE","en","transactional","decision","hub_or_service_page","10","","","","2026-06:0|2026-05:0|2026-04:0|2026-03:0|2026-02:10|2026-01:0|2025-12:0|2025-11:0|2025-10:0|2025-09:0|2025-08:0|2025-07:10","","","","","","","","","","false","95","100","Medium","85","50","75","Strengthen the existing target URL; do not create a competing page","https://www.myglobalhealth.online/ireland/en/lab-tests","P1","OpenSEO research_keywords","2026-08-25","Lab cluster frozen until approximately 2026-09-08. ",""
"IE-LABS","home blood tests","blood test at home bangalore","blood test at home bangalore","IE","en","transactional","decision","hub_or_service_page","10","","0.86","0.58","2026-07:10|2026-06:0|2026-05:10|2026-04:10|2026-03:10|2026-02:0|2026-01:0|2025-12:0|2025-11:0|2025-10:10|2025-09:0|2025-08:0","","","","","","","","","","false","95","100","Medium","85","50","75","Strengthen the existing target URL; do not create a competing page","https://www.myglobalhealth.online/ireland/en/lab-tests","P1","OpenSEO research_keywords","2026-08-25","Lab cluster frozen until approximately 2026-09-08. ",""
"IE-LABS","home blood tests","eldon home blood test kit","eldon home blood test kit","IE","en","transactional","decision","hub_or_service_page","10","","","","2026-06:0|2026-05:10|2026-04:0|2026-03:0|2026-02:0|2026-01:0|2025-12:0|2025-11:0|2025-10:0|2025-09:10|2025-08:0|2025-07:10","","","","","","","","","","false","95","100","Medium","85","50","75","Strengthen the existing target URL; do not create a competing page","https://www.myglobalhealth.online/ireland/en/lab-tests","P1","OpenSEO research_keywords","2026-08-25","Lab cluster frozen until approximately 2026-09-08. ",""
"IE-LABS","home blood tests","blood test at home in bangalore","blood test at home in bangalore","IE","en","transactional","decision","hub_or_service_page","10","","","","2026-06:0|2026-05:10|2026-04:10|2026-03:10|2026-02:0|2026-01:0|2025-12:0|2025-11:0|2025-10:10|2025-09:0|2025-08:0|2025-07:10","","","","","","","","","","false","95","100","Medium","85","50","75","Strengthen the existing target URL; do not create a competing page","https://www.myglobalhealth.online/ireland/en/lab-tests","P1","OpenSEO research_keywords","2026-08-25","Lab cluster frozen until approximately 2026-09-08. ",""
"IE-LABS","home blood tests","home blood testing machine","home blood testing machine","IE","en","transactional","decision","hub_or_service_page","10","","1","0.33","2026-07:10|2026-06:10|2026-05:10|2026-04:10|2026-03:10|2026-02:10|2026-01:10|2025-12:0|2025-11:0|2025-10:0|2025-09:10|2025-08:10","","","","","","","","","","false","95","100","Medium","85","50","75","Strengthen the existing target URL; do not create a competing page","https://www.myglobalhealth.online/ireland/en/lab-tests","P1","OpenSEO research_keywords","2026-08-25","Lab cluster frozen until approximately 2026-09-08. ",""
"IE-GP","online GP consultation","online gp appointment","online gp appointment","IE","en","transactional","decision","commercial_service_page","","36","","","2026-05:0|2026-04:0|2026-03:0|2026-02:0|2026-01:0|2025-12:0|2025-11:0|2025-10:0|2025-09:0|2025-08:0|2025-07:0|2025-06:0","","","","","","","","","","false","95","100","Low","90","64","74","Consider clinically reviewed support content linked to the existing target","https://www.myglobalhealth.online/ireland/en/gp-consultation-online","P2","OpenSEO research_keywords","2026-08-25","",""
"IE-GP","online GP consultation","consult to doctor online","consult to doctor online","IE","en","navigational","mixed","commercial_service_page","210","18","0.71","6.76","2026-07:170|2026-06:140|2026-05:210|2026-04:260|2026-03:390|2026-02:210|2026-01:260|2025-12:320|2025-11:170|2025-10:210|2025-09:260|2025-08:140","","","","","30","https://www.myglobalhealth.online/ireland/en/gp-consultation-online","1","0","0","false","95","100","Low","90","82","73","Consider clinically reviewed support content linked to the existing target","https://www.myglobalhealth.online/ireland/en/gp-consultation-online","P2","OpenSEO research_keywords + Google Search Console via OpenSEO","2026-08-25","","current_canonical_target"
"IE-GP","online GP consultation","gp online consultation","gp online consultation","IE","en","navigational","mixed","commercial_service_page","170","21","0.83","6.36","2026-06:70|2026-05:110|2026-04:170|2026-03:260|2026-02:170|2026-01:210|2025-12:210|2025-11:170|2025-10:110|2025-09:260|2025-08:140|2025-07:140","","","","","29.5","https://www.myglobalhealth.online/ireland/en/gp-consultation-online","2","0","0","false","95","100","Low","90","79","73","Consider clinically reviewed support content linked to the existing target","https://www.myglobalhealth.online/ireland/en/gp-consultation-online","P2","OpenSEO research_keywords + Google Search Console via OpenSEO","2026-08-25","","current_canonical_target"
"IE-LABS","home blood tests","best home blood test kit","best home blood test kit","IE","en","commercial","decision","hub_or_service_page","10","","","","2026-07:0|2026-06:0|2026-05:0|2026-04:0|2026-03:10|2026-02:0|2026-01:0|2025-12:0|2025-11:0|2025-10:0|2025-09:0|2025-08:10","","","","","","","","","","false","95","100","Medium","85","50","73","Consider clinically reviewed support content linked to the existing target","https://www.myglobalhealth.online/ireland/en/lab-tests","P2","OpenSEO research_keywords","2026-08-25","Lab cluster frozen until approximately 2026-09-08. ",""
"IE-GP","online GP consultation","best online doctor ireland","best online doctor ireland","IE","en","commercial","decision","commercial_service_page","","30","","","2026-06:0|2026-05:0|2026-04:0|2026-03:0|2026-02:0|2026-01:0|2025-12:0|2025-11:0|2025-10:0|2025-09:0|2025-08:0|2025-07:0","","","","","","","","","","false","95","100","Low","90","70","73","Consider clinically reviewed support content linked to the existing target","https://www.myglobalhealth.online/ireland/en/gp-consultation-online","P2","OpenSEO research_keywords","2026-08-25","",""
"IE-WEIGHT-TOOLS","weight calculators","bmi calculator men","bmi calculator men","IE","en","informational","awareness","tool_or_guide","880","51","0.20000000298023224","0.09000000357627869","2026-06:undefined|2026-05:undefined|2026-04:undefined|2026-03:undefined|2026-02:undefined|2026-01:undefined|2025-12:undefined|2025-11:undefined|2025-10:undefined|2025-09:undefined|2025-08:undefined|2025-07:undefined","organic|people_also_ask|related_searches","","","","72","https://www.myglobalhealth.online/ireland/en/tools/bmi-calculator","1","0","0","false","70","80","Low","90","49","72","Consider clinically reviewed support content linked to the existing target","https://www.myglobalhealth.online/ireland/en/tools/bmi-calculator","P2","OpenSEO get_ranked_keywords (target) + Google Search Console via OpenSEO","2026-08-25","","current_canonical_target"
"IE-BP-TOOL","blood pressure guidance","blood pressure readings","blood pressure readings","IE","en","informational","awareness","tool_or_guide","390","44","0.7200000286102295","0.25999999046325684","2026-06:undefined|2026-05:undefined|2026-04:undefined|2026-03:undefined|2026-02:undefined|2026-01:undefined|2025-12:undefined|2025-11:undefined|2025-10:undefined|2025-09:undefined|2025-08:undefined|2025-07:undefined","ai_overview|people_also_ask|organic|images|related_searches","","","","69","https://www.myglobalhealth.online/ireland/en/tools/blood-pressure-chart","2","0","0","false","70","80","Low","90","56","72","Consider clinically reviewed support content linked to the existing target","https://www.myglobalhealth.online/ireland/en/tools/blood-pressure-chart","P2","OpenSEO get_ranked_keywords (target) + Google Search Console via OpenSEO","2026-08-25","","current_canonical_target"
"IE-GP","online GP consultation","online gp appt","online gp appt","IE","en","navigational","mixed","commercial_service_page","140","21","0.79","7.59","2026-07:140|2026-06:110|2026-05:140|2026-04:110|2026-03:170|2026-02:90|2026-01:170|2025-12:210|2025-11:140|2025-10:140|2025-09:140|2025-08:90","","","","","","","","","","false","95","100","Low","90","79","72","Consider clinically reviewed support content linked to the existing target","https://www.myglobalhealth.online/ireland/en/gp-consultation-online","P2","OpenSEO research_keywords","2026-08-25","",""
"IE-SICK-CERT","sick certificates","when do i need a sick note for work ireland","when do i need a sick note for work ireland","IE","en","informational","awareness","commercial_service_page","50","","0.1","","2026-07:50|2026-06:40|2026-05:50|2026-04:50|2026-03:90|2026-02:90|2026-01:110|2025-12:40|2025-11:40|2025-10:20|2025-09:20|2025-08:10","","","","","","","","","","false","95","100","Medium","90","50","72","Consider clinically reviewed support content linked to the existing target","https://www.myglobalhealth.online/ireland/en/services/sick-certificate-ireland","P2","OpenSEO research_keywords","2026-08-25","",""
"IE-LABS","home blood tests","at home blood test ireland","at home blood test ireland","IE","en","informational","awareness","hub_or_service_page","50","","1","1.57","2026-06:50|2026-05:50|2026-04:50|2026-03:40|2026-02:40|2026-01:20|2025-12:20|2025-11:20|2025-10:50|2025-09:70|2025-08:70|2025-07:70","","","","","","","","","","false","95","100","Medium","85","50","72","Consider clinically reviewed support content linked to the existing target","https://www.myglobalhealth.online/ireland/en/lab-tests","P2","OpenSEO research_keywords","2026-08-25","Lab cluster frozen until approximately 2026-09-08. ",""
"IE-SICK-CERT","sick certificates","online doctors note","online doctors note","IE","en","informational","awareness","commercial_service_page","","0","","","2026-05:0|2026-04:0|2026-03:0|2026-02:0|2026-01:0|2025-12:0|2025-11:0|2025-10:0|2025-09:0|2025-08:0|2025-07:0|2025-06:0","","","","","","","","","","false","95","100","Medium","90","100","72","Consider clinically reviewed support content linked to the existing target","https://www.myglobalhealth.online/ireland/en/services/sick-certificate-ireland","P2","OpenSEO research_keywords","2026-08-25","",""
"IE-SICK-CERT","sick certificates","online doctor ireland sick note","online doctor ireland sick note","IE","en","informational","awareness","commercial_service_page","","5","","","2026-05:0|2026-04:0|2026-03:0|2026-02:0|2026-01:0|2025-12:0|2025-11:0|2025-10:0|2025-09:0|2025-08:0|2025-07:0|2025-06:0","","","","","","","","","","false","95","100","Medium","90","95","71","Consider clinically reviewed support content linked to the existing target","https://www.myglobalhealth.online/ireland/en/services/sick-certificate-ireland","P2","OpenSEO research_keywords","2026-08-25","",""
"IE-LABS","home blood tests","home blood test ireland","home blood test ireland","IE","en","informational","awareness","hub_or_service_page","40","","1","1.38","2026-07:40|2026-06:20|2026-05:30|2026-04:50|2026-03:70|2026-02:40|2026-01:40|2025-12:20|2025-11:40|2025-10:50|2025-09:40|2025-08:50","","","","","","","","","","false","95","100","Medium","85","50","70","Consider clinically reviewed support content linked to the existing target","https://www.myglobalhealth.online/ireland/en/lab-tests","P2","OpenSEO research_keywords","2026-08-25","Lab cluster frozen until approximately 2026-09-08. ",""
"IE-GP","online GP consultation","online doctor ireland antibiotics","online doctor ireland antibiotics","IE","en","informational","awareness","commercial_service_page","","12","","","2026-05:0|2026-04:0|2026-03:0|2026-02:0|2026-01:0|2025-12:0|2025-11:0|2025-10:0|2025-09:0|2025-08:0|2025-07:0|2025-06:0","","","","","","","","","","false","95","100","Low","90","88","70","Consider clinically reviewed support content linked to the existing target","https://www.myglobalhealth.online/ireland/en/gp-consultation-online","P2","OpenSEO research_keywords","2026-08-25","",""
"IE-SICK-CERT","sick certificates","are online sick certificates valid","are online sick certificates valid","IE","en","informational","awareness","commercial_service_page","30","","0.4","3.22","2026-07:30|2026-06:10|2026-05:40|2026-04:30|2026-03:30|2026-02:20|2026-01:20|2025-12:50|2025-11:50|2025-10:10|2025-09:10|2025-08:10","","","","","","","","","","false","95","100","Medium","90","50","69","Consider clinically reviewed support content linked to the existing target","https://www.myglobalhealth.online/ireland/en/services/sick-certificate-ireland","P2","OpenSEO research_keywords","2026-08-25","",""
"IE-SICK-CERT","sick certificates","how to get a sick note ireland","how to get a sick note ireland","IE","en","informational","awareness","commercial_service_page","10","","0.63","1.45","2026-07:10|2026-06:10|2026-05:10|2026-04:10|2026-03:10|2026-02:20|2026-01:20|2025-12:30|2025-11:10|2025-10:10|2025-09:10|2025-08:10","","","","","","","","","","false","95","100","Medium","90","50","69","Consider clinically reviewed support content linked to the existing target","https://www.myglobalhealth.online/ireland/en/services/sick-certificate-ireland","P2","OpenSEO research_keywords","2026-08-25","",""
"IE-GP","online GP consultation","what is online doctor","what is online doctor","IE","en","informational","awareness","commercial_service_page","10","","","","2026-07:0|2026-06:0|2026-05:0|2026-04:0|2026-03:10|2026-02:0|2026-01:10|2025-12:10|2025-11:0|2025-10:0|2025-09:0|2025-08:0","","","","","","","","","","false","95","100","Low","90","50","69","Consider clinically reviewed support content linked to the existing target","https://www.myglobalhealth.online/ireland/en/gp-consultation-online","P2","OpenSEO research_keywords","2026-08-25","",""
"IE-GP","online GP consultation","online doctor visit","online doctor visit","IE","en","informational","awareness","commercial_service_page","10","","0.71","8.38","2026-07:10|2026-06:10|2026-05:10|2026-04:10|2026-03:10|2026-02:10|2026-01:10|2025-12:10|2025-11:0|2025-10:10|2025-09:10|2025-08:10","","","","","","","","","","false","95","100","Low","90","50","69","Consider clinically reviewed support content linked to the existing target","https://www.myglobalhealth.online/ireland/en/gp-consultation-online","P2","OpenSEO research_keywords","2026-08-25","",""
"IE-GP","online GP consultation","online doctors uk","online doctors uk","IE","en","informational","awareness","commercial_service_page","50","81","0.71","4.48","2026-06:50|2026-05:50|2026-04:50|2026-03:50|2026-02:70|2026-01:50|2025-12:50|2025-11:30|2025-10:50|2025-09:50|2025-08:70|2025-07:50","","","","","","","","","","false","95","100","Low","90","19","68","Consider clinically reviewed support content linked to the existing target","https://www.myglobalhealth.online/ireland/en/gp-consultation-online","P2","OpenSEO research_keywords","2026-08-25","",""
"IE-LABS","home blood tests","home blood test kits ireland","home blood test kits ireland","IE","en","informational","awareness","hub_or_service_page","10","","1","1.16","2026-06:10|2026-05:10|2026-04:10|2026-03:10|2026-02:10|2026-01:10|2025-12:10|2025-11:10|2025-10:10|2025-09:20|2025-08:20|2025-07:10","","","","","","","","","","false","95","100","Medium","85","50","68","Consider clinically reviewed support content linked to the existing target","https://www.myglobalhealth.online/ireland/en/lab-tests","P2","OpenSEO research_keywords","2026-08-25","Lab cluster frozen until approximately 2026-09-08. ",""
"IE-LABS","home blood tests","home blood test uk","home blood test uk","IE","en","informational","awareness","hub_or_service_page","10","","","","2026-07:0|2026-06:10|2026-05:10|2026-04:10|2026-03:0|2026-02:10|2026-01:10|2025-12:0|2025-11:0|2025-10:10|2025-09:10|2025-08:10","","","","","","","","","","false","95","100","Medium","85","50","68","Consider clinically reviewed support content linked to the existing target","https://www.myglobalhealth.online/ireland/en/lab-tests","P2","OpenSEO research_keywords","2026-08-25","Lab cluster frozen until approximately 2026-09-08. ",""
"IE-LABS","home blood tests","liver blood test at home","liver blood test at home","IE","en","informational","awareness","hub_or_service_page","10","","","","2026-06:0|2026-05:0|2026-04:0|2026-03:0|2026-02:0|2026-01:0|2025-12:0|2025-11:10|2025-10:10|2025-09:10|2025-08:10|2025-07:10","","","","","","","","","","false","95","100","Medium","85","50","68","Consider clinically reviewed support content linked to the existing target","https://www.myglobalhealth.online/ireland/en/lab-tests","P2","OpenSEO research_keywords","2026-08-25","Lab cluster frozen until approximately 2026-09-08. ",""
"IE-LABS","home blood tests","home blood test for lead","home blood test for lead","IE","en","informational","awareness","hub_or_service_page","10","","","","2026-06:0|2026-05:0|2026-04:0|2026-03:0|2026-02:0|2026-01:0|2025-12:0|2025-11:10|2025-10:0|2025-09:0|2025-08:0|2025-07:0","","","","","","","","","","false","95","100","Medium","85","50","68","Consider clinically reviewed support content linked to the existing target","https://www.myglobalhealth.online/ireland/en/lab-tests","P2","OpenSEO research_keywords","2026-08-25","Lab cluster frozen until approximately 2026-09-08. ",""
"IE-LABS","home blood tests","health blood test at home","health blood test at home","IE","en","informational","awareness","hub_or_service_page","10","","","","2026-07:0|2026-06:0|2026-05:0|2026-04:0|2026-03:0|2026-02:0|2026-01:10|2025-12:0|2025-11:0|2025-10:0|2025-09:0|2025-08:0","","","","","","","","","","false","95","100","Medium","85","50","68","Consider clinically reviewed support content linked to the existing target","https://www.myglobalhealth.online/ireland/en/lab-tests","P2","OpenSEO research_keywords","2026-08-25","Lab cluster frozen until approximately 2026-09-08. ",""
"IE-LABS","home blood tests","vitamin blood test at home","vitamin blood test at home","IE","en","informational","awareness","hub_or_service_page","10","","1","1.57","2026-06:10|2026-05:0|2026-04:0|2026-03:10|2026-02:0|2026-01:0|2025-12:0|2025-11:0|2025-10:0|2025-09:0|2025-08:0|2025-07:10","","","","","","","","","","false","95","100","Medium","85","50","68","Consider clinically reviewed support content linked to the existing target","https://www.myglobalhealth.online/ireland/en/lab-tests","P2","OpenSEO research_keywords","2026-08-25","Lab cluster frozen until approximately 2026-09-08. ",""
"IE-LABS","home blood tests","full blood test at home","full blood test at home","IE","en","informational","awareness","hub_or_service_page","10","","1","0.59","2026-07:10|2026-06:10|2026-05:10|2026-04:0|2026-03:10|2026-02:10|2026-01:10|2025-12:10|2025-11:10|2025-10:10|2025-09:0|2025-08:0","","","","","","","","","","false","95","100","Medium","85","50","68","Consider clinically reviewed support content linked to the existing target","https://www.myglobalhealth.online/ireland/en/lab-tests","P2","OpenSEO research_keywords","2026-08-25","Lab cluster frozen until approximately 2026-09-08. ",""
"IE-LABS","home blood tests","how to blood test at home","how to blood test at home","IE","en","informational","awareness","hub_or_service_page","10","","","","2026-07:0|2026-06:10|2026-05:0|2026-04:0|2026-03:0|2026-02:0|2026-01:10|2025-12:10|2025-11:0|2025-10:0|2025-09:0|2025-08:0","","","","","","","","","","false","95","100","Medium","85","50","68","Consider clinically reviewed support content linked to the existing target","https://www.myglobalhealth.online/ireland/en/lab-tests","P2","OpenSEO research_keywords","2026-08-25","Lab cluster frozen until approximately 2026-09-08. ",""
"IE-LABS","home blood tests","home blood tests uk","home blood tests uk","IE","en","informational","awareness","hub_or_service_page","10","","","","2026-07:0|2026-06:10|2026-05:10|2026-04:10|2026-03:0|2026-02:10|2026-01:10|2025-12:0|2025-11:0|2025-10:10|2025-09:10|2025-08:10","","","","","","","","","","false","95","100","Medium","85","50","68","Consider clinically reviewed support content linked to the existing target","https://www.myglobalhealth.online/ireland/en/lab-tests","P2","OpenSEO research_keywords","2026-08-25","Lab cluster frozen until approximately 2026-09-08. ",""
"IE-LABS","home blood tests","best at home blood tests","best at home blood tests","IE","en","informational","awareness","hub_or_service_page","10","","","","2026-06:0|2026-05:10|2026-04:0|2026-03:10|2026-02:10|2026-01:0|2025-12:0|2025-11:10|2025-10:10|2025-09:10|2025-08:10|2025-07:10","","","","","","","","","","false","95","100","Medium","85","50","68","Consider clinically reviewed support content linked to the existing target","https://www.myglobalhealth.online/ireland/en/lab-tests","P2","OpenSEO research_keywords","2026-08-25","Lab cluster frozen until approximately 2026-09-08. ",""
"IE-LABS","home blood tests","best at-home blood tests","best at-home blood tests","IE","en","informational","awareness","hub_or_service_page","10","","","","2026-07:0|2026-06:0|2026-05:10|2026-04:0|2026-03:10|2026-02:10|2026-01:0|2025-12:0|2025-11:10|2025-10:10|2025-09:10|2025-08:10","","","","","","","","","","false","95","100","Medium","85","50","68","Consider clinically reviewed support content linked to the existing target","https://www.myglobalhealth.online/ireland/en/lab-tests","P2","OpenSEO research_keywords","2026-08-25","Lab cluster frozen until approximately 2026-09-08. ",""
"IE-GP","online GP consultation","online doctor ireland","online doctor ireland","IE","en","informational","awareness","commercial_service_page","","31","","","2026-05:0|2026-04:0|2026-03:0|2026-02:0|2026-01:0|2025-12:0|2025-11:0|2025-10:0|2025-09:0|2025-08:0|2025-07:0|2025-06:0","","","","","","","","","","false","95","100","Low","90","69","67","Consider clinically reviewed support content linked to the existing target","https://www.myglobalhealth.online/ireland/en/gp-consultation-online","P2","OpenSEO research_keywords","2026-08-25","",""
"IE-GP","online GP consultation","online doctor service","online doctor service","IE","en","informational","awareness","commercial_service_page","","","","","2026-05:0|2026-04:0|2026-03:0|2026-02:0|2026-01:0|2025-12:0|2025-11:0|2025-10:0|2025-09:0|2025-08:0|2025-07:0|2025-06:0","","","","","","","","","","false","95","100","Low","90","50","65","Consider clinically reviewed support content linked to the existing target","https://www.myglobalhealth.online/ireland/en/gp-consultation-online","P2","OpenSEO research_keywords","2026-08-25","",""
"IE-SICK-CERT","sick certificates","can an employer refuse an online medical certificate","can an employer refuse an online medical certificate","IE","en","unknown","mixed","commercial_service_page","","","","","","","","","","9.5","https://www.myglobalhealth.online/ireland/en/blog/sick-certificate-ireland-employee-rights","2","0","0","false","95","100","Medium","90","70","65","Consider clinically reviewed support content linked to the existing target","https://www.myglobalhealth.online/ireland/en/services/sick-certificate-ireland","P2","Google Search Console via OpenSEO","2026-08-25","","observed_alternate_ranking_url_review_intent_and_canonical"
"IE-GP","online GP consultation","can an online doctor referral you to a specialist","can an online doctor referral you to a specialist","IE","en","unknown","mixed","commercial_service_page","","","","","","","","","","11","https://www.myglobalhealth.online/ireland/en/services/referral-and-investigations","1","0","0","false","95","100","Low","90","70","65","Consider clinically reviewed support content linked to the existing target","https://www.myglobalhealth.online/ireland/en/gp-consultation-online","P2","Google Search Console via OpenSEO","2026-08-25","","observed_alternate_ranking_url_review_intent_and_canonical"
"IE-SICK-CERT","sick certificates","can employer refuse online medical certificate","can employer refuse online medical certificate","IE","en","unknown","mixed","commercial_service_page","","","","","","","","","","10","https://www.myglobalhealth.online/ireland/en/blog/sick-certificate-ireland-employee-rights","3","0","0","false","95","100","Medium","90","70","65","Consider clinically reviewed support content linked to the existing target","https://www.myglobalhealth.online/ireland/en/services/sick-certificate-ireland","P2","Google Search Console via OpenSEO","2026-08-25","","observed_alternate_ranking_url_review_intent_and_canonical"
"IE-SICK-CERT","sick certificates","can my employer refuse an online medical certificate","can my employer refuse an online medical certificate","IE","en","unknown","mixed","commercial_service_page","","","","","","","","","","7","https://www.myglobalhealth.online/ireland/en/blog/sick-certificate-ireland-employee-rights","1","0","0","false","95","100","Medium","90","70","65","Consider clinically reviewed support content linked to the existing target","https://www.myglobalhealth.online/ireland/en/services/sick-certificate-ireland","P2","Google Search Console via OpenSEO","2026-08-25","","observed_alternate_ranking_url_review_intent_and_canonical"
"IE-SICK-CERT","sick certificates","can you get sick pay without a sick note","can you get sick pay without a sick note","IE","en","unknown","mixed","commercial_service_page","","","","","","","","","","12","https://www.myglobalhealth.online/ireland/en/blog/sick-certificate-ireland-employee-rights","1","0","0","false","95","100","Medium","90","70","65","Consider clinically reviewed support content linked to the existing target","https://www.myglobalhealth.online/ireland/en/services/sick-certificate-ireland","P2","Google Search Console via OpenSEO","2026-08-25","","observed_alternate_ranking_url_review_intent_and_canonical"
"IE-SICK-CERT","sick certificates","cold and flu sick certificate ireland","cold and flu sick certificate ireland","IE","en","unknown","mixed","commercial_service_page","","","","","","","","","","19.357142857142858","https://www.myglobalhealth.online/ireland/en/blog/sick-certificate-ireland-employee-rights","14","0","0","false","95","100","Medium","90","70","65","Consider clinically reviewed support content linked to the existing target","https://www.myglobalhealth.online/ireland/en/services/sick-certificate-ireland","P2","Google Search Console via OpenSEO","2026-08-25","","observed_alternate_ranking_url_review_intent_and_canonical"
"IE-SICK-CERT","sick certificates","do employers have to accept online medical certificates","do employers have to accept online medical certificates","IE","en","unknown","mixed","commercial_service_page","","","","","","","","","","11","https://www.myglobalhealth.online/ireland/en/blog/sick-certificate-ireland-employee-rights","1","0","0","false","95","100","Medium","90","70","65","Consider clinically reviewed support content linked to the existing target","https://www.myglobalhealth.online/ireland/en/services/sick-certificate-ireland","P2","Google Search Console via OpenSEO","2026-08-25","","observed_alternate_ranking_url_review_intent_and_canonical"
"IE-SICK-CERT","sick certificates","do i have to provide a medical certificate for 1 day off","do i have to provide a medical certificate for 1 day off","IE","en","unknown","mixed","commercial_service_page","","","","","","","","","","10","https://www.myglobalhealth.online/ireland/en/blog/sick-certificate-ireland-employee-rights","1","0","0","false","95","100","Medium","90","70","65","Consider clinically reviewed support content linked to the existing target","https://www.myglobalhealth.online/ireland/en/services/sick-certificate-ireland","P2","Google Search Console via OpenSEO","2026-08-25","","observed_alternate_ranking_url_review_intent_and_canonical"
"IE-SICK-CERT","sick certificates","do you have to provide a medical certificate for one day","do you have to provide a medical certificate for one day","IE","en","unknown","mixed","commercial_service_page","","","","","","","","","","10","https://www.myglobalhealth.online/ireland/en/blog/sick-certificate-ireland-employee-rights","1","0","0","false","95","100","Medium","90","70","65","Consider clinically reviewed support content linked to the existing target","https://www.myglobalhealth.online/ireland/en/services/sick-certificate-ireland","P2","Google Search Console via OpenSEO","2026-08-25","","observed_alternate_ranking_url_review_intent_and_canonical"
"IE-SICK-CERT","sick certificates","do you have to provide medical certificate for one day","do you have to provide medical certificate for one day","IE","en","unknown","mixed","commercial_service_page","","","","","","","","","","10","https://www.myglobalhealth.online/ireland/en/blog/sick-certificate-ireland-employee-rights","1","0","0","false","95","100","Medium","90","70","65","Consider clinically reviewed support content linked to the existing target","https://www.myglobalhealth.online/ireland/en/services/sick-certificate-ireland","P2","Google Search Console via OpenSEO","2026-08-25","","observed_alternate_ranking_url_review_intent_and_canonical"
"IE-GP","online GP consultation","gastroenterologist doctor online consultation","gastroenterologist doctor online consultation","IE","en","unknown","mixed","commercial_service_page","","","","","","","","","","6","https://www.myglobalhealth.online/ireland-specialist-consultations/gastroenterology-consultation","2","0","0","false","95","100","Low","90","70","65","Consider clinically reviewed support content linked to the existing target","https://www.myglobalhealth.online/ireland/en/gp-consultation-online","P2","Google Search Console via OpenSEO","2026-08-25","","observed_alternate_ranking_url_review_intent_and_canonical"
"IE-SICK-CERT","sick certificates","gp sick note","gp sick note","IE","en","unknown","mixed","commercial_service_page","","","","","","","","","","4","https://www.myglobalhealth.online/ireland/en/blog/sick-certificate-ireland-employee-rights","1","0","0","false","95","100","Medium","90","70","65","Consider clinically reviewed support content linked to the existing target","https://www.myglobalhealth.online/ireland/en/services/sick-certificate-ireland","P2","Google Search Console via OpenSEO","2026-08-25","","observed_alternate_ranking_url_review_intent_and_canonical"
"IE-SICK-CERT","sick certificates","how long is medical certificate valid","how long is medical certificate valid","IE","en","unknown","mixed","commercial_service_page","","","","","","","","","","9","https://www.myglobalhealth.online/ireland/en/blog/sick-certificate-ireland-employee-rights","1","0","0","false","95","100","Medium","90","70","65","Consider clinically reviewed support content linked to the existing target","https://www.myglobalhealth.online/ireland/en/services/sick-certificate-ireland","P2","Google Search Console via OpenSEO","2026-08-25","","observed_alternate_ranking_url_review_intent_and_canonical"
"IE-SICK-CERT","sick certificates","social welfare sick cert online","social welfare sick cert online","IE","en","navigational","mixed","commercial_service_page","40","","0.22","2.21","2026-06:40|2026-05:30|2026-04:30|2026-03:20|2026-02:30|2026-01:50|2025-12:50|2025-11:50|2025-10:40|2025-09:50|2025-08:70|2025-07:50","","","","","","","","","","false","95","100","Medium","90","50","64","Consider clinically reviewed support content linked to the existing target","https://www.myglobalhealth.online/ireland/en/services/sick-certificate-ireland","P2","OpenSEO research_keywords","2026-08-25","",""
"IE-GP","online GP consultation","mydoctor online","mydoctor online","IE","en","navigational","mixed","commercial_service_page","40","","0.77","4.26","2026-06:30|2026-05:30|2026-04:30|2026-03:40|2026-02:40|2026-01:50|2025-12:90|2025-11:40|2025-10:30|2025-09:30|2025-08:30|2025-07:30","","","","","","","","","","false","95","100","Low","90","50","64","Consider clinically reviewed support content linked to the existing target","https://www.myglobalhealth.online/ireland/en/gp-consultation-online","P2","OpenSEO research_keywords","2026-08-25","",""
"IE-LABS","home blood tests","home blood tests ireland","home blood tests ireland","IE","en","informational","awareness","hub_or_service_page","","","","","2026-06:0|2026-05:0|2026-04:0|2026-03:0|2026-02:0|2026-01:0|2025-12:0|2025-11:0|2025-10:0|2025-09:0|2025-08:0|2025-07:0","","","","","23.714285714285715","https://www.myglobalhealth.online/ireland/en/lab-tests/general-health-test","14","0","0","false","95","100","Medium","85","50","64","Consider clinically reviewed support content linked to the existing target","https://www.myglobalhealth.online/ireland/en/lab-tests","P2","OpenSEO research_keywords + Google Search Console via OpenSEO","2026-08-25","Lab cluster frozen until approximately 2026-09-08. ","observed_alternate_ranking_url_review_intent_and_canonical"
"IE-GP","online GP consultation","online doctor","online doctor","IE","en","informational","awareness","commercial_service_page","","56","","","2026-05:0|2026-04:0|2026-03:0|2026-02:0|2026-01:0|2025-12:0|2025-11:0|2025-10:0|2025-09:0|2025-08:0|2025-07:0|2025-06:0","","","","","","","","","","false","95","100","Low","90","44","64","Consider clinically reviewed support content linked to the existing target","https://www.myglobalhealth.online/ireland/en/gp-consultation-online","P2","OpenSEO research_keywords","2026-08-25","",""
"IE-GP","online GP consultation","an online doctor","an online doctor","IE","en","informational","awareness","commercial_service_page","","57","","","2026-05:0|2026-04:0|2026-03:0|2026-02:0|2026-01:0|2025-12:0|2025-11:0|2025-10:0|2025-09:0|2025-08:0|2025-07:0|2025-06:0","","","","","","","","","","false","95","100","Low","90","43","63","Consider clinically reviewed support content linked to the existing target","https://www.myglobalhealth.online/ireland/en/gp-consultation-online","P2","OpenSEO research_keywords","2026-08-25","",""
"IE-SICK-CERT","sick certificates","online sick cert ireland reddit","online sick cert ireland reddit","IE","en","navigational","mixed","commercial_service_page","30","","0.37","3.6","2026-06:20|2026-05:20|2026-04:20|2026-03:30|2026-02:50|2026-01:40|2025-12:40|2025-11:40|2025-10:30|2025-09:30|2025-08:20|2025-07:20","","","","","","","","","","false","95","100","Medium","90","50","62","Consider clinically reviewed support content linked to the existing target","https://www.myglobalhealth.online/ireland/en/services/sick-certificate-ireland","P2","OpenSEO research_keywords","2026-08-25","",""
"IE-GP","online GP consultation","online doctor ireland medical card","online doctor ireland medical card","IE","en","navigational","mixed","commercial_service_page","20","","0.65","2.45","2026-07:20|2026-06:10|2026-05:20|2026-04:20|2026-03:20|2026-02:20|2026-01:20|2025-12:20|2025-11:20|2025-10:40|2025-09:40|2025-08:40","","","","","","","","","","false","95","100","Low","90","50","62","Consider clinically reviewed support content linked to the existing target","https://www.myglobalhealth.online/ireland/en/gp-consultation-online","P2","OpenSEO research_keywords","2026-08-25","",""
"IE-SICK-CERT","sick certificates","eclinic sick cert","eclinic sick cert","IE","en","navigational","mixed","commercial_service_page","10","","0.66","1.77","2026-07:10|2026-06:10|2026-05:10|2026-04:10|2026-03:10|2026-02:20|2026-01:20|2025-12:10|2025-11:10|2025-10:10|2025-09:30|2025-08:20","","","","","","","","","","false","95","100","Medium","90","50","62","Consider clinically reviewed support content linked to the existing target","https://www.myglobalhealth.online/ireland/en/services/sick-certificate-ireland","P2","OpenSEO research_keywords","2026-08-25","",""
"IE-SICK-CERT","sick certificates","after how many days off sick before doctors note","after how many days off sick before doctors note","IE","en","unknown","mixed","commercial_service_page","","","","","","","","","","3","https://www.myglobalhealth.online/ireland/en/blog/sick-certificate-ireland-employee-rights","1","0","0","false","95","100","Medium","90","50","62","Consider clinically reviewed support content linked to the existing target","https://www.myglobalhealth.online/ireland/en/services/sick-certificate-ireland","P2","Google Search Console via OpenSEO","2026-08-25","","observed_alternate_ranking_url_review_intent_and_canonical"
"IE-GP","online GP consultation","ask doctor online","ask doctor online","IE","en","unknown","mixed","commercial_service_page","","","","","","","","","","75","https://www.myglobalhealth.online/service-page/ie-medical-consultation","1","0","0","false","95","100","Low","90","50","62","Consider clinically reviewed support content linked to the existing target","https://www.myglobalhealth.online/ireland/en/gp-consultation-online","P2","Google Search Console via OpenSEO","2026-08-25","Historical/legacy ranking attribution only; do not optimise or recreate this URL. Use proposed_target_url for implementation.","legacy_or_noncanonical_gsc_attribution_do_not_optimise"
"IE-GP","online GP consultation","best online doctor sites","best online doctor sites","IE","en","unknown","mixed","commercial_service_page","","","","","","","","","","42","https://www.myglobalhealth.online/post/top-features-of-the-best-online-medical-services","1","0","0","false","95","100","Low","90","50","62","Consider clinically reviewed support content linked to the existing target","https://www.myglobalhealth.online/ireland/en/gp-consultation-online","P2","Google Search Console via OpenSEO","2026-08-25","","observed_alternate_ranking_url_review_intent_and_canonical"
"IE-GP","online GP consultation","blood pressure medicine online doctor","blood pressure medicine online doctor","IE","en","unknown","mixed","commercial_service_page","","","","","","","","","","56.75","https://www.myglobalhealth.online/ireland/cs/health/hypertension","4","0","0","false","95","100","Low","90","50","62","Consider clinically reviewed support content linked to the existing target","https://www.myglobalhealth.online/ireland/en/gp-consultation-online","P2","Google Search Console via OpenSEO","2026-08-25","","observed_alternate_ranking_url_review_intent_and_canonical"
"IE-GP","online GP consultation","consult gp online","consult gp online","IE","en","unknown","mixed","commercial_service_page","","","","","","","","","","1","https://www.myglobalhealth.online/ireland/en/gp-consultation-online","1","0","0","false","95","100","Low","90","50","62","Consider clinically reviewed support content linked to the existing target","https://www.myglobalhealth.online/ireland/en/gp-consultation-online","P2","Google Search Console via OpenSEO","2026-08-25","","current_canonical_target"
"IE-GP","online GP consultation","contact doctor online","contact doctor online","IE","en","unknown","mixed","commercial_service_page","","","","","","","","","","24.6","https://www.myglobalhealth.online/ireland/en/gp-consultation-online","5","0","0","false","95","100","Low","90","50","62","Consider clinically reviewed support content linked to the existing target","https://www.myglobalhealth.online/ireland/en/gp-consultation-online","P2","Google Search Console via OpenSEO","2026-08-25","","current_canonical_target"
"IE-SICK-CERT","sick certificates","digital medical certificate ireland","digital medical certificate ireland","IE","en","unknown","mixed","commercial_service_page","","","","","","","","","","50","https://www.myglobalhealth.online/ireland/en/services/sick-certificate-ireland","1","0","0","false","95","100","Medium","90","50","62","Consider clinically reviewed support content linked to the existing target","https://www.myglobalhealth.online/ireland/en/services/sick-certificate-ireland","P2","Google Search Console via OpenSEO","2026-08-25","","current_canonical_target"
"IE-SICK-CERT","sick certificates","do employers accept online medical certificates","do employers accept online medical certificates","IE","en","unknown","mixed","commercial_service_page","","","","","","","","","","2","https://www.myglobalhealth.online/ireland/en/blog/sick-certificate-ireland-employee-rights","1","0","0","false","95","100","Medium","90","50","62","Consider clinically reviewed support content linked to the existing target","https://www.myglobalhealth.online/ireland/en/services/sick-certificate-ireland","P2","Google Search Console via OpenSEO","2026-08-25","","observed_alternate_ranking_url_review_intent_and_canonical"
"IE-SICK-CERT","sick certificates","do online doctors notes work","do online doctors notes work","IE","en","unknown","mixed","commercial_service_page","","","","","","","","","","1","https://www.myglobalhealth.online/ireland/en/blog/sick-certificate-ireland-employee-rights","1","0","0","false","95","100","Medium","90","50","62","Consider clinically reviewed support content linked to the existing target","https://www.myglobalhealth.online/ireland/en/services/sick-certificate-ireland","P2","Google Search Console via OpenSEO","2026-08-25","","observed_alternate_ranking_url_review_intent_and_canonical"
"IE-SICK-CERT","sick certificates","do you need a doctor's note for 3 days off","do you need a doctor's note for 3 days off","IE","en","unknown","mixed","commercial_service_page","","","","","","","","","","2","https://www.myglobalhealth.online/ireland/en/blog/sick-certificate-ireland-employee-rights","1","0","0","false","95","100","Medium","90","50","62","Consider clinically reviewed support content linked to the existing target","https://www.myglobalhealth.online/ireland/en/services/sick-certificate-ireland","P2","Google Search Console via OpenSEO","2026-08-25","","observed_alternate_ranking_url_review_intent_and_canonical"
"IE-SICK-CERT","sick certificates","doctor sick note ireland","doctor sick note ireland","IE","en","unknown","mixed","commercial_service_page","","","","","","","","","","41.75","https://www.myglobalhealth.online/ireland/en/blog/sick-certificate-ireland-employee-rights","4","0","0","false","95","100","Medium","90","50","62","Consider clinically reviewed support content linked to the existing target","https://www.myglobalhealth.online/ireland/en/services/sick-certificate-ireland","P2","Google Search Console via OpenSEO","2026-08-25","","observed_alternate_ranking_url_review_intent_and_canonical"
"IE-SICK-CERT","sick certificates","doctors sick note","doctors sick note","IE","en","unknown","mixed","commercial_service_page","","","","","","","","","","58","https://www.myglobalhealth.online/ireland/en/services/sick-certificate-ireland","1","0","0","false","95","100","Medium","90","50","62","Consider clinically reviewed support content linked to the existing target","https://www.myglobalhealth.online/ireland/en/services/sick-certificate-ireland","P2","Google Search Console via OpenSEO","2026-08-25","","current_canonical_target"
"IE-SICK-CERT","sick certificates","fit to work medical certificate ireland","fit to work medical certificate ireland","IE","en","unknown","mixed","commercial_service_page","","","","","","","","","","44","https://www.myglobalhealth.online/ireland/en/services/sick-certificate-ireland","3","0","0","false","95","100","Medium","90","50","62","Consider clinically reviewed support content linked to the existing target","https://www.myglobalhealth.online/ireland/en/services/sick-certificate-ireland","P2","Google Search Console via OpenSEO","2026-08-25","","current_canonical_target"
"IE-SICK-CERT","sick certificates","free medical certificate online","free medical certificate online","IE","en","unknown","mixed","commercial_service_page","","","","","","","","","","57","https://www.myglobalhealth.online/ireland/sick-leave","1","0","0","false","95","100","Medium","90","50","62","Consider clinically reviewed support content linked to the existing target","https://www.myglobalhealth.online/ireland/en/services/sick-certificate-ireland","P2","Google Search Console via OpenSEO","2026-08-25","Historical/legacy ranking attribution only; do not optimise or recreate this URL. Use proposed_target_url for implementation.","legacy_or_noncanonical_gsc_attribution_do_not_optimise"
"IE-SICK-CERT","sick certificates","get sick certificate online ireland","get sick certificate online ireland","IE","en","unknown","mixed","commercial_service_page","","","","","","","","","","27","https://www.myglobalhealth.online/ireland/es/health/sick-cert-online","14","0","0","false","95","100","Medium","90","50","62","Consider clinically reviewed support content linked to the existing target","https://www.myglobalhealth.online/ireland/en/services/sick-certificate-ireland","P2","Google Search Console via OpenSEO","2026-08-25","Historical/legacy ranking attribution only; do not optimise or recreate this URL. Use proposed_target_url for implementation.","legacy_or_noncanonical_gsc_attribution_do_not_optimise"
"IE-GP","online GP consultation","google doctor online","google doctor online","IE","en","unknown","mixed","commercial_service_page","","","","","","","","","","60","https://www.myglobalhealth.online/service-page/ie-medical-consultation","1","0","0","false","95","100","Low","90","50","62","Consider clinically reviewed support content linked to the existing target","https://www.myglobalhealth.online/ireland/en/gp-consultation-online","P2","Google Search Console via OpenSEO","2026-08-25","Historical/legacy ranking attribution only; do not optimise or recreate this URL. Use proposed_target_url for implementation.","legacy_or_noncanonical_gsc_attribution_do_not_optimise"
"IE-GP","online GP consultation","gp online ireland","gp online ireland","IE","en","unknown","mixed","commercial_service_page","","","","","","","","","","31","https://www.myglobalhealth.online/ireland/en/gp-consultation-online","3","0","0","false","95","100","Low","90","50","62","Consider clinically reviewed support content linked to the existing target","https://www.myglobalhealth.online/ireland/en/gp-consultation-online","P2","Google Search Console via OpenSEO","2026-08-25","","current_canonical_target"
"IE-SICK-CERT","sick certificates","group 2 medical certificate","group 2 medical certificate","IE","en","unknown","mixed","commercial_service_page","","","","","","","","","","1","https://www.myglobalhealth.online/portugal/medical-certificate-for-driving-license","1","0","0","false","95","100","Medium","90","50","62","Consider clinically reviewed support content linked to the existing target","https://www.myglobalhealth.online/ireland/en/services/sick-certificate-ireland","P2","Google Search Console via OpenSEO","2026-08-25","","observed_alternate_ranking_url_review_intent_and_canonical"
"IE-SICK-CERT","sick certificates","how many days can i be sick without a doctor's note","how many days can i be sick without a doctor's note","IE","en","unknown","mixed","commercial_service_page","","","","","","","","","","1","https://www.myglobalhealth.online/ireland/en/blog/sick-certificate-ireland-employee-rights","1","0","0","false","95","100","Medium","90","50","62","Consider clinically reviewed support content linked to the existing target","https://www.myglobalhealth.online/ireland/en/services/sick-certificate-ireland","P2","Google Search Console via OpenSEO","2026-08-25","","observed_alternate_ranking_url_review_intent_and_canonical"
"IE-SICK-CERT","sick certificates","how many days can you be sick without a doctor's note","how many days can you be sick without a doctor's note","IE","en","unknown","mixed","commercial_service_page","","","","","","","","","","2","https://www.myglobalhealth.online/ireland/en/blog/sick-certificate-ireland-employee-rights","1","0","0","false","95","100","Medium","90","50","62","Consider clinically reviewed support content linked to the existing target","https://www.myglobalhealth.online/ireland/en/services/sick-certificate-ireland","P2","Google Search Console via OpenSEO","2026-08-25","","observed_alternate_ranking_url_review_intent_and_canonical"
"IE-SICK-CERT","sick certificates","how many sick days require a doctor's note","how many sick days require a doctor's note","IE","en","unknown","mixed","commercial_service_page","","","","","","","","","","2","https://www.myglobalhealth.online/ireland/en/blog/sick-certificate-ireland-employee-rights","1","0","0","false","95","100","Medium","90","50","62","Consider clinically reviewed support content linked to the existing target","https://www.myglobalhealth.online/ireland/en/services/sick-certificate-ireland","P2","Google Search Console via OpenSEO","2026-08-25","","observed_alternate_ranking_url_review_intent_and_canonical"
"IE-LABS","home blood tests","at home blood test","at home blood test","IE","en","unknown","mixed","hub_or_service_page","","","","","","","","","","24","https://www.myglobalhealth.online/ireland/en/lab-tests/general-health-test","1","0","0","false","95","100","Medium","85","50","61","Consider clinically reviewed support content linked to the existing target","https://www.myglobalhealth.online/ireland/en/lab-tests","P2","Google Search Console via OpenSEO","2026-08-25","Lab cluster frozen until approximately 2026-09-08. ","observed_alternate_ranking_url_review_intent_and_canonical"
"IE-LABS","home blood tests","at home blood tests","at home blood tests","IE","en","unknown","mixed","hub_or_service_page","","","","","","","","","","23","https://www.myglobalhealth.online/ireland/en/lab-tests/general-health-test","1","0","0","false","95","100","Medium","85","50","61","Consider clinically reviewed support content linked to the existing target","https://www.myglobalhealth.online/ireland/en/lab-tests","P2","Google Search Console via OpenSEO","2026-08-25","Lab cluster frozen until approximately 2026-09-08. ","observed_alternate_ranking_url_review_intent_and_canonical"
"IE-LABS","home blood tests","blood test at home","blood test at home","IE","en","unknown","mixed","hub_or_service_page","","","","","","","","","","25","https://www.myglobalhealth.online/ireland/en/lab-tests/general-health-test","1","0","0","false","95","100","Medium","85","50","61","Consider clinically reviewed support content linked to the existing target","https://www.myglobalhealth.online/ireland/en/lab-tests","P2","Google Search Console via OpenSEO","2026-08-25","Lab cluster frozen until approximately 2026-09-08. ","observed_alternate_ranking_url_review_intent_and_canonical"
"IE-LABS","home blood tests","full blood count test","full blood count test","IE","en","unknown","mixed","hub_or_service_page","","","","","","","","","","52.22222222222222","https://www.myglobalhealth.online/ireland/en/lab-tests/full-blood-count","9","0","0","false","95","100","Medium","85","50","61","Consider clinically reviewed support content linked to the existing target","https://www.myglobalhealth.online/ireland/en/lab-tests","P2","Google Search Console via OpenSEO","2026-08-25","Lab cluster frozen until approximately 2026-09-08. ","observed_alternate_ranking_url_review_intent_and_canonical"
"IE-LABS","home blood tests","home blood test","home blood test","IE","en","unknown","mixed","hub_or_service_page","","","","","","","","","","52.2","https://www.myglobalhealth.online/ireland/en/lab-tests","5","0","0","false","95","100","Medium","85","50","61","Consider clinically reviewed support content linked to the existing target","https://www.myglobalhealth.online/ireland/en/lab-tests","P2","Google Search Console via OpenSEO","2026-08-25","Lab cluster frozen until approximately 2026-09-08. ","current_canonical_target"
"IE-GP","online GP consultation","doctor online ie","doctor online ie","IE","en","navigational","mixed","commercial_service_page","","41","","","2026-05:0|2026-04:0|2026-03:0|2026-02:0|2026-01:0|2025-12:0|2025-11:0|2025-10:0|2025-09:0|2025-08:0|2025-07:0|2025-06:0","","","","","","","","","","false","95","100","Low","90","59","59","Monitor or exclude","https://www.myglobalhealth.online/ireland/en/gp-consultation-online","P3","OpenSEO research_keywords","2026-08-25","",""
"IE-GP","online GP consultation","online doctor ireland ozempic","online doctor ireland ozempic","IE","en","navigational","mixed","commercial_service_page","","","","","2026-05:0|2026-04:0|2026-03:0|2026-02:0|2026-01:0|2025-12:0|2025-11:0|2025-10:0|2025-09:0|2025-08:0|2025-07:0|2025-06:0","","","","","","","","","","false","95","100","Low","90","50","58","Monitor or exclude","https://www.myglobalhealth.online/ireland/en/gp-consultation-online","P3","OpenSEO research_keywords","2026-08-25","",""
"IE-BP-TOOL","blood pressure guidance","blood pressure chart ireland","blood pressure chart ireland","IE","en","unknown","mixed","tool_or_guide","","","","","","","","","","7.4","https://www.myglobalhealth.online/ireland/en/tools/blood-pressure-chart","20","0","0","false","70","80","Low","90","70","58","Review and improve the existing URL's intent match, contextual links and snippet","https://www.myglobalhealth.online/ireland/en/tools/blood-pressure-chart","P0","Google Search Console via OpenSEO","2026-08-25","","current_canonical_target"
"IE-WEIGHT-TOOLS","weight calculators","calorie calculator","calorie calculator","IE","en","unknown","mixed","tool_or_guide","","","","","","","","","","11.41081081081081","https://www.myglobalhealth.online/ireland/en/tools/calorie-calculator","185","0","0","false","70","80","Low","90","70","58","Review and improve the existing URL's intent match, contextual links and snippet","https://www.myglobalhealth.online/ireland/en/tools/bmi-calculator","P0","Google Search Console via OpenSEO","2026-08-25","","observed_alternate_ranking_url_review_intent_and_canonical"
"IE-WEIGHT-TOOLS","weight calculators","calorie calculator ireland","calorie calculator ireland","IE","en","unknown","mixed","tool_or_guide","","","","","","","","","","9.333333333333334","https://www.myglobalhealth.online/ireland/en/tools/calorie-calculator","30","0","0","false","70","80","Low","90","70","58","Review and improve the existing URL's intent match, contextual links and snippet","https://www.myglobalhealth.online/ireland/en/tools/bmi-calculator","P0","Google Search Console via OpenSEO","2026-08-25","","observed_alternate_ranking_url_review_intent_and_canonical"
"IE-WEIGHT-TOOLS","weight calculators","calorie calculator under 18","calorie calculator under 18","IE","en","unknown","mixed","tool_or_guide","","","","","","","","","","9","https://www.myglobalhealth.online/ireland/en/tools/calorie-calculator","1","0","0","false","70","80","Low","90","70","58","Monitor or exclude","https://www.myglobalhealth.online/ireland/en/tools/bmi-calculator","P3","Google Search Console via OpenSEO","2026-08-25","","observed_alternate_ranking_url_review_intent_and_canonical"
"IE-WEIGHT-TOOLS","weight calculators","calorie deficit calculator ireland","calorie deficit calculator ireland","IE","en","unknown","mixed","tool_or_guide","","","","","","","","","","10","https://www.myglobalhealth.online/ireland/en/tools/calorie-calculator","64","0","0","false","70","80","Low","90","70","58","Review and improve the existing URL's intent match, contextual links and snippet","https://www.myglobalhealth.online/ireland/en/tools/bmi-calculator","P0","Google Search Console via OpenSEO","2026-08-25","","observed_alternate_ranking_url_review_intent_and_canonical"
"IE-BP-TOOL","blood pressure guidance","blood pressure range","blood pressure range","IE","en","unknown","mixed","tool_or_guide","","","","","","","","","","54","https://www.myglobalhealth.online/ireland/en/tools/blood-pressure-chart","1","0","0","false","70","80","Low","90","50","55","Monitor or exclude","https://www.myglobalhealth.online/ireland/en/tools/blood-pressure-chart","P3","Google Search Console via OpenSEO","2026-08-25","","current_canonical_target"
"IE-BP-TOOL","blood pressure guidance","blood pressure reading","blood pressure reading","IE","en","unknown","mixed","tool_or_guide","","","","","","","","","","29","https://www.myglobalhealth.online/ireland/en/tools/blood-pressure-chart","1","0","0","false","70","80","Low","90","50","55","Monitor or exclude","https://www.myglobalhealth.online/ireland/en/tools/blood-pressure-chart","P3","Google Search Console via OpenSEO","2026-08-25","","current_canonical_target"
"IE-BP-TOOL","blood pressure guidance","blood pressure reading chart","blood pressure reading chart","IE","en","unknown","mixed","tool_or_guide","","","","","","","","","","30","https://www.myglobalhealth.online/ireland/en/tools/blood-pressure-chart","1","0","0","false","70","80","Low","90","50","55","Monitor or exclude","https://www.myglobalhealth.online/ireland/en/tools/blood-pressure-chart","P3","Google Search Console via OpenSEO","2026-08-25","","current_canonical_target"
"IE-WEIGHT-TOOLS","weight calculators","bmi calculator female","bmi calculator female","IE","en","unknown","mixed","tool_or_guide","","","","","","","","","","64","https://www.myglobalhealth.online/ireland/en/tools/bmi-calculator","2","0","0","false","70","80","Low","90","50","55","Monitor or exclude","https://www.myglobalhealth.online/ireland/en/tools/bmi-calculator","P3","Google Search Console via OpenSEO","2026-08-25","","current_canonical_target"
"IE-WEIGHT-TOOLS","weight calculators","bmi calculator in kg","bmi calculator in kg","IE","en","unknown","mixed","tool_or_guide","","","","","","","","","","64","https://www.myglobalhealth.online/ireland/en/tools/bmi-calculator","1","0","0","false","70","80","Low","90","50","55","Monitor or exclude","https://www.myglobalhealth.online/ireland/en/tools/bmi-calculator","P3","Google Search Console via OpenSEO","2026-08-25","","current_canonical_target"
"IE-WEIGHT-TOOLS","weight calculators","bmi calculator kg","bmi calculator kg","IE","en","unknown","mixed","tool_or_guide","","","","","","","","","","60","https://www.myglobalhealth.online/ireland/en/tools/bmi-calculator","2","0","0","false","70","80","Low","90","50","55","Monitor or exclude","https://www.myglobalhealth.online/ireland/en/tools/bmi-calculator","P3","Google Search Console via OpenSEO","2026-08-25","","current_canonical_target"
"IE-WEIGHT-TOOLS","weight calculators","bmi calculator kg with age","bmi calculator kg with age","IE","en","unknown","mixed","tool_or_guide","","","","","","","","","","68","https://www.myglobalhealth.online/ireland/en/tools/bmi-calculator","1","0","0","false","70","80","Low","90","50","55","Monitor or exclude","https://www.myglobalhealth.online/ireland/en/tools/bmi-calculator","P3","Google Search Console via OpenSEO","2026-08-25","","current_canonical_target"
"IE-WEIGHT-TOOLS","weight calculators","bmi calculator kilograms","bmi calculator kilograms","IE","en","unknown","mixed","tool_or_guide","","","","","","","","","","62","https://www.myglobalhealth.online/ireland/en/tools/bmi-calculator","1","0","0","false","70","80","Low","90","50","55","Monitor or exclude","https://www.myglobalhealth.online/ireland/en/tools/bmi-calculator","P3","Google Search Console via OpenSEO","2026-08-25","","current_canonical_target"
"IE-WEIGHT-TOOLS","weight calculators","bmi calculator online","bmi calculator online","IE","en","unknown","mixed","tool_or_guide","","","","","","","","","","54","https://www.myglobalhealth.online/ireland/en/tools/bmi-calculator","1","0","0","false","70","80","Low","90","50","55","Monitor or exclude","https://www.myglobalhealth.online/ireland/en/tools/bmi-calculator","P3","Google Search Console via OpenSEO","2026-08-25","","current_canonical_target"
"IE-WEIGHT-TOOLS","weight calculators","body and bmi calculator","body and bmi calculator","IE","en","unknown","mixed","tool_or_guide","","","","","","","","","","66","https://www.myglobalhealth.online/ireland/en/tools/bmi-calculator","2","0","0","false","70","80","Low","90","50","55","Monitor or exclude","https://www.myglobalhealth.online/ireland/en/tools/bmi-calculator","P3","Google Search Console via OpenSEO","2026-08-25","","current_canonical_target"
"IE-WEIGHT-TOOLS","weight calculators","body mass index calculator","body mass index calculator","IE","en","unknown","mixed","tool_or_guide","","","","","","","","","","54","https://www.myglobalhealth.online/ireland/en/tools/bmi-calculator","1","0","0","false","70","80","Low","90","50","55","Monitor or exclude","https://www.myglobalhealth.online/ireland/en/tools/bmi-calculator","P3","Google Search Console via OpenSEO","2026-08-25","","current_canonical_target"
"IE-BP-TOOL","blood pressure guidance","bp chart","bp chart","IE","en","unknown","mixed","tool_or_guide","","","","","","","","","","27","https://www.myglobalhealth.online/ireland/en/tools/blood-pressure-chart","1","0","0","false","70","80","Low","90","50","55","Monitor or exclude","https://www.myglobalhealth.online/ireland/en/tools/blood-pressure-chart","P3","Google Search Console via OpenSEO","2026-08-25","","current_canonical_target"
"IE-WEIGHT-TOOLS","weight calculators","calorie calculator needs","calorie calculator needs","IE","en","unknown","mixed","tool_or_guide","","","","","","","","","","24","https://www.myglobalhealth.online/ireland/en/tools/calorie-calculator","1","0","0","false","70","80","Low","90","50","55","Monitor or exclude","https://www.myglobalhealth.online/ireland/en/tools/bmi-calculator","P3","Google Search Console via OpenSEO","2026-08-25","","observed_alternate_ranking_url_review_intent_and_canonical"
"IE-WEIGHT-TOOLS","weight calculators","daily calorie calculator","daily calorie calculator","IE","en","unknown","mixed","tool_or_guide","","","","","","","","","","60","https://www.myglobalhealth.online/ireland/en/tools/calorie-calculator","1","0","0","false","70","80","Low","90","50","55","Monitor or exclude","https://www.myglobalhealth.online/ireland/en/tools/bmi-calculator","P3","Google Search Console via OpenSEO","2026-08-25","","observed_alternate_ranking_url_review_intent_and_canonical"
"IE-WEIGHT-TOOLS","weight calculators","free bmi calculator","free bmi calculator","IE","en","unknown","mixed","tool_or_guide","","","","","","","","","","35.5","https://www.myglobalhealth.online/ireland/en/tools/bmi-calculator","2","0","0","false","70","80","Low","90","50","55","Monitor or exclude","https://www.myglobalhealth.online/ireland/en/tools/bmi-calculator","P3","Google Search Console via OpenSEO","2026-08-25","","current_canonical_target"
