"url","page_type","primary_keyword","secondary_keywords","original_title","optimized_title","original_meta_description","optimized_meta_description","original_h1","optimized_h1","optimized_visible_description","description_optimized","bio_optimized","faqs_optimized","deslop_completed","clinical_review_required","implementation_status","reason_for_anything_left_unchanged","technical_seo_verification","cta_and_internal_link_review","fact_comparison"
"https://www.myglobalhealth.online/czechia/cs","home","online lékař Česko","online lékař|lékař online Česko","Online lékař Česko | Registrovaní lékaři a specialisté","Online lékař v Česku | Registrovaní lékaři","Promluvte si ještě dnes s registrovaným lékařem přes videohovor — praktický lékař, potvrzení, odeslání ke specialistovi. Tentýž den, Česko.","Online konzultace s lékaři registrovanými v Česku. Vyberte službu a volný termín; další postup vždy závisí na klinickém posouzení.","Online lékařská péče v Česku","Online lékařská péče v Česku","Vyberte službu, zkontrolujte aktuální termíny a objednejte se k lékaři registrovanému v Česku. Dostupnost a výsledek konzultace nelze slíbit předem.","yes","not applicable","no","yes","yes","live_verified_2026-09-01","Stávající FAQ odpovídají obecným procesním otázkám; nové otázky by bez další poptávky jen opakovaly služby.","200; self-canonical; index/follow; self-hreflang; FAQ and organization schema present","Keep service and doctor-directory links; booking CTA must use live availability and lose same-day wording.","Verified organization and registration facts retained; unsupported timing promise removed."
"https://www.myglobalhealth.online/czechia/cs/about","standalone","Global Health Česko","o Global Health|online zdravotní péče Česko","O Global Health Česko | Lékaři online · Global Health","O Global Health Česko | Online lékařská péče","Global Health Česko: online konzultace videohovorem s lékaři registrovanými u Česká lékařská komora, v jazycích čeština / angličtina. Co nabízíme a kdo jsme.","Global Health Česko nabízí videokonzultace s lékaři registrovanými u České lékařské komory. Zjistěte, kdo jsme a jak služba funguje.","O Global Health Česko","O Global Health Česko","","no","not applicable","no","yes","no","live_verified_2026-09-01","Trust-page body and FAQs remain unchanged because keyword evidence does not justify a broader rewrite.","200; self-canonical; index/follow; self-hreflang; FAQ and organization schema present","Existing links to contact, services and booking remain relevant; no commercial anchor added.","Only Czech grammar and metadata wording changed; organization facts retained."
"https://www.myglobalhealth.online/czechia/cs/blog","blog-hub","zdravotní články Česko","zdravotní průvodce|články od lékařů","Zdravotní příručky od registrovaných lékařů – Česko","Zdravotní články od registrovaných lékařů | Česko","Zdravotní příručky založené na důkazech pro Česko, které napsal a zkontroloval náš lékařský tým.","Zdravotní články pro Česko od registrovaných lékařů. Praktické informace, zdroje a jasné upozornění, kdy je potřeba osobní péče.","Zdravotní příručky od registrovaných lékařů.","Zdravotní články od registrovaných lékařů","","no","not applicable","not applicable","yes","no","live_verified_2026-09-01","Hub description remains generated from the published article set; no unsupported category copy added.","200; self-canonical; index/follow; self-hreflang; breadcrumb schema present","Keep descriptive article anchors; do not route informational queries directly to booking.","No article or clinical fact changed."
"https://www.myglobalhealth.online/czechia/cs/blog/diabetes-ticha-nemoc","blog-post","diabetes příznaky","cukrovka příznaky|léčba diabetu","Diabetes (cukrovka) v ČR: Příčiny, příznaky, léčba a budoucnost péče","Diabetes v Česku: příznaky, léčba a prevence","Průvodce diabetem v České republice — příčiny, příznaky, současná léčba včetně GLP-1 a SGLT2, důležitost pravidelných kontrol a perspektivy budoucí léčby. Napsáno MUDr. Ahmedem Makladem, ČLK č. 117 668 619 8.","Přehled příznaků, rizik, léčby a prevence diabetu v Česku. Článek napsal MUDr. Ahmed Maklad, registrovaný u ČLK č. 1176686198.","Diabetes: Tichá nemoc","Diabetes: příznaky, léčba a prevence","","no","not applicable","not applicable","yes","yes","live_verified_2026-09-01","The dated physician review approved the metadata update; the clinical article body and attribution remain unchanged because no measured gap supports expansion.","200; self-canonical; index/follow; self-hreflang; Article and MedicalWebPage schema present","Keep contextual medical-consultation link; remove generic urgency from promotional CTA in a later reviewed batch.","Only metadata compressed; named author and ČLK number retained."
"https://www.myglobalhealth.online/czechia/cs/blog/lekar-online-24-7-co-vyresi","blog-post","co vyřeší lékař online 24/7","kdy online lékař nestačí|jak funguje online konzultace","Lékař online 24/7: co vyřeší a co ne (2026) · Global Health","Lékař online 24/7: co lze řešit a kdy nestačí","Co lze bezpečně vyřešit online konzultací s lékařem, co vyžaduje vyšetření v ordinaci, kdy volat 155 a proč online lékař nenahrazuje registraci u praktika.","Zjistěte, co lze bezpečně probrat s lékařem online, jak konzultace probíhá a kdy je nutné osobní nebo akutní vyšetření.","Lékař online 24/7: co konzultace na dálku vyřeší a co ne","Co vyřeší lékař online a kdy nestačí","","no","not applicable","no","yes","yes","measurement_hold_until_2026-09-08","Title, H1, body and FAQs are held with the GP owner until the registered 2026-09-08 query-to-page measurement gate.","200; self-canonical; index/follow; self-hreflang; Article, MedicalWebPage and FAQ schema present","Maintain a contextual GP link; do not let this explainer own the commercial practical-GP query.","No live copy changed during the hold."
"https://www.myglobalhealth.online/czechia/cs/blog/neschopenka-jak-funguje-eneschopenka","blog-post","jak funguje eNeschopenka","eNeschopenka|jak funguje neschopenka|ČSSZ neschopenka","Neschopenka: jak funguje eNeschopenka (2026) · Global Health","Neschopenka: jak funguje eNeschopenka (2026) · Global Health","Jak funguje elektronická neschopenka: kdo ji smí vystavit, jak se o ní dozví zaměstnavatel, pravidla vycházek a kdy lze neschopenku vystavit zpětně.","Jak funguje elektronická neschopenka: kdo ji smí vystavit, jak se o ní dozví zaměstnavatel, pravidla vycházek a kdy lze neschopenku vystavit zpětně.","Neschopenka: jak funguje eNeschopenka, vycházky a výplata nemocenské","Neschopenka: jak funguje eNeschopenka, vycházky a výplata nemocenské","","no","not applicable","no","yes","yes","reviewed_no_change","The page already owns informational process intent, cites official sources, rejects guarantees and links to the service; doctor relation fields require separate attribution verification before any rewrite.","200; self-canonical; index/follow; self-hreflang; Article, MedicalWebPage and FAQ schema present","Reciprocal intent-specific link to the service is already present; keep process-first anchor text.","No factual or copy change proposed."
"https://www.myglobalhealth.online/czechia/cs/blog/vypocet-nemocenske-2026-co-plati-zamestnavatel-a-co-cssz","blog-post","výpočet nemocenské 2026","nemocenská zaměstnavatel|nemocenská ČSSZ","Výpočet nemocenské 2026: zaměstnavatel a ČSSZ","Výpočet nemocenské 2026: zaměstnavatel a ČSSZ","Výpočet nemocenské 2026: náhrada mzdy v prvních 14 dnech, dávka ČSSZ od 15. dne, redukční hranice a orientační postup.","Výpočet nemocenské 2026: náhrada mzdy v prvních 14 dnech, dávka ČSSZ od 15. dne, redukční hranice a orientační postup.","Výpočet nemocenské 2026: zaměstnavatel a ČSSZ","Výpočet nemocenské 2026: zaměstnavatel a ČSSZ","","no","not applicable","no","yes","yes","reviewed_no_change","Current title, description and H1 already match the measured calculation intent; regulatory numbers require dated review, not SEO expansion.","200; self-canonical; index/follow; self-hreflang; Article, MedicalWebPage and FAQ schema present","Existing link to the eNeschopenka explainer is correct; booking language remains secondary and qualified.","No factual or copy change proposed."
"https://www.myglobalhealth.online/czechia/cs/book","standalone","objednat online konzultaci","rezervace lékaře online|online objednání lékaře","Objednejte si konzultaci — Czechia · Global Health","Objednat online konzultaci | Global Health Česko","Czechia lékařská klinika. Vyberte si službu, lékaře, čas a údaje pacienta.","Objednejte online konzultaci v Česku. Vyberte službu, lékaře a dostupný termín a poté bezpečně doplňte údaje pacienta.","Objednejte si konzultaci","Objednejte si online konzultaci","","no","not applicable","not applicable","yes","no","live_verified_2026-09-01","The booking flow and form copy remain unchanged because they are operational UI, not keyword content.","200; self-canonical; index/follow; self-hreflang; breadcrumb schema present","CTA is the booking flow itself and displays live service and doctor availability.","Only locale wording and metadata changed; no booking fact changed."
"https://www.myglobalhealth.online/czechia/cs/careers","standalone","kariéra Global Health","práce lékař Česko|volná místa Global Health","Kariéra v Global Health Česko","Kariéra v Global Health Česko","Připojte se ke Global Health v Česko. Spolupracujeme s registrovanými lékaři, klinickou podporou a technologickými týmy po celé Evropě a v Brazílii. Zjistěte, jak se ucházet o práci.","Připojte se ke Global Health v Česku. Spolupracujeme s registrovanými lékaři, klinickou podporou a technologickými týmy v Evropě a Brazílii.","Kariéra v Global Health","Kariéra v Global Health","","no","not applicable","not applicable","yes","no","live_verified_2026-09-01","Job listings and application instructions remain owned by recruitment data; no unsupported vacancy keyword was inserted.","200; self-canonical; index/follow; self-hreflang; breadcrumb schema present","Keep role-specific application links and avoid medical booking anchors.","Only Czech grammar and metadata length changed."
"https://www.myglobalhealth.online/czechia/cs/contact","standalone","kontakt Global Health Česko","telefon Global Health|e-mail Global Health","Kontakt | Online lékař Praha | Global Health","Kontakt | Global Health Česko","Kontaktujte Global Health: +420 608 353 716, info@myglobalhealth.online. Online konzultace s registrovanými lékaři, sídlo v Praze 1.","Kontaktujte Global Health Česko telefonicky na +420 608 353 716 nebo e-mailem na info@myglobalhealth.online. Provozní údaje a sídlo najdete na stránce.","Kontakt — Global Health Česko","Kontakt | Global Health Česko","","no","not applicable","no","yes","no","live_verified_2026-09-01","Contact body and FAQ remain unchanged because live contact details, not keyword expansion, are authoritative.","200; self-canonical; index/follow; self-hreflang; FAQ and organization schema present","Keep direct phone, email, legal and help links; remove the unrelated Prague commercial phrase from the title.","Displayed phone, email and location facts retained."
"https://www.myglobalhealth.online/czechia/cs/doctors","doctor-directory","online lékaři Česko","lékaři Global Health|ČLK lékař","Lékaři, kteří skutečně zvedají. — Czechia · Global Health","Online lékaři v Česku | Ověřené profily","Každý lékař níže je licencovaný v Czechia, ověřený pro online péči a hodnocený pacienty po každé konzultaci.","Prohlédněte si profily lékařů registrovaných v Česku. Ověřte registraci, jazyky a aktuální možnost online rezervace.","Lékaři, kteří skutečně zvedají.","Online lékaři v Česku","Vyberte si z ověřených profilů lékařů registrovaných v Česku. U každého najdete jazyky, registrační údaje a aktuální možnost rezervace.","yes","not applicable","no","yes","yes","source_pinned_guarded_draft_pending_clinical_review","Directory FAQs remain unchanged; availability must come from live profile calendars rather than a new blanket claim.","200; self-canonical; index/follow; self-hreflang; ItemList, Person and FAQ schema present","Profile anchors keep clinician names; replace directory same-day promotional copy with live-availability wording.","Roster and registration facts retained; blanket availability claim removed."
"https://www.myglobalhealth.online/czechia/cs/doctors/dr-ahmed-maklad","doctor-profile","MUDr. Ahmed Maklad","Ahmed Maklad praktický lékař|Ahmed Maklad ČLK","MUDr. Ahmed Maklad — Praktický lékař | ČLK 1176686198 | Global Health Česká republika · Czechia","MUDr. Ahmed Maklad | Praktický lékař online v Česku","Rezervujte si video konzultaci s MUDr. Ahmedem Makladem — praktickým lékařem registrovaným u ČLK (č. 1176686198). MUDr. Masarykova univerzita Brno · Chirurgická specializační příprava FN Brno · ACLS · Čeština, angličtina a arabština. Konzultace tento den.","Profil MUDr. Ahmeda Maklada, praktického lékaře registrovaného u ČLK č. 1176686198. Ověřte jazyky, kvalifikaci a aktuální dostupnost konzultací.","MUDr. Ahmed Maklad","MUDr. Ahmed Maklad","","no","no","no","yes","yes","source_pinned_guarded_draft_pending_clinical_review","Bio and qualifications remain byte-for-byte unchanged because no new authoritative facts were supplied; replace only the generic same-day FAQ answer with live-calendar wording. Exact source-level FAQ old/new copy is not yet drafted; FAQs remain pending clinical review.","200; self-canonical; index/follow; self-hreflang; Person, credential and FAQ schema present","Keep service links and dynamic booking buttons; unavailable services must continue to show no-booking state.","Name, role, ČLK number, qualifications and languages retained; timing claim removed."
"https://www.myglobalhealth.online/czechia/cs/doctors/khoiamul-islam","doctor-profile","MUDr. Khoiamul Islam","Khoiamul Islam praktický lékař|Khoiamul Islam ČLK","Dr Khoiamul Islam - Praktický lékař | Global Health · Czechia","MUDr. Khoiamul Islam | Praktický lékař online v Česku","Dr Khoiamul Islam je vícejazyčný praktický lékař nabízející komplexní online konzultace v Irsku a Portugalsku prostřednictvím Global Health.","Profil MUDr. Khoiamula Islama, praktického lékaře registrovaného u ČLK č. 1178781199. Ověřte jazyky a aktuální dostupnost online konzultací.","MUDr. Khoiamul Islam","MUDr. Khoiamul Islam","","no","no","no","yes","yes","source_pinned_guarded_draft_pending_clinical_review","Bio remains unchanged pending source audit; the incorrect Ireland/Portugal market sentence in metadata is removed and the same-day FAQ becomes live-calendar wording. Exact source-level FAQ old/new copy is not yet drafted; FAQs remain pending clinical review.","200; self-canonical; index/follow; self-hreflang; Person, credential and FAQ schema present","Keep service links and dynamic booking buttons; do not claim markets outside this Czech profile.","Czech roster, H1 and public ČLK 1178781199 retained; incorrect market metadata removed."
"https://www.myglobalhealth.online/czechia/cs/doctors/mudr-romana-pavlu","doctor-profile","MUDr. Romana Pavlů","Romana Pavlů praktická lékařka|Romana Pavlů ČLK","MUDr. Romana Pavlů — Praktická lékařka | ČLK 5163514190 | Global Health Česká republika","MUDr. Romana Pavlů | Praktická lékařka online v Česku","Rezervujte si video konzultaci s MUDr. Romanou Pavlů — praktickou lékařkou registrovanou u ČLK (č. 5163514190). Absolventka FN Ostrava · NHS Royal Free Hospital, Hillingdon, Royal Devon & Exeter · ALS a EPALS · Praha. Konzultace tento den.","Profil MUDr. Romany Pavlů, praktické lékařky registrované u ČLK č. 5163514190. Ověřte jazyky, kvalifikaci a aktuální dostupnost konzultací.","MUDr. Romana Pavlů","MUDr. Romana Pavlů","","no","no","no","yes","yes","source_pinned_guarded_draft_pending_clinical_review","Bio and qualifications remain unchanged; current CTA is unavailable, so timing metadata and the generic same-day FAQ must be removed. Exact source-level FAQ old/new copy is not yet drafted; FAQs remain pending clinical review.","200; self-canonical; index/follow; self-hreflang; Person, credential and FAQ schema present","Preserve disabled booking state and service-detail links; never pair unavailable CTA with same-day copy.","Name, role, ČLK number, qualifications and languages retained; timing claim removed."
"https://www.myglobalhealth.online/czechia/cs/doctors/mudr-vojtech-cerny","doctor-profile","MUDr. Vojtěch Černý","Vojtěch Černý praktický lékař|Vojtěch Černý ČLK","MUDr. Vojtěch Černý — Praktický lékař | ČLK 1172330197 | Global Health Česká republika","MUDr. Vojtěch Černý | Praktický lékař online v Česku","Rezervujte si video konzultaci s MUDr. Vojtěchem Černým — praktickým lékařem registrovaným u ČLK (č. 1172330197). MUDr. UK Praha · Ph.D. kandidát · MBA · urgentní medicína · FN Motol, Na Bulovce, Plzeň. Konzultace tento den.","Profil MUDr. Vojtěcha Černého, praktického lékaře registrovaného u ČLK č. 1172330197. Ověřte jazyky, kvalifikaci a aktuální dostupnost konzultací.","MUDr. Vojtěch Černý","MUDr. Vojtěch Černý","","no","no","no","yes","yes","source_pinned_guarded_draft_pending_clinical_review","Bio and qualifications remain unchanged; current CTA is unavailable, so timing metadata and the generic same-day FAQ must be removed. Exact source-level FAQ old/new copy is not yet drafted; FAQs remain pending clinical review.","200; self-canonical; index/follow; self-hreflang; Person, credential and FAQ schema present","Preserve disabled booking state and existing service links; use live-calendar availability only.","Name, role, ČLK number, qualifications and languages retained; timing claim removed."
"https://www.myglobalhealth.online/czechia/cs/doctors/mudr-yasmin-holz","doctor-profile","MUDr. Yasmin Holz","Yasmin Holz praktická lékařka|Yasmin Holz ČLK","MUDr. Yasmin Holz — Praktická lékařka | ČLK 5178823192 | Global Health Česká republika","MUDr. Yasmin Holz | Praktická lékařka online v Česku","Rezervujte si video konzultaci s MUDr. Yasmin Holz — praktickou lékařkou registrovanou u ČLK (č. 5178823192). MUDr. Masarykova univerzita Brno · Chirurgická specializační příprava FN Brno · Čeština, angličtina, arabština a hebrejština. Konzultace tento den.","Profil MUDr. Yasmin Holz, praktické lékařky registrované u ČLK č. 5178823192. Ověřte jazyky, kvalifikaci a aktuální dostupnost konzultací.","MUDr. Yasmin Holz","MUDr. Yasmin Holz","","no","no","no","yes","yes","source_pinned_guarded_draft_pending_clinical_review","Bio and qualifications remain unchanged; current CTA is unavailable, so timing metadata and the generic same-day FAQ must be removed. Exact source-level FAQ old/new copy is not yet drafted; FAQs remain pending clinical review.","200; self-canonical; index/follow; self-hreflang; Person, credential and FAQ schema present","Preserve disabled booking state and existing service links; use live-calendar availability only.","Name, role, ČLK number, qualifications and languages retained; timing claim removed."
"https://www.myglobalhealth.online/czechia/cs/faq","standalone","časté otázky Global Health","online konzultace otázky|rezervace a platby","Časté otázky — Česko · Global Health","Časté otázky | Global Health Česko","Česko — Rezervace, platby, konzultace, ochrana soukromí a situace, kdy online péče není tou správnou cestou. Nenašli jste odpověď? Napište nám.","Odpovědi na časté otázky o rezervaci, platbě, videokonzultaci, soukromí a situacích, kdy online péče není vhodná.","Odpovědi, bez marketingového žargonu.","Časté otázky k online péči","","no","not applicable","no","yes","no","live_verified_2026-09-01","Existing FAQ answers remain unchanged because no verified support or policy change was supplied.","200; self-canonical; index/follow; self-hreflang; FAQ schema and tab UI share the same group source","Keep contextual links to booking, contact, privacy and emergency guidance; no commercial anchor stuffing.","No policy or medical fact changed."
"https://www.myglobalhealth.online/czechia/cs/gp-consultation-online","gp-hub","praktický lékař online","online konzultace s lékařem|praktik online|promluvte si s lékařem","Online praktický lékař | Registrováno u ČLK | Global Health Česká republika","Praktický lékař online | Video konzultace v Česku","Konzultujte s praktickým lékařem registrovaným u ČLK z pohodlí domova. eNeschopenka, elektronický recept, doporučení ke specialistovi. Od 650 Kč. Termín ve stejný den.","Objednejte se na online konzultaci s praktickým lékařem. Jasný postup, cena, možnosti i situace, kdy je nutné osobní nebo akutní vyšetření.","Online konzultace s praktickým lékařem v Česku","Praktický lékař online","Online konzultace s praktickým lékařem pro posouzení běžných zdravotních potíží. Dokumenty a recepty závisí na klinickém posouzení a termíny na živé dostupnosti.","no","not applicable","no","yes","yes","measurement_hold_until_2026-09-08","All proposed fields are held with the 24/7 explainer until the registered 2026-09-08 ownership measurement; no early rewrite is marked complete.","200; self-canonical; index/follow; self-hreflang; Service and FAQ schema present","Receive commercial anchors from home and explainer; CTA must remain bound to live price and availability.","No live copy changed during hold; draft removes automatic document and timing implications."
"https://www.myglobalhealth.online/czechia/cs/legal","legal-hub","právní informace Global Health","právní dokumenty|regulační údaje","Právní informace. · Czechia · Global Health","Právní informace | Global Health Česko","Právní dokumenty, registrace společnosti a regulační údaje pro Global Health v Czechia.","Právní dokumenty, údaje o provozovateli a regulační informace pro služby Global Health v Česku. Vyberte příslušný dokument.","Právní informace.","Právní informace","","no","not applicable","not applicable","yes","no","live_verified_2026-09-01","Legal document bodies remain unchanged; SEO evidence cannot authorize legal edits.","200; self-canonical; index/follow; self-hreflang; breadcrumb schema present","Keep descriptive links to each legal document; no booking CTA added.","Only locale wording in metadata changed; legal facts retained."
"https://www.myglobalhealth.online/czechia/cs/legal/complaints-procedure","legal-detail","postup při stížnostech Global Health","stížnost Global Health|vyřízení stížnosti","Postup při stížnostech · Czechia · Global Health","Postup při stížnostech | Global Health Česko","Postup při stížnostech. Právní dokumenty, registrace společnosti a regulační údaje pro Global Health v Czechia.","Postup pro podání a vyřízení stížnosti týkající se služeb Global Health v Česku, včetně kontaktních a regulačních údajů.","Postup při stížnostech","Postup při stížnostech","","no","not applicable","not applicable","yes","no","live_verified_2026-09-01","Legal procedure body remains unchanged pending legal-owner review.","200; self-canonical; index/follow; self-hreflang; organization schema present","Keep legal-hub, contact and regulator links; no commercial CTA.","No procedure or legal fact changed."
"https://www.myglobalhealth.online/czechia/cs/legal/medical-disclaimer","legal-detail","zdravotní prohlášení Global Health","omezení online péče|akutní péče","Zdravotní prohlášení · Czechia · Global Health","Zdravotní prohlášení | Global Health Česko","Zdravotní prohlášení. Právní dokumenty, registrace společnosti a regulační údaje pro Global Health v Czechia.","Zdravotní prohlášení k online péči Global Health v Česku, včetně omezení služby a pokynů pro naléhavé zdravotní situace.","Zdravotní prohlášení","Zdravotní prohlášení","","no","not applicable","not applicable","yes","no","live_verified_2026-09-01","Disclaimer body remains unchanged pending legal and clinical-owner review.","200; self-canonical; index/follow; self-hreflang; organization schema present","Keep legal-hub and emergency guidance links; no booking CTA.","No medical or legal fact changed."
"https://www.myglobalhealth.online/czechia/cs/legal/privacy-policy","legal-detail","zásady ochrany osobních údajů Global Health","ochrana soukromí|zpracování osobních údajů","Zásady ochrany osobních údajů · Czechia · Global Health","Ochrana osobních údajů | Global Health Česko","Zásady ochrany osobních údajů. Právní dokumenty, registrace společnosti a regulační údaje pro Global Health v Czechia.","Zásady zpracování osobních a zdravotních údajů ve službách Global Health v Česku, včetně kontaktů a práv uživatelů.","Zásady ochrany osobních údajů","Zásady ochrany osobních údajů","","no","not applicable","not applicable","yes","no","live_verified_2026-09-01","Privacy-policy body remains unchanged pending privacy and legal-owner review.","200; self-canonical; index/follow; self-hreflang; organization schema present","Keep legal-hub and privacy-contact links; no commercial CTA.","No privacy obligation or legal fact changed."
"https://www.myglobalhealth.online/czechia/cs/legal/refund-policy","legal-detail","zásady vracení peněz Global Health","vrácení peněz|refundace Global Health","Zásady vracení peněz · Czechia · Global Health","Vrácení peněz | Global Health Česko","Zásady vracení peněz. Právní dokumenty, registrace společnosti a regulační údaje pro Global Health v Czechia.","Podmínky vrácení peněz za služby Global Health v Česku, včetně postupu, kontaktních údajů a případných omezení.","Zásady vracení peněz","Zásady vracení peněz","","no","not applicable","not applicable","yes","no","live_verified_2026-09-01","Refund-policy body remains unchanged pending legal-owner review.","200; self-canonical; index/follow; self-hreflang; organization schema present","Keep terms, complaints and contact links; no booking CTA.","No refund rule or legal fact changed."
"https://www.myglobalhealth.online/czechia/cs/legal/terms-of-service","legal-detail","obchodní podmínky Global Health","podmínky služby|uživatelské podmínky","Obchodní podmínky · Czechia · Global Health","Obchodní podmínky | Global Health Česko","Obchodní podmínky. Právní dokumenty, registrace společnosti a regulační údaje pro Global Health v Czechia.","Obchodní podmínky používání služeb Global Health v Česku, včetně práv, povinností, plateb a omezení online péče.","Obchodní podmínky","Obchodní podmínky","","no","not applicable","not applicable","yes","no","live_verified_2026-09-01","Terms body remains unchanged pending legal-owner review.","200; self-canonical; index/follow; self-hreflang; organization schema present","Keep privacy, refund, complaints and contact links; no commercial CTA.","No contractual or legal fact changed."
"https://www.myglobalhealth.online/czechia/cs/press","standalone","Global Health Česko pro média","kontakt pro média|informace pro novináře","Pro média — Global Health Česko","Pro média | Global Health Česko","Informace pro média o Global Health v Česko: kdo službu provozuje, jak je regulována, na jakých trzích působíme a jak kontaktovat naše tiskové oddělení.","Informace pro média o Global Health v Česku: provozovatel, regulace, působnost a kontakt na tiskové oddělení pro ověření údajů.","Pro média","Pro média","","no","not applicable","not applicable","yes","no","live_verified_2026-09-01","Press body remains unchanged because corporate facts require communications-owner verification.","200; self-canonical; index/follow; self-hreflang; organization schema present","Keep media-contact, about and legal links; no patient booking CTA.","Only Czech grammar and metadata length changed."
"https://www.myglobalhealth.online/czechia/cs/pricing","standalone","měsíční plán Global Health","cena členství|online péče předplatné","Vyberte si svůj měsíční plán · Česko · Global Health","Měsíční plány online péče | Global Health Česko","Měsíční online péče praktického lékaře s kredity na konzultace, slevami u specialistů a odměnami za wellness, s cenami pro zemi Česko.","Porovnejte měsíční plány online péče v Česku, kredity na konzultace a další výhody. Aktuální ceny a podmínky jsou uvedeny u každého plánu.","Péče, která se obnovuje s vámi","Měsíční plány online péče","","no","not applicable","not applicable","yes","no","live_verified_2026-09-01","Plan cards, prices and terms remain generated from live product data; no static price claim was added.","200; self-canonical; index/follow; self-hreflang; breadcrumb schema present","Plan CTA remains bound to live plan data; link to terms and refund policy with descriptive anchors.","No price, credit or plan fact changed."
"https://www.myglobalhealth.online/czechia/cs/services/bolesti-pohyboveho-aparatu","service","bolest zad online konzultace","bolest kloubů online|pohybové potíže lékař","Pohybové a bolestivé potíže online | Záda, klouby, ischias | Lékař na videu","Bolesti zad a kloubů | Online konzultace","Posouzení bolesti zad, kloubů, ischiasu nebo svalového zranění. Lékař registrovaný v ČLK posoudí váš pohybový aparát přes bezpečný videohovor. Termín ve stejný den.","Online konzultace bolesti zad, kloubů, svalů nebo pohybových obtíží. Lékař posoudí, zda je vhodný postup na dálku, nebo osobní vyšetření.","Pohybové a bolestivé potíže — lékařská konzultace online","Bolesti zad a kloubů: online konzultace","Online konzultace bolesti zad, kloubů, svalů nebo pohybových obtíží. Lékař posoudí, zda je bezpečný postup na dálku, nebo je nutné osobní vyšetření.","yes","not applicable","no","yes","yes","live_verified_2026-09-01","Full body and FAQ replacement still requires a Czech physician; remove same-day referrals, imaging and document promises before apply. Exact source-level FAQ old/new copy is not yet drafted; FAQs remain pending clinical review.","200; self-canonical; index/follow; self-hreflang; Service, MedicalWebPage and FAQ schema present","Keep dynamic booking CTA; link contextually to GP and urgent guidance, not guaranteed imaging or referral outcomes.","Clinical scope retained; unsupported same-day outcome claims narrowed."
"https://www.myglobalhealth.online/czechia/cs/services/cestovni-medicina-praha","service","cestovní medicína","antimalarika konzultace|lékař před cestou","Cestovní medicína online | Předpis na malárii a příprava na cestu","Cestovní medicína online | Konzultace před cestou","Zdravotní příprava na cesty do oblastí s malárií. Antimalarika jsou léky na předpis — v očkovacím centru je nedostanete. Lékař registrovaný v ČLK posoudí rizika a vystaví eRecept. Termín ještě dnes.","Online konzultace před cestou zaměřená na zdravotní rizika, prevenci a vhodnost antimalarik. Předpis závisí na cíli cesty a klinickém posouzení.","Cestovní medicína — předpis na malárii a příprava na cestu online","Cestovní medicína online: příprava před cestou","Online konzultace před cestou zaměřená na zdravotní rizika, prevenci a vhodnost antimalarik. Předpis závisí na cíli cesty, anamnéze a klinickém posouzení.","no","not applicable","no","yes","yes","measurement_hold_travel_recrawl","All proposed fields and FAQ corrections remain held for the registered travel-medicine recrawl check; no early content change is marked complete.","200; self-canonical; index/follow; self-hreflang; Service, MedicalWebPage and FAQ schema present","Preserve live booking state; remove blanket same-day and guaranteed eRecept language after the measurement gate.","No live fact changed during hold; draft narrows unverified timing and prescription claims."
"https://www.myglobalhealth.online/czechia/cs/services/chronicka-onemocneni","service","chronická onemocnění online","kontrola hypertenze online|kontrola diabetu online","Chronická onemocnění online | Hypertenze, diabetes, štítná žláza | Lékař na videu","Chronická onemocnění | Online kontrola léčby","Správa dlouhodobých onemocnění s průběžnou péčí. Lékař registrovaný v ČLK nabízí strukturovanou správu chronických stavů přes videohovor. Bez čekárny, termín ihned.","Online kontrola stabilního chronického onemocnění jako doplněk pravidelné péče. Lékař posoudí průběh, léčbu a potřebu dalšího vyšetření.","Chronická onemocnění — průběžná lékařská péče online","Chronická onemocnění: online kontrola léčby","Online kontrola stabilního chronického onemocnění jako doplněk pravidelné péče. Lékař posoudí průběh, léčbu a potřebu dalšího vyšetření.","yes","not applicable","no","yes","yes","live_verified_2026-09-01","Body and FAQs need physician review; do not promise immediate access, automatic eRecept or replacement of the registered GP. Exact source-level FAQ old/new copy is not yet drafted; FAQs remain pending clinical review.","200; self-canonical; index/follow; self-hreflang; MedicalWebPage and FAQ schema present","Live page currently does not accept online bookings; preserve that state and link to GP only as a suitable alternative.","Chronic-care scope retained; immediacy and automatic-prescription implications removed."
"https://www.myglobalhealth.online/czechia/cs/services/detsky-lekar-online","service","dětský lékař online","pediatr online|online konzultace pro dítě","Dětský lékař online | Konzultace pro děti | Videohovor ihned","Dětský lékař online | Konzultace pro rodiče","Rychlé lékařské konzultace pro nemocné děti, bez čekání. Lékař registrovaný v ČLK posoudí zdravotní stav vašeho dítěte přes bezpečný videohovor. Termín ve stejný den, odkudkoli z České republiky.","Online konzultace dětských potíží s lékařem. Zjistěte, jak se připravit a které příznaky vyžadují akutní nebo osobní péči.","Dětský lékař online — konzultace pro děti ve stejný den","Dětský lékař online","Online konzultace zdravotních potíží dítěte za přítomnosti rodiče nebo zákonného zástupce. Lékař posoudí, zda stačí videohovor, nebo je nutné osobní či akutní vyšetření.","yes","not applicable","no","yes","yes","source_pinned_guarded_draft_pending_clinical_review","Age suitability, red flags, prescription and referral FAQs require Czech paediatric review before apply. Exact source-level FAQ old/new copy is not yet drafted; FAQs remain pending clinical review.","200; self-canonical; index/follow; self-hreflang; Service, MedicalWebPage and FAQ schema present","Keep doctors and urgent-guidance links; booking CTA must use live availability and guardian requirements.","Guardian participation and remote-assessment limits retained; timing and document guarantees removed."
"https://www.myglobalhealth.online/czechia/cs/services/doporuceni-a-vysetreni","service","žádanka online","doporučení ke specialistovi|eŽádanka","Doporučení ke specialistovi online | Žádanky na vyšetření | Lékař na videu","Žádanka a doporučení online | Posouzení lékařem","Doporučení k soukromému specialistovi, žádanky na krevní testy a zobrazovací metody. Lékař registrovaný v ČLK vydá klinickou dokumentaci po posouzení. Termín ihned.","Proberte s lékařem potřebu vyšetření nebo doporučení ke specialistovi. Vystavení závisí na klinickém posouzení a není automatické.","Doporučení ke specialistovi a žádanky na vyšetření — online","Doporučení a vyšetření po online konzultaci","Online konzultace k posouzení potřeby vyšetření nebo doporučení ke specialistovi. Vystavení žádanky či doporučení závisí na klinickém posouzení.","yes","not applicable","no","yes","yes","live_verified_2026-09-01","Body and FAQs need Czech physician and process review; do not promise referral, order, coverage or specialist availability. Exact source-level FAQ old/new copy is not yet drafted; FAQs remain pending clinical review.","200; self-canonical; index/follow; self-hreflang; Service, MedicalWebPage and FAQ schema present","Link to GP, second opinion, doctors and official process guidance; CTA describes assessment, not guaranteed issuance.","Supported assessment pathway retained; automatic and immediate document implications removed."
"https://www.myglobalhealth.online/czechia/cs/services/druhy-nazor-praha","service","druhý názor lékaře","druhy nazor|second opinion Prague","Druhý lékařský názor online | Vysvětlíme vám diagnózu | Lékař na videu","Druhý názor lékaře | Online konzultace","Nezávislý druhý názor na diagnózu nebo léčebný plán, s jasným vysvětlením. Lékař registrovaný v ČLK posoudí váš případ přes videohovor. Termín ještě dnes.","Nezávislé posouzení dostupných lékařských zpráv a léčebného plánu. Druhý názor nenahrazuje akutní péči ani nutné osobní vyšetření.","Druhý lékařský názor — nezávislé posouzení vaší diagnózy online","Druhý názor lékaře online","Nezávislé posouzení dostupných lékařských zpráv, výsledků a léčebného plánu. Druhý názor nenahrazuje akutní péči ani vyšetření, které nelze provést na dálku.","yes","not applicable","no","yes","yes","live_verified_2026-09-01","Specialty-specific claims and availability FAQ require Czech physician review; keep one consolidated owner page. Exact source-level FAQ old/new copy is not yet drafted; FAQs remain pending clinical review.","200; self-canonical; index/follow; self-hreflang; Service, MedicalWebPage and FAQ schema present","Link to GP, doctors and referrals where relevant; CTA must show live availability and avoid instant confirmation.","Second-opinion scope retained; same-day guarantee removed."
"https://www.myglobalhealth.online/czechia/cs/services/dusevni-zdravi-online","service","duševní zdraví online","online konzultace duševní zdraví|úzkost konzultace online","Duševní zdraví online | Úzkost, deprese, vyhoření | Lékař na videu","Duševní zdraví online | Konzultace s lékařem","Diskrétní posouzení úzkosti, deprese a dalších duševních obtíží. Lékař registrovaný v ČLK posoudí vaši situaci přes bezpečný videohovor. Diskrétní konzultace, termín ještě dnes.","Diskrétní online konzultace duševních obtíží s lékařem. Při krizi nebo bezprostředním ohrožení volejte 155 nebo 112.","Duševní zdraví — lékařská konzultace online","Duševní zdraví: online konzultace s lékařem","Diskrétní online konzultace duševních obtíží s lékařem. Lékař posoudí situaci a doporučí další postup; při krizi nebo ohrožení volejte 155 nebo 112.","yes","not applicable","no","yes","yes","source_pinned_guarded_draft_pending_clinical_review","Psychiatrist and free-chat keyword variants are intentionally excluded because this is a physician consultation, not psychiatric or free chat care; crisis copy needs clinical review. Exact source-level FAQ old/new copy is not yet drafted; FAQs remain pending clinical review.","200; self-canonical; index/follow; self-hreflang; Service, MedicalWebPage and FAQ schema present","Keep emergency guidance prominent; CTA uses live availability and must not imply crisis service or specialist psychiatry.","Physician-level service scope retained; unrelated psychiatrist keywords and timing claims excluded."
"https://www.myglobalhealth.online/czechia/cs/services/kontrola-vahy-online","service","hubnutí s lékařem","kontrola váhy online|lékařská konzultace hubnutí","Hubnutí s lékařem online | Metabolická konzultace | eRecept","Hubnutí s lékařem | Online konzultace","Medicínský management hmotnosti nad rámec diety a pohybu. Lékař registrovaný v ČLK posoudí metabolické a hormonální příčiny a sestaví individuální plán. Videokonsultace, termín ještě dnes.","Online konzultace k bezpečnému řízení hmotnosti. Lékař zhodnotí zdravotní stav, dosavadní postup a vhodná vyšetření; léčbu nelze slíbit předem.","Nadváha a hubnutí — lékařská konzultace online","Hubnutí s lékařem online","Online konzultace k bezpečnému řízení hmotnosti. Lékař zhodnotí zdravotní stav, dosavadní postup a vhodná vyšetření; konkrétní léčbu nelze slíbit předem.","yes","not applicable","no","yes","yes","live_verified_2026-09-01","Medication, laboratory and outcome FAQs require clinical review; do not add drug-specific demand without supported service pathways. Exact source-level FAQ old/new copy is not yet drafted; FAQs remain pending clinical review.","200; self-canonical; index/follow; self-hreflang; Service, MedicalWebPage and FAQ schema present","Link contextually to BMI and calorie tools; CTA must not imply medication eligibility or same-day documentation.","Weight-management scope retained; treatment, result and timing guarantees removed."
"https://www.myglobalhealth.online/czechia/cs/services/kozni-konzultace-praha","service","kožní lékař online","kozni online|online dermatolog|kožní konzultace Praha","Kožní konzultace online | Vyrážka, ekzém, akné | Lékař na videu","Kožní lékař online | Dermatologická konzultace","Posouzení vyrážky, ekzému, akné a dalších kožních problémů. Lékař registrovaný v ČLK posoudí váš stav přes bezpečný videohovor. Termín ještě dnes, odkudkoli z České republiky.","Konzultujte kožní potíže online s lékařem. Zjistěte, jak připravit fotografie a kdy je nutné osobní dermatologické vyšetření.","Kožní konzultace online — bez čekání na dermatologa","Kožní konzultace online","Online konzultace kožních potíží s lékařem. Připravte si kvalitní fotografie a průběh obtíží; lékař posoudí, zda je nutná dermatoskopie nebo osobní vyšetření.","yes","not applicable","no","yes","yes","source_pinned_guarded_draft_pending_clinical_review","Condition, image-assessment, prescription and referral FAQs require a dermatology-capable Czech reviewer. Exact source-level FAQ old/new copy is not yet drafted; FAQs remain pending clinical review.","200; self-canonical; index/follow; self-hreflang; Service, MedicalWebPage and FAQ schema present","Link to GP, doctors and urgent guidance; CTA must not promise image-only diagnosis, prescription or same-day referral.","Remote skin-assessment scope retained; diagnosis, timing and document implications narrowed."
"https://www.myglobalhealth.online/czechia/cs/services/lekar-online-praha","service","lékař online Praha","soukromý lékař Praha|online konzultace Praha","Videokonsultace s lékařem, který má na vás čas","Lékař online Praha | Video konzultace","Lékař online, který vysvětlí diagnózu, probere s vámi možnosti a odpoví na vaše otázky. Bez čekárny, bez šablony. Objednejte se ještě dnes.","Online videokonzultace s lékařem pro pacienty v Praze a celém Česku. Lékař posoudí potíže a doporučí vhodný další postup.","Videokonsultace s lékařem, který má na vás čas","Lékař online v Praze","Online videokonzultace s lékařem pro pacienty v Praze a celém Česku. Lékař posoudí potíže, vysvětlí další postup a doporučí osobní péči, pokud je nutná.","yes","not applicable","no","yes","yes","live_verified_2026-09-01","Eye-doctor and district-style keyword variants are excluded as unrelated; body and FAQs need Czech physician review before removing seven-day and instant-confirmation claims. Exact source-level FAQ old/new copy is not yet drafted; FAQs remain pending clinical review.","200; self-canonical; index/follow; self-hreflang; Service, MedicalWebPage and FAQ schema present","Own Prague modifier; link to GP, doctors and suitable services; CTA uses live availability rather than blanket seven-day access.","General online-consultation scope retained; diagnosis and timing promises narrowed."
"https://www.myglobalhealth.online/czechia/cs/services/muzske-zdravi-online","service","zdraví mužů online","erektilní dysfunkce konzultace|mužské zdraví","Zdraví mužů online | Erektilní dysfunkce, testosteron | Lékař na videu","Zdraví mužů online | Diskrétní konzultace","Diskrétní posouzení erektilní dysfunkce, nízkého testosteronu nebo sníženého libida. Lékař registrovaný v ČLK posoudí příčiny a navrhne řešení. Diskrétní videokonzultace, termín ještě dnes.","Diskrétní online konzultace mužských zdravotních obtíží. Lékař posoudí možné příčiny a další postup; léčba závisí na klinickém posouzení.","Zdraví mužů — lékařská konzultace online","Zdraví mužů online","Diskrétní online konzultace mužských zdravotních obtíží. Lékař posoudí možné příčiny a další postup; recepty a vyšetření závisejí na klinickém posouzení.","yes","not applicable","no","yes","yes","live_verified_2026-09-01","No new keyword expansion is justified; only unsafe same-day, test and prescription implications are narrowed pending clinical review. Exact source-level FAQ old/new copy is not yet drafted; FAQs remain pending clinical review.","200; self-canonical; index/follow; self-hreflang; Service, MedicalWebPage and FAQ schema present","Keep discreet live booking CTA and suitable GP links; do not promise tests, treatment or same-day documentation.","Existing condition scope retained; operational and outcome claims narrowed."
"https://www.myglobalhealth.online/czechia/cs/services/neschopenka-online","service","online neschopenka","neschopenka online|lékařská neschopenka online","eNeschopenka online | Lékař na videu, neschopenka ihned","Online neschopenka | Posouzení lékařem","eNeschopenka vystavená online, bez čekárny. Lékař registrovaný v ČLK posoudí vaše příznaky na videu a vystaví eNeschopenku elektronicky, je-li to klinicky odůvodněno. Termín ještě dnes.","Online konzultace k posouzení pracovní neschopnosti. Lékař rozhodne podle zdravotního stavu; vystavení eNeschopenky není automatické.","eNeschopenka online — lékař na videu, bez čekárny","Online posouzení pracovní neschopnosti","Online konzultace k posouzení pracovní neschopnosti. Lékař rozhodne podle zdravotního stavu a povahy práce; vystavení eNeschopenky není automatické.","yes","not applicable","yes","yes","yes","live_verified_2026-09-01","The approved title, metadata, H1, description, body, seven in-place FAQs, official ČSSZ link, emergency guidance and reciprocal article link are live; non-Czech locale fallbacks remain unchanged.","200; self-canonical; index/follow; self-hreflang; Service, MedicalWebPage and FAQ schema present","CTA becomes 'Objednat posouzení'; reciprocal link uses process-specific article anchor; live booking state is preserved.","All verified facts preserved; automatic employer notification, timing and guaranteed issuance claims narrowed to official ČSSZ wording."
"https://www.myglobalhealth.online/czechia/cs/services/obnoveni-lecby","service","obnovení receptu online","obnova léčby online|eRecept online|online konzultace kvůli receptu","Obnova léčby online | eRecept bez čekání | Lékař na videu","Obnovení receptu online | Posouzení léčby lékařem","Obnova stabilní, fungující léčby s klinickým posouzením. Lékař registrovaný v ČLK posoudí vaši léčbu na videu a vystaví eRecept, je-li to klinicky indikováno. Termín ještě dnes.","Online konzultace k pokračování zavedené léčby. Lékař posoudí dokumentaci, bezpečnost a další postup; vystavení eReceptu není automatické.","Obnova léčby online — bez čekárny, s eRecepty","Obnovení léčby a receptu online","Online konzultace k pokračování zavedené léčby. Lékař posoudí dokumentaci, aktuální stav a bezpečnost dalšího postupu; vystavení eReceptu není automatické.","yes","not applicable","yes","yes","yes","live_verified_2026-09-01","The approved title, metadata, H1, description, body, six in-place FAQs, official ePreskripce link, emergency guidance and GP link are live; non-Czech locale fallbacks remain unchanged.","200; self-canonical; index/follow; self-hreflang; Service, MedicalWebPage and FAQ schema present","CTA becomes 'Objednat posouzení léčby'; live booking, price, duration and doctor state are preserved.","All verified treatment facts preserved; automatic eRecept and same-day implications removed."
"https://www.myglobalhealth.online/czechia/cs/services/vypadavani-vlasu-online","service","vypadávání vlasů doktor","vypadávání vlasů lékař|vypadávání vlasů online","Konzultace vypadávání vlasů online | Lékař na videu | eRecept","Vypadávání vlasů | Online konzultace s lékařem","Posouzení příčiny vypadávání vlasů nebo řídnutí. Lékař registrovaný v ČLK posoudí příčinu a poradí léčbu na základě důkazů. Videokonsultace, termín ještě dnes.","Online konzultace vypadávání nebo řídnutí vlasů. Lékař posoudí průběh, možné příčiny a potřebu vyšetření; léčba není automatická.","Vypadávání vlasů — lékařská konzultace online","Vypadávání vlasů: online konzultace","Online konzultace vypadávání nebo řídnutí vlasů. Lékař zhodnotí průběh, možné příčiny a potřebu vyšetření; léčba nebo recept nejsou automatické.","yes","not applicable","no","yes","yes","live_verified_2026-09-01","Only two low-volume doctor/lékař variants are relevant; body and FAQs need review before any tests, referral, prescription or result language changes. Exact source-level FAQ old/new copy is not yet drafted; FAQs remain pending clinical review.","200; self-canonical; index/follow; self-hreflang; Service, MedicalWebPage and FAQ schema present","Keep clinical CTA and relevant doctor links; do not promise same-day orders, prescriptions or results.","Hair-loss assessment scope retained; timing and outcome implications narrowed."
"https://www.myglobalhealth.online/czechia/cs/services/zenske-zdravi-online","service","zdraví žen online","ženské zdraví konzultace|menopauza online konzultace","Zdraví žen online | Hormony, antikoncepce, menopauza | Lékař na videu","Zdraví žen online | Diskrétní konzultace","Diskrétní posouzení PCOS, hormonálních obtíží, menopauzy a dalších zdravotních obav žen. Lékař registrovaný v ČLK posoudí vaši situaci přes bezpečný videohovor. Diskrétní konzultace, termín ještě dnes.","Diskrétní online konzultace ženských zdravotních obtíží. Lékař doporučí další postup; některé potíže vyžadují osobní gynekologické vyšetření.","Zdraví žen — lékařská konzultace online","Zdraví žen online","Diskrétní online konzultace ženských zdravotních obtíží. Lékař posoudí situaci a doporučí další postup; některé potíže vyžadují osobní gynekologické vyšetření.","yes","not applicable","no","yes","yes","live_verified_2026-09-01","No measured demand justifies expansion; only unsafe same-day, test, referral and prescription implications are narrowed pending clinical review. Exact source-level FAQ old/new copy is not yet drafted; FAQs remain pending clinical review.","200; self-canonical; index/follow; self-hreflang; Service, MedicalWebPage and FAQ schema present","Keep discreet live booking CTA and in-person gynaecology limitations; do not promise documents or treatment.","Existing women's-health scope retained; operational and outcome claims narrowed."
"https://www.myglobalhealth.online/czechia/cs/tools/adhd-test","tool","ADHD test pro dospělé zdarma","ADHD test|test ADHD zdarma|screening ADHD","ADHD Test Česko | Bezplatný Screening Pro Dospělé","ADHD test pro dospělé zdarma | Screening","Vyplňte screeningový test ADHD pro dospělé o šesti otázkách (ASRS v1.1, část A) a zjistěte, co vaše odpovědi znamenají. Výsledek screeningu není diagnóza — tu stanoví jen psychiatr nebo klinický psycholog.","Vyplňte šest otázek screeningového testu ADHD pro dospělé. Výsledek není diagnóza; tu stanoví psychiatr nebo klinický psycholog.","ADHD test Česko","ADHD test pro dospělé","","no","not applicable","no","yes","yes","source_pinned_guarded_draft_pending_clinical_review","Tool logic, questions, scoring and existing FAQs remain unchanged; medication and free-chat keywords are excluded as unrelated.","200; self-canonical; index/follow; self-hreflang; MedicalWebPage and FAQ schema present","Mental-health service CTA remains contextual and must not imply diagnostic confirmation.","ASRS scope and diagnostic limitation retained; no algorithm or medical fact changed."
"https://www.myglobalhealth.online/czechia/cs/tools/blood-pressure-chart","tool","krevní tlak kalkulačka","tabulka krevního tlaku|hodnoty krevního tlaku|normální krevní tlak","Kalkulačka Krevního Tlaku Česko | Tabulka Normálních Hodnot","Krevní tlak: kalkulačka a tabulka hodnot","Zadejte systolický a diastolický tlak a hned uvidíte kategorii podle evropské tabulky pro dospělé — co hodnota znamená a které vyžadují lékaře ještě týž den.","Zkontrolujte orientační kategorii krevního tlaku, správný postup měření a situace, kdy je vhodná konzultace nebo akutní pomoc.","Normální krevní tlak Česko","Kalkulačka a tabulka krevního tlaku","","no","not applicable","no","yes","yes","live_verified_2026-09-01","Tool algorithm, thresholds, visible table and FAQs remain unchanged until a Czech or European guidance source and reviewer date are pinned.","200; self-canonical; index/follow; self-hreflang; MedicalWebPage and FAQ schema present","Chronic-care CTA remains contextual; add no diagnostic or medication-change language.","No threshold or interpretation fact changed; metadata removes false precision and same-day implication."
"https://www.myglobalhealth.online/czechia/cs/tools/bmi-calculator","tool","BMI kalkulačka","výpočet BMI|BMI ženy|BMI muži","BMI Kalkulačka Česko | Výpočet BMI Online · Global Health","BMI kalkulačka | Výpočet BMI online","Spočítejte si index tělesné hmotnosti během několika sekund. Metrické i imperiální jednotky, kategorie WHO pro dospělé a co váš výsledek ve skutečnosti znamená.","Spočítejte si BMI z výšky a hmotnosti. Výsledek používá orientační kategorie pro dospělé a nenahrazuje individuální zdravotní posouzení.","BMI kalkulačka Česko","BMI kalkulačka","","no","not applicable","no","yes","yes","live_verified_2026-09-01","Tool formula, units, categories and FAQs remain unchanged; sex-modifier variants map to supporting explanation, not separate pages.","200; self-canonical; index/follow; self-hreflang; MedicalWebPage and FAQ schema present","Weight-management CTA remains contextual and must not imply treatment eligibility.","No formula, category or health fact changed."
"https://www.myglobalhealth.online/czechia/cs/tools/calorie-calculator","tool","kalkulačka kalorií","výpočet kalorií|kalorický příjem|denní příjem kalorií","Kalorická Kalkulačka Česko | Výpočet Denního Příjmu","Kalkulačka kalorií | Denní kalorický příjem","Spočítejte si, kolik kalorií denně potřebujete na udržení hmotnosti, hubnutí nebo nabírání. Rovnice Mifflin-St Jeor, pět úrovní aktivity a co ta čísla ve skutečnosti znamenají — a registrovaní lékaři, pokud chcete jít dál.","Odhadněte denní kalorický příjem pro udržení, hubnutí nebo nabírání podle rovnice Mifflin-St Jeor. Výsledek je orientační.","Kalorická kalkulačka Česko","Kalkulačka kalorií","","no","not applicable","no","yes","yes","live_verified_2026-09-01","Tool equation, inputs, outputs and FAQs remain unchanged; burn-rate long tails stay supporting terms rather than separate pages.","200; self-canonical; index/follow; self-hreflang; MedicalWebPage and FAQ schema present","Weight-management CTA remains contextual; do not frame the estimate as a prescription.","Mifflin-St Jeor method retained; no algorithm or nutrition fact changed."
"https://www.myglobalhealth.online/czechia/cs/tools/due-date-calculator","tool","těhotenská kalkulačka","kalkulačka těhotenství|výpočet týdne těhotenství|termín porodu","Těhotenská Kalkulačka Česko | Termín Porodu a Týdny","Těhotenská kalkulačka | Termín porodu a týdny","Spočítejte si předpokládaný termín porodu a v kolikátém týdnu těhotenství jste, podle prvního dne poslední menstruace. Zohledňuje délku vašeho cyklu, včetně přehledu všech 40 týdnů.","Odhadněte termín porodu a týden těhotenství podle prvního dne poslední menstruace a délky cyklu. Výsledek je orientační.","Těhotenská kalkulačka Česko","Těhotenská kalkulačka","","no","not applicable","no","yes","yes","source_pinned_guarded_draft_pending_clinical_review","Tool formula, timeline and FAQs remain unchanged pending obstetric clinical review; long tails remain on this calculator.","200; self-canonical; index/follow; self-hreflang; MedicalWebPage and FAQ schema present","Women's-health CTA remains contextual and must not replace antenatal or urgent care.","No due-date method or pregnancy fact changed."
"https://www.myglobalhealth.online/czechia/cs/tools/osteoporosis-risk-checker","tool","riziko osteoporózy","test na osteoporózu|potřebuji denzitometrii","Kontrola Rizika Osteoporózy Česko | Potřebuji Denzitometrii?","Riziko osteoporózy | Orientační kontrola","Zkontrolujte zveřejněné rizikové faktory osteoporózy a zlomeniny z křehkosti a zjistěte, zda doporučené postupy radí nechat se vyšetřit. Nejde o FRAX ani o diagnózu — je to seznam k vyhledání rizika, se kterým můžete jít k lékaři.","Projděte orientační rizikové faktory osteoporózy a zjistěte, kdy může být vhodné odborné posouzení. Nejde o FRAX ani diagnózu.","Riziko osteoporózy Česko","Riziko osteoporózy","","no","not applicable","no","yes","yes","live_verified_2026-09-01","Risk logic, source thresholds and FAQs remain unchanged pending clinical review; 'test' stays secondary because this is not a diagnostic test.","200; self-canonical; index/follow; self-hreflang; MedicalWebPage and FAQ schema present","Women's-health CTA remains contextual; do not imply a diagnosis or guaranteed densitometry referral.","FRAX and diagnostic limitations retained; no risk criterion changed."
"https://www.myglobalhealth.online/czechia/cs/tools/ovulation-calculator","tool","ovulační kalkulačka","ovulační kalendář|výpočet ovulace|plodné dny","Ovulační Kalkulačka Česko | Plodné Dny a Den Ovulace","Ovulační kalkulačka | Plodné dny a ovulace","Spočítejte si plodné dny a odhadovaný den ovulace podle prvního dne poslední menstruace. Zohledňuje délku vašeho cyklu a šest nejplodnějších dnů rozepisuje den po dni.","Odhadněte den ovulace a plodné dny podle prvního dne poslední menstruace a délky cyklu. Výsledek je orientační.","Ovulační kalkulačka Česko","Ovulační kalkulačka","","no","not applicable","no","yes","yes","source_pinned_guarded_draft_pending_clinical_review","Calculation, cycle assumptions and FAQs remain unchanged pending clinical review; all relevant long tails stay on this tool.","200; self-canonical; index/follow; self-hreflang; MedicalWebPage and FAQ schema present","Women's-health CTA remains contextual; do not imply fertility diagnosis or treatment.","No cycle calculation or reproductive-health fact changed."
"https://www.myglobalhealth.online/czechia/en","home","online doctor Czech Republic","doctor for foreigners Czech Republic|English doctor Czechia","Online Doctor Czechia | Registered GPs & Specialists","Online Doctor in the Czech Republic | Registered Doctors","See a registered doctor online today — GP consultations, medical certificates, specialist referrals. Same-day video appointments in Czechia.","Consult doctors registered in the Czech Republic by video. Choose a service and a live appointment; prescriptions and documents depend on clinical assessment.","Online medical care in Czechia","Online medical care in the Czech Republic","Choose a service, check live availability and book a video consultation with a doctor registered in the Czech Republic. Outcomes cannot be guaranteed in advance.","yes","not applicable","no","yes","yes","source_pinned_guarded_draft_pending_clinical_and_native_review","Existing FAQs remain unchanged; Prague transaction intent continues to route to the English Prague service.","200; self-canonical; index/follow; self-hreflang; FAQ and organization schema present","Keep English Prague service and doctor-profile links; booking CTA uses live availability, not same-day copy.","Registration and service-scope facts retained; blanket availability and document implications removed."
"https://www.myglobalhealth.online/czechia/en/services/lekar-online-praha","service","English speaking doctor Prague","doctor for foreigners Prague|private doctor Prague|online doctor Prague","English Doctor Online | Czech Republic | Same-Day Appointment","English-Speaking Doctor in Prague | Online Consultation","See an English-speaking doctor registered in Czech Republic today. No registration, no waiting room. Video consultation from anywhere in Czechia. Book now.","Book an online consultation with a Czech-registered, English-speaking doctor. See scope, live availability and when in-person or urgent care is needed.","See an English-Speaking Doctor Today -- Online, From Anywhere in Czech Republic","English-speaking online doctor in Prague","Book an online consultation with an English-speaking doctor registered in Czechia. The doctor will assess your symptoms and advise whether remote or in-person care is appropriate.","yes","not applicable","no","yes","yes","source_pinned_guarded_draft_pending_clinical_and_native_review","Body and FAQs require Czech clinical plus native-English review; preserve existing rank and remove same-day, seven-day, instant-confirmation and guaranteed-document wording. Exact source-level FAQ old/new copy is not yet drafted; FAQs remain pending clinical review.","200; self-canonical; index/follow; self-hreflang; Service, MedicalWebPage and FAQ schema present","Own Prague/foreigner intent; link from English home and published English profiles; CTA must reflect live availability.","Czech registration and English-language scope retained; unsupported timing and outcome promises narrowed."
