url,locale,page_type,in_sitemap,gsc_clicks,gsc_impressions,gsc_ctr,gsc_position,inspection_verdict,coverage_state,last_crawl,google_canonical,user_canonical,page_fetch_state,notes
https://www.myglobalhealth.online/czechia/cs,cs,home,yes,15,468,0.03205128205128205,11.057692307692308,PASS,Odesláno a indexováno,2026-08-30T07:44:32Z,https://www.myglobalhealth.online/czechia/cs,https://www.myglobalhealth.online/czechia/cs,SUCCESSFUL,Inspected 2026-08-31
https://www.myglobalhealth.online/czechia/cs/about,cs,standalone,yes,0,9,0,4.555555555555555,,,,,,,URL Inspection not sampled
https://www.myglobalhealth.online/czechia/cs/blog,cs,blog-hub,yes,,,,,,,,,,,URL Inspection not sampled
https://www.myglobalhealth.online/czechia/cs/blog/diabetes-ticha-nemoc,cs,blog-post,yes,0,5,0,6.6,,,,,,,URL Inspection not sampled
https://www.myglobalhealth.online/czechia/cs/blog/lekar-online-24-7-co-vyresi,cs,blog-post,yes,2,106,0.018867924528301886,11.820754716981131,PASS,Odesláno a indexováno,2026-08-25T19:10:17Z,https://www.myglobalhealth.online/czechia/cs/blog/lekar-online-24-7-co-vyresi,https://www.myglobalhealth.online/czechia/cs/blog/lekar-online-24-7-co-vyresi,SUCCESSFUL,Inspected 2026-08-31
https://www.myglobalhealth.online/czechia/cs/blog/neschopenka-jak-funguje-eneschopenka,cs,blog-post,yes,4,682,0.005865102639296188,9.909090909090908,,,,,,,URL Inspection not sampled
https://www.myglobalhealth.online/czechia/cs/blog/vypocet-nemocenske-2026-co-plati-zamestnavatel-a-co-cssz,cs,blog-post,yes,,,,,,,,,,,URL Inspection not sampled
https://www.myglobalhealth.online/czechia/cs/book,cs,standalone,yes,0,36,0,15.416666666666666,,,,,,,URL Inspection not sampled
https://www.myglobalhealth.online/czechia/cs/careers,cs,standalone,yes,,,,,,,,,,,URL Inspection not sampled
https://www.myglobalhealth.online/czechia/cs/contact,cs,standalone,yes,0,4,0,18.25,,,,,,,URL Inspection not sampled
https://www.myglobalhealth.online/czechia/cs/doctors,cs,doctor-directory,yes,4,69,0.057971014492753624,13.782608695652174,PASS,Odesláno a indexováno,2026-08-31T08:51:40Z,https://www.myglobalhealth.online/czechia/cs/doctors,https://www.myglobalhealth.online/czechia/cs/doctors,SUCCESSFUL,Inspected 2026-08-31
https://www.myglobalhealth.online/czechia/cs/doctors/dr-ahmed-maklad,cs,doctor-profile,yes,5,31,0.16129032258064516,6.387096774193548,,,,,,,URL Inspection not sampled
https://www.myglobalhealth.online/czechia/cs/doctors/khoiamul-islam,cs,doctor-profile,yes,3,18,0.16666666666666666,5.388888888888889,,,,,,,URL Inspection not sampled
https://www.myglobalhealth.online/czechia/cs/doctors/mudr-romana-pavlu,cs,doctor-profile,yes,,,,,,,,,,,URL Inspection not sampled
https://www.myglobalhealth.online/czechia/cs/doctors/mudr-vojtech-cerny,cs,doctor-profile,yes,,,,,,,,,,,URL Inspection not sampled
https://www.myglobalhealth.online/czechia/cs/doctors/mudr-yasmin-holz,cs,doctor-profile,yes,,,,,,,,,,,URL Inspection not sampled
https://www.myglobalhealth.online/czechia/cs/faq,cs,standalone,yes,0,3,0,5.666666666666667,,,,,,,URL Inspection not sampled
https://www.myglobalhealth.online/czechia/cs/gp-consultation-online,cs,gp-hub,yes,3,229,0.013100436681222707,14.213973799126638,PASS,Odesláno a indexováno,2026-08-24T17:28:01Z,https://www.myglobalhealth.online/czechia/cs/gp-consultation-online,https://www.myglobalhealth.online/czechia/cs/gp-consultation-online,SUCCESSFUL,Inspected 2026-08-31
https://www.myglobalhealth.online/czechia/cs/legal,cs,legal-hub,yes,0,6,0,9.333333333333334,,,,,,,URL Inspection not sampled
https://www.myglobalhealth.online/czechia/cs/legal/complaints-procedure,cs,legal-detail,yes,0,4,0,8.25,,,,,,,URL Inspection not sampled
https://www.myglobalhealth.online/czechia/cs/legal/medical-disclaimer,cs,legal-detail,yes,0,3,0,8.666666666666668,,,,,,,URL Inspection not sampled
https://www.myglobalhealth.online/czechia/cs/legal/privacy-policy,cs,legal-detail,yes,0,4,0,5.25,,,,,,,URL Inspection not sampled
https://www.myglobalhealth.online/czechia/cs/legal/refund-policy,cs,legal-detail,yes,0,21,0,7.857142857142857,,,,,,,URL Inspection not sampled
https://www.myglobalhealth.online/czechia/cs/legal/terms-of-service,cs,legal-detail,yes,0,2,0,6,,,,,,,URL Inspection not sampled
https://www.myglobalhealth.online/czechia/cs/press,cs,standalone,yes,,,,,,,,,,,URL Inspection not sampled
https://www.myglobalhealth.online/czechia/cs/pricing,cs,standalone,yes,,,,,,,,,,,URL Inspection not sampled
https://www.myglobalhealth.online/czechia/cs/services/bolesti-pohyboveho-aparatu,cs,service,yes,1,4,0.25,45.75,,,,,,,URL Inspection not sampled
https://www.myglobalhealth.online/czechia/cs/services/cestovni-medicina-praha,cs,service,yes,4,22,0.18181818181818182,11.909090909090908,PASS,Odesláno a indexováno,2026-07-20T02:53:20Z,https://www.myglobalhealth.online/czechia/cs/services/cestovni-medicina-praha,https://www.myglobalhealth.online/czechia/cs/services/cestovni-medicina-praha,SUCCESSFUL,Inspected 2026-08-31
https://www.myglobalhealth.online/czechia/cs/services/chronicka-onemocneni,cs,service,yes,0,5,0,34.2,,,,,,,URL Inspection not sampled
https://www.myglobalhealth.online/czechia/cs/services/detsky-lekar-online,cs,service,yes,4,96,0.041666666666666664,8.71875,PASS,Odesláno a indexováno,2026-07-20T00:42:20Z,https://www.myglobalhealth.online/czechia/cs/services/detsky-lekar-online,https://www.myglobalhealth.online/czechia/cs/services/detsky-lekar-online,SUCCESSFUL,Inspected 2026-08-31
https://www.myglobalhealth.online/czechia/cs/services/doporuceni-a-vysetreni,cs,service,yes,1,22,0.045454545454545456,13.636363636363637,PASS,Odesláno a indexováno,2026-07-20T01:37:59Z,https://www.myglobalhealth.online/czechia/cs/services/doporuceni-a-vysetreni,,SUCCESSFUL,Inspected 2026-08-31
https://www.myglobalhealth.online/czechia/cs/services/druhy-nazor-praha,cs,service,yes,,,,,,,,,,,URL Inspection not sampled
https://www.myglobalhealth.online/czechia/cs/services/dusevni-zdravi-online,cs,service,yes,0,5,0,55.4,PASS,Odesláno a indexováno,2026-07-19T17:05:48Z,https://www.myglobalhealth.online/czechia/cs/services/dusevni-zdravi-online,,SUCCESSFUL,Inspected 2026-08-31
https://www.myglobalhealth.online/czechia/cs/services/kontrola-vahy-online,cs,service,yes,1,38,0.02631578947368421,25.57894736842105,,,,,,,URL Inspection not sampled
https://www.myglobalhealth.online/czechia/cs/services/kozni-konzultace-praha,cs,service,yes,1,51,0.0196078431372549,16.431372549019606,PASS,Odesláno a indexováno,2026-08-23T17:01:36Z,https://www.myglobalhealth.online/czechia/cs/services/kozni-konzultace-praha,https://www.myglobalhealth.online/czechia/cs/services/kozni-konzultace-praha,SUCCESSFUL,Inspected 2026-08-31
https://www.myglobalhealth.online/czechia/cs/services/lekar-online-praha,cs,service,yes,0,35,0,7.628571428571429,PASS,Odesláno a indexováno,2026-08-16T12:18:22Z,https://www.myglobalhealth.online/czechia/cs/services/lekar-online-praha,https://www.myglobalhealth.online/czechia/cs/services/lekar-online-praha,SUCCESSFUL,Inspected 2026-08-31
https://www.myglobalhealth.online/czechia/cs/services/muzske-zdravi-online,cs,service,yes,9,40,0.225,2.125,PASS,Odesláno a indexováno,2026-08-02T16:56:53Z,https://www.myglobalhealth.online/czechia/cs/services/muzske-zdravi-online,https://www.myglobalhealth.online/czechia/cs/services/muzske-zdravi-online,SUCCESSFUL,Inspected 2026-08-31
https://www.myglobalhealth.online/czechia/cs/services/neschopenka-online,cs,service,yes,4,43,0.09302325581395349,16.74418604651163,PASS,Odesláno a indexováno,2026-07-21T17:11:29Z,https://www.myglobalhealth.online/czechia/cs/services/neschopenka-online,,SUCCESSFUL,Inspected 2026-08-31
https://www.myglobalhealth.online/czechia/cs/services/obnoveni-lecby,cs,service,yes,5,56,0.08928571428571429,6.821428571428571,PASS,Odesláno a indexováno,2026-07-19T22:35:56Z,https://www.myglobalhealth.online/czechia/cs/services/obnoveni-lecby,https://www.myglobalhealth.online/czechia/cs/services/obnoveni-lecby,SUCCESSFUL,Inspected 2026-08-31
https://www.myglobalhealth.online/czechia/cs/services/vypadavani-vlasu-online,cs,service,yes,0,5,0,59.8,,,,,,,URL Inspection not sampled
https://www.myglobalhealth.online/czechia/cs/services/zenske-zdravi-online,cs,service,yes,,,,,NEUTRAL,Objeveno – momentálně neindexováno,,,,PAGE_FETCH_STATE_UNSPECIFIED,Inspected 2026-08-31
https://www.myglobalhealth.online/czechia/cs/tools/adhd-test,cs,tool,yes,12,313,0.038338658146964855,10.79552715654952,PASS,Odesláno a indexováno,2026-08-30T07:48:47Z,https://www.myglobalhealth.online/czechia/cs/tools/adhd-test,https://www.myglobalhealth.online/czechia/cs/tools/adhd-test,SUCCESSFUL,Inspected 2026-08-31
https://www.myglobalhealth.online/czechia/cs/tools/blood-pressure-chart,cs,tool,yes,11,681,0.016152716593245228,10.348017621145374,PASS,Odesláno a indexováno,2026-08-30T20:12:21Z,https://www.myglobalhealth.online/czechia/cs/tools/blood-pressure-chart,https://www.myglobalhealth.online/czechia/cs/tools/blood-pressure-chart,SUCCESSFUL,Inspected 2026-08-31
https://www.myglobalhealth.online/czechia/cs/tools/bmi-calculator,cs,tool,yes,0,618,0,34.62459546925567,PASS,Odesláno a indexováno,2026-08-25T19:39:19Z,https://www.myglobalhealth.online/czechia/cs/tools/bmi-calculator,https://www.myglobalhealth.online/czechia/cs/tools/bmi-calculator,SUCCESSFUL,Inspected 2026-08-31
https://www.myglobalhealth.online/czechia/cs/tools/calorie-calculator,cs,tool,yes,3,899,0.0033370411568409346,12.025583982202447,PASS,Odesláno a indexováno,2026-08-07T23:43:30Z,https://www.myglobalhealth.online/czechia/cs/tools/calorie-calculator,https://www.myglobalhealth.online/czechia/cs/tools/calorie-calculator,SUCCESSFUL,Inspected 2026-08-31
https://www.myglobalhealth.online/czechia/cs/tools/due-date-calculator,cs,tool,yes,0,366,0,38.18852459016394,PASS,Odesláno a indexováno,2026-08-30T15:21:42Z,https://www.myglobalhealth.online/czechia/cs/tools/due-date-calculator,https://www.myglobalhealth.online/czechia/cs/tools/due-date-calculator,SUCCESSFUL,Inspected 2026-08-31
https://www.myglobalhealth.online/czechia/cs/tools/osteoporosis-risk-checker,cs,tool,yes,0,4,0,7.5,PASS,Odesláno a indexováno,2026-08-10T08:16:57Z,https://www.myglobalhealth.online/czechia/cs/tools/osteoporosis-risk-checker,https://www.myglobalhealth.online/czechia/cs/tools/osteoporosis-risk-checker,SUCCESSFUL,Inspected 2026-08-31
https://www.myglobalhealth.online/czechia/cs/tools/ovulation-calculator,cs,tool,yes,3,266,0.011278195488721804,35.81954887218045,PASS,Odesláno a indexováno,2026-08-05T21:50:17Z,https://www.myglobalhealth.online/czechia/cs/tools/ovulation-calculator,https://www.myglobalhealth.online/czechia/cs/tools/ovulation-calculator,SUCCESSFUL,Inspected 2026-08-31
https://www.myglobalhealth.online/czechia/de,de,home,yes,2,43,0.046511627906976744,10.511627906976743,,,,,,,URL Inspection not sampled
https://www.myglobalhealth.online/czechia/de/about,de,standalone,yes,,,,,,,,,,,URL Inspection not sampled
https://www.myglobalhealth.online/czechia/de/blog,de,blog-hub,yes,,,,,,,,,,,URL Inspection not sampled
https://www.myglobalhealth.online/czechia/de/blog/arzt-online-tschechien-was-moeglich-ist,de,blog-post,yes,0,7,0,5.285714285714286,,,,,,,URL Inspection not sampled
https://www.myglobalhealth.online/czechia/de/blog/diabetes-die-stille-krankheit-2,de,blog-post,yes,,,,,,,,,,,URL Inspection not sampled
https://www.myglobalhealth.online/czechia/de/blog/krankengeld-tschechien-berechnung-2026-arbeitgeber-cssz,de,blog-post,yes,,,,,,,,,,,URL Inspection not sampled
https://www.myglobalhealth.online/czechia/de/blog/neschopenka-krankschreibung-in-tschechien,de,blog-post,yes,2,73,0.0273972602739726,4.178082191780822,,,,,,,URL Inspection not sampled
https://www.myglobalhealth.online/czechia/de/book,de,standalone,yes,0,2,0,8.5,,,,,,,URL Inspection not sampled
https://www.myglobalhealth.online/czechia/de/careers,de,standalone,yes,,,,,,,,,,,URL Inspection not sampled
https://www.myglobalhealth.online/czechia/de/contact,de,standalone,yes,,,,,,,,,,,URL Inspection not sampled
https://www.myglobalhealth.online/czechia/de/doctors,de,doctor-directory,yes,,,,,,,,,,,URL Inspection not sampled
https://www.myglobalhealth.online/czechia/de/doctors/dr-ahmed-maklad,de,doctor-profile,yes,,,,,,,,,,,URL Inspection not sampled
https://www.myglobalhealth.online/czechia/de/doctors/khoiamul-islam,de,doctor-profile,yes,0,1,0,10,,,,,,,URL Inspection not sampled
https://www.myglobalhealth.online/czechia/de/doctors/mudr-romana-pavlu,de,doctor-profile,yes,,,,,,,,,,,URL Inspection not sampled
https://www.myglobalhealth.online/czechia/de/doctors/mudr-vojtech-cerny,de,doctor-profile,yes,,,,,,,,,,,URL Inspection not sampled
https://www.myglobalhealth.online/czechia/de/doctors/mudr-yasmin-holz,de,doctor-profile,yes,,,,,,,,,,,URL Inspection not sampled
https://www.myglobalhealth.online/czechia/de/gp-consultation-online,de,gp-hub,yes,1,14,0.07142857142857142,7.214285714285714,,,,,,,URL Inspection not sampled
https://www.myglobalhealth.online/czechia/de/legal,de,legal-hub,yes,,,,,,,,,,,URL Inspection not sampled
https://www.myglobalhealth.online/czechia/de/legal/complaints-procedure,de,legal-detail,yes,,,,,,,,,,,URL Inspection not sampled
https://www.myglobalhealth.online/czechia/de/legal/privacy-policy,de,legal-detail,yes,,,,,,,,,,,URL Inspection not sampled
https://www.myglobalhealth.online/czechia/de/legal/refund-policy,de,legal-detail,yes,0,6,0,6.5,,,,,,,URL Inspection not sampled
https://www.myglobalhealth.online/czechia/de/legal/terms-of-service,de,legal-detail,yes,0,2,0,8,,,,,,,URL Inspection not sampled
https://www.myglobalhealth.online/czechia/de/press,de,standalone,yes,,,,,,,,,,,URL Inspection not sampled
https://www.myglobalhealth.online/czechia/de/pricing,de,standalone,yes,,,,,,,,,,,URL Inspection not sampled
https://www.myglobalhealth.online/czechia/de/services/bolesti-pohyboveho-aparatu,de,service,yes,,,,,,,,,,,URL Inspection not sampled
https://www.myglobalhealth.online/czechia/de/services/cestovni-medicina-praha,de,service,yes,0,7,0,37.57142857142857,,,,,,,URL Inspection not sampled
https://www.myglobalhealth.online/czechia/de/services/chronicka-onemocneni,de,service,yes,,,,,,,,,,,URL Inspection not sampled
https://www.myglobalhealth.online/czechia/de/services/detsky-lekar-online,de,service,yes,0,7,0,8.142857142857142,,,,,,,URL Inspection not sampled
https://www.myglobalhealth.online/czechia/de/services/doporuceni-a-vysetreni,de,service,yes,0,9,0,9.444444444444445,,,,,,,URL Inspection not sampled
https://www.myglobalhealth.online/czechia/de/services/druhy-nazor-praha,de,service,yes,0,3,0,96.33333333333333,,,,,,,URL Inspection not sampled
https://www.myglobalhealth.online/czechia/de/services/dusevni-zdravi-online,de,service,yes,0,2,0,9,,,,,,,URL Inspection not sampled
https://www.myglobalhealth.online/czechia/de/services/kontrola-vahy-online,de,service,yes,,,,,,,,,,,URL Inspection not sampled
https://www.myglobalhealth.online/czechia/de/services/kozni-konzultace-praha,de,service,yes,0,3,0,7.333333333333333,,,,,,,URL Inspection not sampled
https://www.myglobalhealth.online/czechia/de/services/lekar-online-praha,de,service,yes,,,,,,,,,,,URL Inspection not sampled
https://www.myglobalhealth.online/czechia/de/services/muzske-zdravi-online,de,service,yes,0,2,0,9,,,,,,,URL Inspection not sampled
https://www.myglobalhealth.online/czechia/de/services/neschopenka-online,de,service,yes,0,11,0,5.363636363636363,,,,,,,URL Inspection not sampled
https://www.myglobalhealth.online/czechia/de/services/obnoveni-lecby,de,service,yes,,,,,,,,,,,URL Inspection not sampled
https://www.myglobalhealth.online/czechia/de/services/vypadavani-vlasu-online,de,service,yes,0,8,0,25,,,,,,,URL Inspection not sampled
https://www.myglobalhealth.online/czechia/de/services/zenske-zdravi-online,de,service,yes,0,5,0,19,,,,,,,URL Inspection not sampled
https://www.myglobalhealth.online/czechia/de/tools/adhd-test,de,tool,yes,0,1,0,1,,,,,,,URL Inspection not sampled
https://www.myglobalhealth.online/czechia/de/tools/blood-pressure-chart,de,tool,yes,0,8,0,9.75,,,,,,,URL Inspection not sampled
https://www.myglobalhealth.online/czechia/de/tools/bmi-calculator,de,tool,yes,0,2,0,6.5,,,,,,,URL Inspection not sampled
https://www.myglobalhealth.online/czechia/de/tools/calorie-calculator,de,tool,yes,0,3,0,5,,,,,,,URL Inspection not sampled
https://www.myglobalhealth.online/czechia/de/tools/due-date-calculator,de,tool,yes,,,,,,,,,,,URL Inspection not sampled
https://www.myglobalhealth.online/czechia/de/tools/osteoporosis-risk-checker,de,tool,yes,,,,,,,,,,,URL Inspection not sampled
https://www.myglobalhealth.online/czechia/de/tools/ovulation-calculator,de,tool,yes,0,1,0,65,,,,,,,URL Inspection not sampled
https://www.myglobalhealth.online/czechia/en,en,home,yes,8,193,0.04145077720207254,11.487046632124352,,,,,,,URL Inspection not sampled
https://www.myglobalhealth.online/czechia/en/about,en,standalone,yes,0,29,0,5.931034482758621,,,,,,,URL Inspection not sampled
https://www.myglobalhealth.online/czechia/en/blog,en,blog-hub,yes,0,8,0,32.625,,,,,,,URL Inspection not sampled
https://www.myglobalhealth.online/czechia/en/blog/czech-sick-pay-calculation-2026-employer-cssz,en,blog-post,yes,,,,,,,,,,,URL Inspection not sampled
https://www.myglobalhealth.online/czechia/en/blog/diabetes-the-silent-disease-3,en,blog-post,yes,0,4,0,5.5,,,,,,,URL Inspection not sampled
https://www.myglobalhealth.online/czechia/en/blog/neschopenka-czech-sick-note-explained,en,blog-post,yes,3,506,0.005928853754940711,5.264822134387352,,,,,,,URL Inspection not sampled
https://www.myglobalhealth.online/czechia/en/blog/online-doctor-czechia-what-it-solves,en,blog-post,yes,1,16,0.0625,11.3125,,,,,,,URL Inspection not sampled
https://www.myglobalhealth.online/czechia/en/book,en,standalone,yes,0,4,0,11.75,,,,,,,URL Inspection not sampled
https://www.myglobalhealth.online/czechia/en/careers,en,standalone,yes,,,,,,,,,,,URL Inspection not sampled
https://www.myglobalhealth.online/czechia/en/contact,en,standalone,yes,1,16,0.0625,10.5625,,,,,,,URL Inspection not sampled
https://www.myglobalhealth.online/czechia/en/doctors,en,doctor-directory,yes,0,14,0,9.571428571428571,,,,,,,URL Inspection not sampled
https://www.myglobalhealth.online/czechia/en/doctors/dr-ahmed-maklad,en,doctor-profile,yes,0,8,0,9.125,,,,,,,URL Inspection not sampled
https://www.myglobalhealth.online/czechia/en/doctors/khoiamul-islam,en,doctor-profile,yes,,,,,,,,,,,URL Inspection not sampled
https://www.myglobalhealth.online/czechia/en/doctors/mudr-romana-pavlu,en,doctor-profile,yes,,,,,,,,,,,URL Inspection not sampled
https://www.myglobalhealth.online/czechia/en/doctors/mudr-vojtech-cerny,en,doctor-profile,yes,,,,,,,,,,,URL Inspection not sampled
https://www.myglobalhealth.online/czechia/en/doctors/mudr-yasmin-holz,en,doctor-profile,yes,,,,,,,,,,,URL Inspection not sampled
https://www.myglobalhealth.online/czechia/en/faq,en,standalone,yes,0,11,0,9.727272727272727,,,,,,,URL Inspection not sampled
https://www.myglobalhealth.online/czechia/en/gp-consultation-online,en,gp-hub,yes,,,,,,,,,,,URL Inspection not sampled
https://www.myglobalhealth.online/czechia/en/legal,en,legal-hub,yes,1,11,0.09090909090909091,23.90909090909091,,,,,,,URL Inspection not sampled
https://www.myglobalhealth.online/czechia/en/legal/complaints-procedure,en,legal-detail,yes,0,19,0,9.578947368421053,,,,,,,URL Inspection not sampled
https://www.myglobalhealth.online/czechia/en/legal/cookie-policy,en,legal-detail,yes,,,,,,,,,,,URL Inspection not sampled
https://www.myglobalhealth.online/czechia/en/legal/medical-disclaimer,en,legal-detail,yes,0,9,0,9,,,,,,,URL Inspection not sampled
https://www.myglobalhealth.online/czechia/en/legal/privacy-policy,en,legal-detail,yes,0,4,0,52.75,,,,,,,URL Inspection not sampled
https://www.myglobalhealth.online/czechia/en/legal/refund-policy,en,legal-detail,yes,,,,,,,,,,,URL Inspection not sampled
https://www.myglobalhealth.online/czechia/en/legal/terms-of-service,en,legal-detail,yes,0,25,0,10,,,,,,,URL Inspection not sampled
https://www.myglobalhealth.online/czechia/en/press,en,standalone,yes,,,,,,,,,,,URL Inspection not sampled
https://www.myglobalhealth.online/czechia/en/pricing,en,standalone,yes,0,7,0,11,,,,,,,URL Inspection not sampled
https://www.myglobalhealth.online/czechia/en/services/bolesti-pohyboveho-aparatu,en,service,yes,0,2,0,4,,,,,,,URL Inspection not sampled
https://www.myglobalhealth.online/czechia/en/services/cestovni-medicina-praha,en,service,yes,0,6,0,5.833333333333333,,,,,,,URL Inspection not sampled
https://www.myglobalhealth.online/czechia/en/services/chronicka-onemocneni,en,service,yes,0,4,0,4.75,,,,,,,URL Inspection not sampled
https://www.myglobalhealth.online/czechia/en/services/detsky-lekar-online,en,service,yes,0,14,0,6.785714285714286,,,,,,,URL Inspection not sampled
https://www.myglobalhealth.online/czechia/en/services/doporuceni-a-vysetreni,en,service,yes,0,11,0,10.636363636363637,,,,,,,URL Inspection not sampled
https://www.myglobalhealth.online/czechia/en/services/druhy-nazor-praha,en,service,yes,,,,,,,,,,,URL Inspection not sampled
https://www.myglobalhealth.online/czechia/en/services/dusevni-zdravi-online,en,service,yes,0,50,0,7.24,,,,,,,URL Inspection not sampled
https://www.myglobalhealth.online/czechia/en/services/kontrola-vahy-online,en,service,yes,0,2,0,3,,,,,,,URL Inspection not sampled
https://www.myglobalhealth.online/czechia/en/services/kozni-konzultace-praha,en,service,yes,0,14,0,8.571428571428571,,,,,,,URL Inspection not sampled
https://www.myglobalhealth.online/czechia/en/services/lekar-online-praha,en,service,yes,13,124,0.10483870967741936,5.435483870967742,,,,,,,URL Inspection not sampled
https://www.myglobalhealth.online/czechia/en/services/muzske-zdravi-online,en,service,yes,,,,,,,,,,,URL Inspection not sampled
https://www.myglobalhealth.online/czechia/en/services/neschopenka-online,en,service,yes,2,45,0.044444444444444446,4.5777777777777775,,,,,,,URL Inspection not sampled
https://www.myglobalhealth.online/czechia/en/services/obnoveni-lecby,en,service,yes,0,18,0,7.888888888888889,,,,,,,URL Inspection not sampled
https://www.myglobalhealth.online/czechia/en/services/vypadavani-vlasu-online,en,service,yes,0,1,0,3,,,,,,,URL Inspection not sampled
https://www.myglobalhealth.online/czechia/en/services/zenske-zdravi-online,en,service,yes,2,13,0.15384615384615385,5.230769230769231,,,,,,,URL Inspection not sampled
https://www.myglobalhealth.online/czechia/en/tools/adhd-test,en,tool,yes,0,8,0,68.375,,,,,,,URL Inspection not sampled
https://www.myglobalhealth.online/czechia/en/tools/blood-pressure-chart,en,tool,yes,1,50,0.02,6.6,,,,,,,URL Inspection not sampled
https://www.myglobalhealth.online/czechia/en/tools/bmi-calculator,en,tool,yes,1,26,0.038461538461538464,31.846153846153847,,,,,,,URL Inspection not sampled
https://www.myglobalhealth.online/czechia/en/tools/calorie-calculator,en,tool,yes,0,3,0,16.333333333333336,,,,,,,URL Inspection not sampled
https://www.myglobalhealth.online/czechia/en/tools/due-date-calculator,en,tool,yes,0,1,0,12,,,,,,,URL Inspection not sampled
https://www.myglobalhealth.online/czechia/en/tools/osteoporosis-risk-checker,en,tool,yes,0,52,0,68.53846153846153,,,,,,,URL Inspection not sampled
https://www.myglobalhealth.online/czechia/en/tools/ovulation-calculator,en,tool,yes,0,3,0,48.666666666666664,,,,,,,URL Inspection not sampled
https://www.myglobalhealth.online/czechia/es,es,home,yes,0,40,0,36.575,,,,,,,URL Inspection not sampled
https://www.myglobalhealth.online/czechia/es/about,es,standalone,yes,0,3,0,32.66666666666667,,,,,,,URL Inspection not sampled
https://www.myglobalhealth.online/czechia/es/blog,es,blog-hub,yes,0,3,0,24.333333333333332,,,,,,,URL Inspection not sampled
https://www.myglobalhealth.online/czechia/es/blog/calculo-de-la-baja-medica-en-chequia-2026-empleador-vs-cssz,es,blog-post,yes,,,,,,,,,,,URL Inspection not sampled
https://www.myglobalhealth.online/czechia/es/blog/diabetes-la-enfermedad-silenciosa-2,es,blog-post,yes,,,,,,,,,,,URL Inspection not sampled
https://www.myglobalhealth.online/czechia/es/blog/medico-online-chequia-que-resuelve,es,blog-post,yes,0,1,0,5,,,,,,,URL Inspection not sampled
https://www.myglobalhealth.online/czechia/es/blog/neschopenka-baja-medica-en-chequia,es,blog-post,yes,0,5,0,5.8,,,,,,,URL Inspection not sampled
https://www.myglobalhealth.online/czechia/es/book,es,standalone,yes,,,,,,,,,,,URL Inspection not sampled
https://www.myglobalhealth.online/czechia/es/careers,es,standalone,yes,,,,,,,,,,,URL Inspection not sampled
https://www.myglobalhealth.online/czechia/es/contact,es,standalone,yes,1,3,0.3333333333333333,6.666666666666667,,,,,,,URL Inspection not sampled
https://www.myglobalhealth.online/czechia/es/doctors,es,doctor-directory,yes,0,5,0,8,,,,,,,URL Inspection not sampled
https://www.myglobalhealth.online/czechia/es/doctors/dr-ahmed-maklad,es,doctor-profile,yes,,,,,,,,,,,URL Inspection not sampled
https://www.myglobalhealth.online/czechia/es/doctors/khoiamul-islam,es,doctor-profile,yes,0,1,0,3,,,,,,,URL Inspection not sampled
https://www.myglobalhealth.online/czechia/es/doctors/mudr-romana-pavlu,es,doctor-profile,yes,,,,,,,,,,,URL Inspection not sampled
https://www.myglobalhealth.online/czechia/es/doctors/mudr-vojtech-cerny,es,doctor-profile,yes,,,,,,,,,,,URL Inspection not sampled
https://www.myglobalhealth.online/czechia/es/doctors/mudr-yasmin-holz,es,doctor-profile,yes,,,,,,,,,,,URL Inspection not sampled
https://www.myglobalhealth.online/czechia/es/gp-consultation-online,es,gp-hub,yes,0,3,0,7.333333333333333,,,,,,,URL Inspection not sampled
https://www.myglobalhealth.online/czechia/es/legal,es,legal-hub,yes,,,,,,,,,,,URL Inspection not sampled
https://www.myglobalhealth.online/czechia/es/legal/complaints-procedure,es,legal-detail,yes,0,5,0,11.4,,,,,,,URL Inspection not sampled
https://www.myglobalhealth.online/czechia/es/legal/privacy-policy,es,legal-detail,yes,,,,,,,,,,,URL Inspection not sampled
https://www.myglobalhealth.online/czechia/es/legal/refund-policy,es,legal-detail,yes,,,,,,,,,,,URL Inspection not sampled
https://www.myglobalhealth.online/czechia/es/legal/terms-of-service,es,legal-detail,yes,,,,,,,,,,,URL Inspection not sampled
https://www.myglobalhealth.online/czechia/es/press,es,standalone,yes,,,,,,,,,,,URL Inspection not sampled
https://www.myglobalhealth.online/czechia/es/pricing,es,standalone,yes,,,,,,,,,,,URL Inspection not sampled
https://www.myglobalhealth.online/czechia/es/services/bolesti-pohyboveho-aparatu,es,service,yes,0,3,0,67,,,,,,,URL Inspection not sampled
https://www.myglobalhealth.online/czechia/es/services/cestovni-medicina-praha,es,service,yes,0,3,0,3.6666666666666665,,,,,,,URL Inspection not sampled
https://www.myglobalhealth.online/czechia/es/services/chronicka-onemocneni,es,service,yes,,,,,,,,,,,URL Inspection not sampled
https://www.myglobalhealth.online/czechia/es/services/detsky-lekar-online,es,service,yes,0,2,0,15,,,,,,,URL Inspection not sampled
https://www.myglobalhealth.online/czechia/es/services/doporuceni-a-vysetreni,es,service,yes,0,3,0,3.6666666666666665,,,,,,,URL Inspection not sampled
https://www.myglobalhealth.online/czechia/es/services/druhy-nazor-praha,es,service,yes,0,2,0,16,,,,,,,URL Inspection not sampled
https://www.myglobalhealth.online/czechia/es/services/dusevni-zdravi-online,es,service,yes,0,1,0,2,,,,,,,URL Inspection not sampled
https://www.myglobalhealth.online/czechia/es/services/kontrola-vahy-online,es,service,yes,,,,,,,,,,,URL Inspection not sampled
https://www.myglobalhealth.online/czechia/es/services/kozni-konzultace-praha,es,service,yes,,,,,,,,,,,URL Inspection not sampled
https://www.myglobalhealth.online/czechia/es/services/lekar-online-praha,es,service,yes,0,3,0,4.333333333333334,,,,,,,URL Inspection not sampled
https://www.myglobalhealth.online/czechia/es/services/muzske-zdravi-online,es,service,yes,,,,,,,,,,,URL Inspection not sampled
https://www.myglobalhealth.online/czechia/es/services/neschopenka-online,es,service,yes,0,3,0,4.333333333333334,,,,,,,URL Inspection not sampled
https://www.myglobalhealth.online/czechia/es/services/obnoveni-lecby,es,service,yes,0,2,0,1,,,,,,,URL Inspection not sampled
https://www.myglobalhealth.online/czechia/es/services/vypadavani-vlasu-online,es,service,yes,0,3,0,55.666666666666664,,,,,,,URL Inspection not sampled
https://www.myglobalhealth.online/czechia/es/services/zenske-zdravi-online,es,service,yes,,,,,,,,,,,URL Inspection not sampled
https://www.myglobalhealth.online/czechia/es/tools/adhd-test,es,tool,yes,,,,,,,,,,,URL Inspection not sampled
https://www.myglobalhealth.online/czechia/es/tools/blood-pressure-chart,es,tool,yes,0,18,0,8.722222222222221,,,,,,,URL Inspection not sampled
https://www.myglobalhealth.online/czechia/es/tools/bmi-calculator,es,tool,yes,,,,,,,,,,,URL Inspection not sampled
https://www.myglobalhealth.online/czechia/es/tools/calorie-calculator,es,tool,yes,0,6,0,9.333333333333334,,,,,,,URL Inspection not sampled
https://www.myglobalhealth.online/czechia/es/tools/due-date-calculator,es,tool,yes,0,1,0,9,,,,,,,URL Inspection not sampled
https://www.myglobalhealth.online/czechia/es/tools/osteoporosis-risk-checker,es,tool,yes,,,,,,,,,,,URL Inspection not sampled
https://www.myglobalhealth.online/czechia/es/tools/ovulation-calculator,es,tool,yes,,,,,,,,,,,URL Inspection not sampled
https://www.myglobalhealth.online/czechia/pt,pt,home,yes,0,14,0,6.142857142857143,,,,,,,URL Inspection not sampled
https://www.myglobalhealth.online/czechia/pt/about,pt,standalone,yes,0,3,0,6,,,,,,,URL Inspection not sampled
https://www.myglobalhealth.online/czechia/pt/blog,pt,blog-hub,yes,,,,,,,,,,,URL Inspection not sampled
https://www.myglobalhealth.online/czechia/pt/blog/calculo-da-baixa-medica-na-chequia-2026-empregador-vs-cssz,pt,blog-post,yes,,,,,,,,,,,URL Inspection not sampled
https://www.myglobalhealth.online/czechia/pt/blog/diabetes-a-doenca-silenciosa-3,pt,blog-post,yes,,,,,,,,,,,URL Inspection not sampled
https://www.myglobalhealth.online/czechia/pt/blog/medico-online-chequia-o-que-resolve,pt,blog-post,yes,0,3,0,6.333333333333333,,,,,,,URL Inspection not sampled
https://www.myglobalhealth.online/czechia/pt/blog/neschopenka-baixa-medica-na-chequia,pt,blog-post,yes,0,3,0,6,,,,,,,URL Inspection not sampled
https://www.myglobalhealth.online/czechia/pt/book,pt,standalone,yes,,,,,,,,,,,URL Inspection not sampled
https://www.myglobalhealth.online/czechia/pt/careers,pt,standalone,yes,,,,,,,,,,,URL Inspection not sampled
https://www.myglobalhealth.online/czechia/pt/contact,pt,standalone,yes,0,2,0,5.5,,,,,,,URL Inspection not sampled
https://www.myglobalhealth.online/czechia/pt/doctors,pt,doctor-directory,yes,0,4,0,6.5,,,,,,,URL Inspection not sampled
https://www.myglobalhealth.online/czechia/pt/doctors/dr-ahmed-maklad,pt,doctor-profile,yes,0,6,0,4.833333333333334,,,,,,,URL Inspection not sampled
https://www.myglobalhealth.online/czechia/pt/doctors/khoiamul-islam,pt,doctor-profile,yes,,,,,,,,,,,URL Inspection not sampled
https://www.myglobalhealth.online/czechia/pt/doctors/mudr-romana-pavlu,pt,doctor-profile,yes,,,,,,,,,,,URL Inspection not sampled
https://www.myglobalhealth.online/czechia/pt/doctors/mudr-vojtech-cerny,pt,doctor-profile,yes,,,,,,,,,,,URL Inspection not sampled
https://www.myglobalhealth.online/czechia/pt/doctors/mudr-yasmin-holz,pt,doctor-profile,yes,,,,,,,,,,,URL Inspection not sampled
https://www.myglobalhealth.online/czechia/pt/gp-consultation-online,pt,gp-hub,yes,0,2,0,47.5,,,,,,,URL Inspection not sampled
https://www.myglobalhealth.online/czechia/pt/legal,pt,legal-hub,yes,,,,,,,,,,,URL Inspection not sampled
https://www.myglobalhealth.online/czechia/pt/legal/complaints-procedure,pt,legal-detail,yes,0,4,0,16.5,,,,,,,URL Inspection not sampled
https://www.myglobalhealth.online/czechia/pt/legal/privacy-policy,pt,legal-detail,yes,0,1,0,2,,,,,,,URL Inspection not sampled
https://www.myglobalhealth.online/czechia/pt/legal/refund-policy,pt,legal-detail,yes,,,,,,,,,,,URL Inspection not sampled
https://www.myglobalhealth.online/czechia/pt/legal/terms-of-service,pt,legal-detail,yes,,,,,,,,,,,URL Inspection not sampled
https://www.myglobalhealth.online/czechia/pt/press,pt,standalone,yes,,,,,,,,,,,URL Inspection not sampled
https://www.myglobalhealth.online/czechia/pt/pricing,pt,standalone,yes,,,,,,,,,,,URL Inspection not sampled
https://www.myglobalhealth.online/czechia/pt/services/bolesti-pohyboveho-aparatu,pt,service,yes,0,1,0,220,,,,,,,URL Inspection not sampled
https://www.myglobalhealth.online/czechia/pt/services/cestovni-medicina-praha,pt,service,yes,0,12,0,19.416666666666668,,,,,,,URL Inspection not sampled
https://www.myglobalhealth.online/czechia/pt/services/chronicka-onemocneni,pt,service,yes,,,,,,,,,,,URL Inspection not sampled
https://www.myglobalhealth.online/czechia/pt/services/detsky-lekar-online,pt,service,yes,0,4,0,10,,,,,,,URL Inspection not sampled
https://www.myglobalhealth.online/czechia/pt/services/doporuceni-a-vysetreni,pt,service,yes,0,4,0,7,,,,,,,URL Inspection not sampled
https://www.myglobalhealth.online/czechia/pt/services/druhy-nazor-praha,pt,service,yes,0,1,0,11,,,,,,,URL Inspection not sampled
https://www.myglobalhealth.online/czechia/pt/services/dusevni-zdravi-online,pt,service,yes,0,2,0,68.5,,,,,,,URL Inspection not sampled
https://www.myglobalhealth.online/czechia/pt/services/kontrola-vahy-online,pt,service,yes,0,2,0,9.5,,,,,,,URL Inspection not sampled
https://www.myglobalhealth.online/czechia/pt/services/kozni-konzultace-praha,pt,service,yes,,,,,,,,,,,URL Inspection not sampled
https://www.myglobalhealth.online/czechia/pt/services/lekar-online-praha,pt,service,yes,0,4,0,9.75,,,,,,,URL Inspection not sampled
https://www.myglobalhealth.online/czechia/pt/services/muzske-zdravi-online,pt,service,yes,0,1,0,9,,,,,,,URL Inspection not sampled
https://www.myglobalhealth.online/czechia/pt/services/neschopenka-online,pt,service,yes,,,,,,,,,,,URL Inspection not sampled
https://www.myglobalhealth.online/czechia/pt/services/obnoveni-lecby,pt,service,yes,,,,,,,,,,,URL Inspection not sampled
https://www.myglobalhealth.online/czechia/pt/services/vypadavani-vlasu-online,pt,service,yes,,,,,,,,,,,URL Inspection not sampled
https://www.myglobalhealth.online/czechia/pt/services/zenske-zdravi-online,pt,service,yes,0,2,0,23.5,,,,,,,URL Inspection not sampled
https://www.myglobalhealth.online/czechia/pt/tools/adhd-test,pt,tool,yes,0,5,0,9,,,,,,,URL Inspection not sampled
https://www.myglobalhealth.online/czechia/pt/tools/blood-pressure-chart,pt,tool,yes,0,5,0,6.2,,,,,,,URL Inspection not sampled
https://www.myglobalhealth.online/czechia/pt/tools/bmi-calculator,pt,tool,yes,,,,,,,,,,,URL Inspection not sampled
https://www.myglobalhealth.online/czechia/pt/tools/calorie-calculator,pt,tool,yes,0,4,0,10.5,,,,,,,URL Inspection not sampled
https://www.myglobalhealth.online/czechia/pt/tools/due-date-calculator,pt,tool,yes,0,1,0,11,,,,,,,URL Inspection not sampled
https://www.myglobalhealth.online/czechia/pt/tools/osteoporosis-risk-checker,pt,tool,yes,0,2,0,6,,,,,,,URL Inspection not sampled
https://www.myglobalhealth.online/czechia/pt/tools/ovulation-calculator,pt,tool,yes,,,,,,,,,,,URL Inspection not sampled
https://www.myglobalhealth.online/czechia/ro,ro,home,yes,,,,,,,,,,,URL Inspection not sampled
https://www.myglobalhealth.online/czechia/ro/about,ro,standalone,yes,,,,,,,,,,,URL Inspection not sampled
https://www.myglobalhealth.online/czechia/ro/blog,ro,blog-hub,yes,0,1,0,60,,,,,,,URL Inspection not sampled
https://www.myglobalhealth.online/czechia/ro/blog/calculul-indemnizatiei-de-boala-in-cehia-2026-angajator-vs-cssz,ro,blog-post,yes,,,,,,,,,,,URL Inspection not sampled
https://www.myglobalhealth.online/czechia/ro/blog/diabetul-boala-tacuta-3,ro,blog-post,yes,,,,,,,,,,,URL Inspection not sampled
https://www.myglobalhealth.online/czechia/ro/blog/medic-online-cehia-ce-rezolva,ro,blog-post,yes,0,4,0,25.5,,,,,,,URL Inspection not sampled
https://www.myglobalhealth.online/czechia/ro/blog/neschopenka-concediu-medical-in-cehia,ro,blog-post,yes,0,4,0,6.25,,,,,,,URL Inspection not sampled
https://www.myglobalhealth.online/czechia/ro/book,ro,standalone,yes,,,,,,,,,,,URL Inspection not sampled
https://www.myglobalhealth.online/czechia/ro/careers,ro,standalone,yes,,,,,,,,,,,URL Inspection not sampled
https://www.myglobalhealth.online/czechia/ro/contact,ro,standalone,yes,0,2,0,6,,,,,,,URL Inspection not sampled
https://www.myglobalhealth.online/czechia/ro/doctors,ro,doctor-directory,yes,0,1,0,4,,,,,,,URL Inspection not sampled
https://www.myglobalhealth.online/czechia/ro/doctors/dr-ahmed-maklad,ro,doctor-profile,yes,,,,,,,,,,,URL Inspection not sampled
https://www.myglobalhealth.online/czechia/ro/doctors/khoiamul-islam,ro,doctor-profile,yes,1,7,0.14285714285714285,23.285714285714285,,,,,,,URL Inspection not sampled
https://www.myglobalhealth.online/czechia/ro/doctors/mudr-romana-pavlu,ro,doctor-profile,yes,,,,,,,,,,,URL Inspection not sampled
https://www.myglobalhealth.online/czechia/ro/doctors/mudr-vojtech-cerny,ro,doctor-profile,yes,,,,,,,,,,,URL Inspection not sampled
https://www.myglobalhealth.online/czechia/ro/doctors/mudr-yasmin-holz,ro,doctor-profile,yes,,,,,,,,,,,URL Inspection not sampled
https://www.myglobalhealth.online/czechia/ro/gp-consultation-online,ro,gp-hub,yes,0,2,0,1,,,,,,,URL Inspection not sampled
https://www.myglobalhealth.online/czechia/ro/legal,ro,legal-hub,yes,0,1,0,54,,,,,,,URL Inspection not sampled
https://www.myglobalhealth.online/czechia/ro/legal/complaints-procedure,ro,legal-detail,yes,,,,,,,,,,,URL Inspection not sampled
https://www.myglobalhealth.online/czechia/ro/legal/privacy-policy,ro,legal-detail,yes,0,2,0,4.5,,,,,,,URL Inspection not sampled
https://www.myglobalhealth.online/czechia/ro/legal/refund-policy,ro,legal-detail,yes,,,,,,,,,,,URL Inspection not sampled
https://www.myglobalhealth.online/czechia/ro/legal/terms-of-service,ro,legal-detail,yes,0,1,0,18,,,,,,,URL Inspection not sampled
https://www.myglobalhealth.online/czechia/ro/press,ro,standalone,yes,,,,,,,,,,,URL Inspection not sampled
https://www.myglobalhealth.online/czechia/ro/pricing,ro,standalone,yes,,,,,,,,,,,URL Inspection not sampled
https://www.myglobalhealth.online/czechia/ro/services/bolesti-pohyboveho-aparatu,ro,service,yes,0,1,0,8,,,,,,,URL Inspection not sampled
https://www.myglobalhealth.online/czechia/ro/services/cestovni-medicina-praha,ro,service,yes,0,2,0,4.5,,,,,,,URL Inspection not sampled
https://www.myglobalhealth.online/czechia/ro/services/chronicka-onemocneni,ro,service,yes,,,,,,,,,,,URL Inspection not sampled
https://www.myglobalhealth.online/czechia/ro/services/detsky-lekar-online,ro,service,yes,0,2,0,8,,,,,,,URL Inspection not sampled
https://www.myglobalhealth.online/czechia/ro/services/doporuceni-a-vysetreni,ro,service,yes,0,2,0,9,,,,,,,URL Inspection not sampled
https://www.myglobalhealth.online/czechia/ro/services/druhy-nazor-praha,ro,service,yes,,,,,,,,,,,URL Inspection not sampled
https://www.myglobalhealth.online/czechia/ro/services/dusevni-zdravi-online,ro,service,yes,0,1,0,7,,,,,,,URL Inspection not sampled
https://www.myglobalhealth.online/czechia/ro/services/kontrola-vahy-online,ro,service,yes,,,,,,,,,,,URL Inspection not sampled
https://www.myglobalhealth.online/czechia/ro/services/kozni-konzultace-praha,ro,service,yes,0,1,0,1,,,,,,,URL Inspection not sampled
https://www.myglobalhealth.online/czechia/ro/services/lekar-online-praha,ro,service,yes,0,4,0,6.5,,,,,,,URL Inspection not sampled
https://www.myglobalhealth.online/czechia/ro/services/muzske-zdravi-online,ro,service,yes,,,,,,,,,,,URL Inspection not sampled
https://www.myglobalhealth.online/czechia/ro/services/neschopenka-online,ro,service,yes,0,16,0,5.9375,,,,,,,URL Inspection not sampled
https://www.myglobalhealth.online/czechia/ro/services/obnoveni-lecby,ro,service,yes,0,1,0,6,,,,,,,URL Inspection not sampled
https://www.myglobalhealth.online/czechia/ro/services/vypadavani-vlasu-online,ro,service,yes,,,,,,,,,,,URL Inspection not sampled
https://www.myglobalhealth.online/czechia/ro/services/zenske-zdravi-online,ro,service,yes,,,,,,,,,,,URL Inspection not sampled
https://www.myglobalhealth.online/czechia/ro/tools/adhd-test,ro,tool,yes,0,3,0,40.333333333333336,,,,,,,URL Inspection not sampled
https://www.myglobalhealth.online/czechia/ro/tools/blood-pressure-chart,ro,tool,yes,0,4,0,11.75,,,,,,,URL Inspection not sampled
https://www.myglobalhealth.online/czechia/ro/tools/bmi-calculator,ro,tool,yes,0,11,0,24.636363636363637,,,,,,,URL Inspection not sampled
https://www.myglobalhealth.online/czechia/ro/tools/calorie-calculator,ro,tool,yes,0,1,0,7,,,,,,,URL Inspection not sampled
https://www.myglobalhealth.online/czechia/ro/tools/due-date-calculator,ro,tool,yes,0,1,0,9,,,,,,,URL Inspection not sampled
https://www.myglobalhealth.online/czechia/ro/tools/osteoporosis-risk-checker,ro,tool,yes,,,,,,,,,,,URL Inspection not sampled
https://www.myglobalhealth.online/czechia/ro/tools/ovulation-calculator,ro,tool,yes,0,1,0,30,,,,,,,URL Inspection not sampled

